[
  {
    "subjectNotes": null,
    "courseNumber": "564",
    "subject": "799",
    "campusCode": "NK",
    "openSections": 1,
    "synopsisUrl": "http://www.business.rutgers.edu/current-students/mba/scm/courses",
    "subjectGroupNotes": null,
    "offeringUnitCode": "22",
    "offeringUnitTitle": null,
    "title": "OPERATIONS ANALYS-FT",
    "courseDescription": null,
    "preReqNotes": null,
    "sections": [
      {
        "sectionEligibility": null,
        "sessionDatePrintIndicator": "N",
        "examCode": "A",
        "specialPermissionAddCode": null,
        "crossListedSections": [],
        "sectionNotes": null,
        "specialPermissionDropCode": null,
        "instructors": [
          {
            "name": "DING, XIN"
          }
        ],
        "number": "10",
        "majors": [
          {
            "code": "054",
            "isUnitCode": false,
            "isMajorCode": true
          }
        ],
        "sessionDates": null,
        "specialPermissionDropCodeDescription": null,
        "subtopic": null,
        "openStatus": true,
        "comments": [
          {
            "code": "05",
            "description": "Go to http://canvas.rutgers.edu"
          }
        ],
        "minors": [],
        "campusCode": "NK",
        "index": "01899",
        "unitMajors": [],
        "printed": "Y",
        "specialPermissionAddCodeDescription": null,
        "subtitle": null,
        "meetingTimes": [
          {
            "campusLocation": "7",
            "baClassHours": null,
            "roomNumber": "503",
            "pmCode": "A",
            "campusAbbrev": "NWK",
            "campusName": "NEWARK",
            "meetingDay": "W",
            "buildingCode": "1WP",
            "startTime": "1000",
            "endTime": "0200",
            "meetingModeDesc": "LEC",
            "meetingModeCode": "02"
          }
        ],
        "legendKey": null,
        "honorPrograms": []
      }
    ],
    "supplementCode": "  ",
    "credits": 3,
    "unitNotes": null,
    "coreCodes": [],
    "courseNotes": null,
    "expandedTitle": "OPERATIONS ANALYSIS - FULL TIME                                                 "
  },
  {
    "subjectNotes": null,
    "courseNumber": "580",
    "subject": "799",
    "campusCode": "NK",
    "openSections": 0,
    "synopsisUrl": "http://www.business.rutgers.edu/current-students/mba/scm/courses",
    "subjectGroupNotes": null,
    "offeringUnitCode": "22",
    "offeringUnitTitle": null,
    "title": "OPERATIONS ANALYSIS",
    "courseDescription": null,
    "preReqNotes": "(22:135:571 )<em> AND </em>(22:135:572 )",
    "sections": [
      {
        "sectionEligibility": null,
        "sessionDatePrintIndicator": "N",
        "examCode": "A",
        "specialPermissionAddCode": null,
        "crossListedSections": [],
        "sectionNotes": null,
        "specialPermissionDropCode": null,
        "instructors": [
          {
            "name": "BAVEJA, ALOK"
          }
        ],
        "number": "41",
        "majors": [
          {
            "code": "135",
            "isUnitCode": false,
            "isMajorCode": true
          }
        ],
        "sessionDates": null,
        "specialPermissionDropCodeDescription": null,
        "subtopic": null,
        "openStatus": false,
        "comments": [
          {
            "code": "05",
            "description": "Go to http://canvas.rutgers.edu"
          },
          {
            "code": "56",
            "description": "Online Course"
          }
        ],
        "minors": [],
        "campusCode": "NK",
        "index": "01900",
        "unitMajors": [],
        "printed": "Y",
        "specialPermissionAddCodeDescription": null,
        "subtitle": null,
        "meetingTimes": [
          {
            "campusLocation": "7",
            "baClassHours": "B",
            "roomNumber": null,
            "pmCode": null,
            "campusAbbrev": "NWK",
            "campusName": "NEWARK",
            "meetingDay": null,
            "buildingCode": null,
            "startTime": null,
            "endTime": null,
            "meetingModeDesc": "ONLINE INSTRUCTION(INTERNET)",
            "meetingModeCode": "90"
          }
        ],
        "legendKey": null,
        "honorPrograms": []
      }
    ],
    "supplementCode": "  ",
    "credits": 3,
    "unitNotes": null,
    "coreCodes": [],
    "courseNotes": null,
    "expandedTitle": null
  },
  {
    "subjectNotes": null,
    "courseNumber": "581",
    "subject": "799",
    "campusCode": "NK",
    "openSections": 1,
    "synopsisUrl": "http://www.business.rutgers.edu/current-students/mba/scm/courses",
    "subjectGroupNotes": null,
    "offeringUnitCode": "22",
    "offeringUnitTitle": null,
    "title": "SUPPLY CHAIN MGT ST",
    "courseDescription": null,
    "preReqNotes": null,
    "sections": [
      {
        "sectionEligibility": null,
        "sessionDatePrintIndicator": "N",
        "examCode": "A",
        "specialPermissionAddCode": null,
        "crossListedSections": [],
        "sectionNotes": "EMBA",
        "specialPermissionDropCode": null,
        "instructors": [
          {
            "name": "SHARMA, PAVAN"
          }
        ],
        "number": "70",
        "majors": [
          {
            "code": "385",
            "isUnitCode": false,
            "isMajorCode": true
          }
        ],
        "sessionDates": null,
        "specialPermissionDropCodeDescription": null,
        "subtopic": null,
        "openStatus": true,
        "comments": [
          {
            "code": "05",
            "description": "Go to http://canvas.rutgers.edu"
          }
        ],
        "minors": [],
        "campusCode": "NK",
        "index": "01901",
        "unitMajors": [],
        "printed": "N",
        "specialPermissionAddCodeDescription": null,
        "subtitle": null,
        "meetingTimes": [
          {
            "campusLocation": "7",
            "baClassHours": "B",
            "roomNumber": null,
            "pmCode": null,
            "campusAbbrev": "NWK",
            "campusName": "NEWARK",
            "meetingDay": null,
            "buildingCode": null,
            "startTime": null,
            "endTime": null,
            "meetingModeDesc": "LEC",
            "meetingModeCode": "02"
          }
        ],
        "legendKey": null,
        "honorPrograms": []
      }
    ],
    "supplementCode": "  ",
    "credits": 3,
    "unitNotes": null,
    "coreCodes": [],
    "courseNotes": null,
    "expandedTitle": "SUPPLY CHAIN MANAGEMENT STRATEGIES                                              "
  },
  {
    "subjectNotes": null,
    "courseNumber": "586",
    "subject": "799",
    "campusCode": "NK",
    "openSections": 1,
    "synopsisUrl": "http://www.business.rutgers.edu/current-students/mba/scm/courses",
    "subjectGroupNotes": null,
    "offeringUnitCode": "22",
    "offeringUnitTitle": null,
    "title": "OPERATIONS ANALYS MS",
    "courseDescription": null,
    "preReqNotes": null,
    "sections": [
      {
        "sectionEligibility": null,
        "sessionDatePrintIndicator": "N",
        "examCode": "A",
        "specialPermissionAddCode": null,
        "crossListedSections": [],
        "sectionNotes": "MS IN SCM PROGRAM ONLY",
        "specialPermissionDropCode": null,
        "instructors": [
          {
            "name": "CHEN, WEIWEI"
          }
        ],
        "number": "98",
        "majors": [
          {
            "code": "795",
            "isUnitCode": false,
            "isMajorCode": true
          }
        ],
        "sessionDates": null,
        "specialPermissionDropCodeDescription": null,
        "subtopic": null,
        "openStatus": true,
        "comments": [
          {
            "code": "05",
            "description": "Go to http://canvas.rutgers.edu"
          },
          {
            "code": "56",
            "description": "Online Course"
          }
        ],
        "minors": [],
        "campusCode": "NK",
        "index": "01902",
        "unitMajors": [],
        "printed": "Y",
        "specialPermissionAddCodeDescription": null,
        "subtitle": null,
        "meetingTimes": [
          {
            "campusLocation": "7",
            "baClassHours": "B",
            "roomNumber": null,
            "pmCode": null,
            "campusAbbrev": "NWK",
            "campusName": "NEWARK",
            "meetingDay": null,
            "buildingCode": null,
            "startTime": null,
            "endTime": null,
            "meetingModeDesc": "ONLINE INSTRUCTION(INTERNET)",
            "meetingModeCode": "90"
          }
        ],
        "legendKey": null,
        "honorPrograms": []
      }
    ],
    "supplementCode": "  ",
    "credits": 3,
    "unitNotes": null,
    "coreCodes": [],
    "courseNotes": null,
    "expandedTitle": "OPERATIONS ANALYSIS MS                                                          "
  },
  {
    "subjectNotes": null,
    "courseNumber": "607",
    "subject": "799",
    "campusCode": "NK",
    "openSections": 1,
    "synopsisUrl": "http://www.business.rutgers.edu/current-students/mba/scm/courses",
    "subjectGroupNotes": null,
    "offeringUnitCode": "22",
    "offeringUnitTitle": null,
    "title": "SUPPLY CHN MGT STRAT",
    "courseDescription": null,
    "preReqNotes": null,
    "sections": [
      {
        "sectionEligibility": null,
        "sessionDatePrintIndicator": "N",
        "examCode": "A",
        "specialPermissionAddCode": null,
        "crossListedSections": [],
        "sectionNotes": null,
        "specialPermissionDropCode": null,
        "instructors": [
          {
            "name": "HELLRIEGEL"
          }
        ],
        "number": "30",
        "majors": [
          {
            "code": "135",
            "isUnitCode": false,
            "isMajorCode": true
          }
        ],
        "sessionDates": null,
        "specialPermissionDropCodeDescription": null,
        "subtopic": null,
        "openStatus": true,
        "comments": [
          {
            "code": "05",
            "description": "Go to http://canvas.rutgers.edu"
          }
        ],
        "minors": [],
        "campusCode": "NK",
        "index": "01903",
        "unitMajors": [],
        "printed": "Y",
        "specialPermissionAddCodeDescription": null,
        "subtitle": null,
        "meetingTimes": [
          {
            "campusLocation": "7",
            "baClassHours": null,
            "roomNumber": "503",
            "pmCode": "P",
            "campusAbbrev": "NWK",
            "campusName": "NEWARK",
            "meetingDay": "T",
            "buildingCode": "1WP",
            "startTime": "0100",
            "endTime": "0350",
            "meetingModeDesc": "LEC",
            "meetingModeCode": "02"
          }
        ],
        "legendKey": null,
        "honorPrograms": []
      }
    ],
    "supplementCode": "  ",
    "credits": 3,
    "unitNotes": null,
    "coreCodes": [],
    "courseNotes": null,
    "expandedTitle": "SUPPLY CHAIN MANAGEMENT STRATEGIES                                              "
  },
  {
    "subjectNotes": null,
    "courseNumber": "608",
    "subject": "799",
    "campusCode": "NK",
    "openSections": 1,
    "synopsisUrl": "http://www.business.rutgers.edu/current-students/mba/scm/courses",
    "subjectGroupNotes": null,
    "offeringUnitCode": "22",
    "offeringUnitTitle": null,
    "title": "PROCURMNT MGT&GLOBAL",
    "courseDescription": null,
    "preReqNotes": null,
    "sections": [
      {
        "sectionEligibility": null,
        "sessionDatePrintIndicator": "N",
        "examCode": "A",
        "specialPermissionAddCode": null,
        "crossListedSections": [],
        "sectionNotes": null,
        "specialPermissionDropCode": null,
        "instructors": [
          {
            "name": "COHEN, WARREN"
          }
        ],
        "number": "30",
        "majors": [
          {
            "code": "135",
            "isUnitCode": false,
            "isMajorCode": true
          }
        ],
        "sessionDates": null,
        "specialPermissionDropCodeDescription": null,
        "subtopic": null,
        "openStatus": true,
        "comments": [
          {
            "code": "05",
            "description": "Go to http://canvas.rutgers.edu"
          }
        ],
        "minors": [],
        "campusCode": "NK",
        "index": "01905",
        "unitMajors": [],
        "printed": "Y",
        "specialPermissionAddCodeDescription": null,
        "subtitle": null,
        "meetingTimes": [
          {
            "campusLocation": "7",
            "baClassHours": null,
            "roomNumber": "502",
            "pmCode": "P",
            "campusAbbrev": "NWK",
            "campusName": "NEWARK",
            "meetingDay": "TH",
            "buildingCode": "1WP",
            "startTime": "0100",
            "endTime": "0350",
            "meetingModeDesc": "LEC",
            "meetingModeCode": "02"
          }
        ],
        "legendKey": null,
        "honorPrograms": []
      }
    ],
    "supplementCode": "  ",
    "credits": 3,
    "unitNotes": null,
    "coreCodes": [],
    "courseNotes": null,
    "expandedTitle": "PROCUREMENT & GLOBAL SOURCING                                                   "
  },
  {
    "subjectNotes": null,
    "courseNumber": "610",
    "subject": "799",
    "campusCode": "NK",
    "openSections": 1,
    "synopsisUrl": "http://www.business.rutgers.edu/current-students/mba/scm/courses",
    "subjectGroupNotes": null,
    "offeringUnitCode": "22",
    "offeringUnitTitle": null,
    "title": "SC MGMT STRATEGY MS",
    "courseDescription": null,
    "preReqNotes": null,
    "sections": [
      {
        "sectionEligibility": null,
        "sessionDatePrintIndicator": "N",
        "examCode": "A",
        "specialPermissionAddCode": null,
        "crossListedSections": [],
        "sectionNotes": "MS IN SCM PROGRAM ONLY",
        "specialPermissionDropCode": null,
        "instructors": [
          {
            "name": "LEUSCHNER"
          }
        ],
        "number": "99",
        "majors": [
          {
            "code": "795",
            "isUnitCode": false,
            "isMajorCode": true
          }
        ],
        "sessionDates": null,
        "specialPermissionDropCodeDescription": null,
        "subtopic": null,
        "openStatus": true,
        "comments": [
          {
            "code": "05",
            "description": "Go to http://canvas.rutgers.edu"
          },
          {
            "code": "56",
            "description": "Online Course"
          }
        ],
        "minors": [],
        "campusCode": "NK",
        "index": "01906",
        "unitMajors": [],
        "printed": "Y",
        "specialPermissionAddCodeDescription": null,
        "subtitle": null,
        "meetingTimes": [
          {
            "campusLocation": "7",
            "baClassHours": "B",
            "roomNumber": null,
            "pmCode": null,
            "campusAbbrev": "NWK",
            "campusName": "NEWARK",
            "meetingDay": null,
            "buildingCode": null,
            "startTime": null,
            "endTime": null,
            "meetingModeDesc": "ONLINE INSTRUCTION(INTERNET)",
            "meetingModeCode": "90"
          }
        ],
        "legendKey": null,
        "honorPrograms": []
      }
    ],
    "supplementCode": "  ",
    "credits": 3,
    "unitNotes": null,
    "coreCodes": [],
    "courseNotes": null,
    "expandedTitle": "SUPPLY CHAIN MANAGEMENT STRATEGIES-     MASTERS OF SCIENCE                      "
  },
  {
    "subjectNotes": null,
    "courseNumber": "618",
    "subject": "799",
    "campusCode": "NK",
    "openSections": 1,
    "synopsisUrl": "http://www.business.rutgers.edu/current-students/mba/scm/courses",
    "subjectGroupNotes": null,
    "offeringUnitCode": "22",
    "offeringUnitTitle": null,
    "title": "GLOB PROC&SUPPLY MS",
    "courseDescription": null,
    "preReqNotes": null,
    "sections": [
      {
        "sectionEligibility": null,
        "sessionDatePrintIndicator": "N",
        "examCode": "A",
        "specialPermissionAddCode": null,
        "crossListedSections": [],
        "sectionNotes": "MASTERS OF SCM PROGRAMONLY",
        "specialPermissionDropCode": null,
        "instructors": [
          {
            "name": "AZADEGAN, ARASH"
          }
        ],
        "number": "99",
        "majors": [
          {
            "code": "795",
            "isUnitCode": false,
            "isMajorCode": true
          }
        ],
        "sessionDates": null,
        "specialPermissionDropCodeDescription": null,
        "subtopic": null,
        "openStatus": true,
        "comments": [
          {
            "code": "05",
            "description": "Go to http://canvas.rutgers.edu"
          },
          {
            "code": "56",
            "description": "Online Course"
          }
        ],
        "minors": [],
        "campusCode": "NK",
        "index": "01907",
        "unitMajors": [],
        "printed": "Y",
        "specialPermissionAddCodeDescription": null,
        "subtitle": null,
        "meetingTimes": [
          {
            "campusLocation": "7",
            "baClassHours": "B",
            "roomNumber": null,
            "pmCode": null,
            "campusAbbrev": "NWK",
            "campusName": "NEWARK",
            "meetingDay": null,
            "buildingCode": null,
            "startTime": null,
            "endTime": null,
            "meetingModeDesc": "ONLINE INSTRUCTION(INTERNET)",
            "meetingModeCode": "90"
          }
        ],
        "legendKey": null,
        "honorPrograms": []
      }
    ],
    "supplementCode": "  ",
    "credits": 3,
    "unitNotes": null,
    "coreCodes": [],
    "courseNotes": null,
    "expandedTitle": "GLOBAL PROCUREMENT&SUPPY STRATEGIES-    MASTERS OF SCIENCE                      "
  },
  {
    "subjectNotes": null,
    "courseNumber": "639",
    "subject": "799",
    "campusCode": "NK",
    "openSections": 0,
    "synopsisUrl": "http://www.business.rutgers.edu/current-students/mba/scm/courses",
    "subjectGroupNotes": null,
    "offeringUnitCode": "22",
    "offeringUnitTitle": null,
    "title": "RISK & DISRPT MGT MS",
    "courseDescription": null,
    "preReqNotes": null,
    "sections": [
      {
        "sectionEligibility": null,
        "sessionDatePrintIndicator": "N",
        "examCode": "A",
        "specialPermissionAddCode": null,
        "crossListedSections": [],
        "sectionNotes": "MS IN SCM PROGRAM ONLY",
        "specialPermissionDropCode": null,
        "instructors": [
          {
            "name": "KING, JAMES"
          }
        ],
        "number": "99",
        "majors": [
          {
            "code": "795",
            "isUnitCode": false,
            "isMajorCode": true
          }
        ],
        "sessionDates": null,
        "specialPermissionDropCodeDescription": null,
        "subtopic": null,
        "openStatus": false,
        "comments": [
          {
            "code": "05",
            "description": "Go to http://canvas.rutgers.edu"
          },
          {
            "code": "56",
            "description": "Online Course"
          }
        ],
        "minors": [],
        "campusCode": "NK",
        "index": "01908",
        "unitMajors": [],
        "printed": "Y",
        "specialPermissionAddCodeDescription": null,
        "subtitle": null,
        "meetingTimes": [
          {
            "campusLocation": "7",
            "baClassHours": "B",
            "roomNumber": null,
            "pmCode": null,
            "campusAbbrev": "NWK",
            "campusName": "NEWARK",
            "meetingDay": null,
            "buildingCode": null,
            "startTime": null,
            "endTime": null,
            "meetingModeDesc": "ONLINE INSTRUCTION(INTERNET)",
            "meetingModeCode": "90"
          }
        ],
        "legendKey": null,
        "honorPrograms": []
      }
    ],
    "supplementCode": "  ",
    "credits": 3,
    "unitNotes": null,
    "coreCodes": [],
    "courseNotes": null,
    "expandedTitle": "RISK & DISRUPTION MGMT MS                                                       "
  },
  {
    "subjectNotes": null,
    "courseNumber": "643",
    "subject": "799",
    "campusCode": "NK",
    "openSections": 0,
    "synopsisUrl": "http://www.business.rutgers.edu/current-students/mba/scm/courses",
    "subjectGroupNotes": null,
    "offeringUnitCode": "22",
    "offeringUnitTitle": null,
    "title": "DEMAND MGMT MS",
    "courseDescription": null,
    "preReqNotes": null,
    "sections": [
      {
        "sectionEligibility": null,
        "sessionDatePrintIndicator": "N",
        "examCode": "A",
        "specialPermissionAddCode": null,
        "crossListedSections": [],
        "sectionNotes": "MS IN SCM PROGRAM ONLY",
        "specialPermissionDropCode": null,
        "instructors": [
          {
            "name": "LEUSCHNER"
          }
        ],
        "number": "99",
        "majors": [
          {
            "code": "795",
            "isUnitCode": false,
            "isMajorCode": true
          }
        ],
        "sessionDates": null,
        "specialPermissionDropCodeDescription": null,
        "subtopic": null,
        "openStatus": false,
        "comments": [
          {
            "code": "56",
            "description": "Online Course"
          },
          {
            "code": "05",
            "description": "Go to http://canvas.rutgers.edu"
          }
        ],
        "minors": [],
        "campusCode": "NK",
        "index": "01909",
        "unitMajors": [],
        "printed": "Y",
        "specialPermissionAddCodeDescription": null,
        "subtitle": null,
        "meetingTimes": [
          {
            "campusLocation": "7",
            "baClassHours": "B",
            "roomNumber": null,
            "pmCode": null,
            "campusAbbrev": "NWK",
            "campusName": "NEWARK",
            "meetingDay": null,
            "buildingCode": null,
            "startTime": null,
            "endTime": null,
            "meetingModeDesc": "ONLINE INSTRUCTION(INTERNET)",
            "meetingModeCode": "90"
          }
        ],
        "legendKey": null,
        "honorPrograms": []
      }
    ],
    "supplementCode": "  ",
    "credits": 3,
    "unitNotes": null,
    "coreCodes": [],
    "courseNotes": null,
    "expandedTitle": "DEMAND MANAGEMENT MS                                                            "
  },
  {
    "subjectNotes": null,
    "courseNumber": "650",
    "subject": "799",
    "campusCode": "NK",
    "openSections": 1,
    "synopsisUrl": "http://www.business.rutgers.edu/current-students/mba/scm/courses",
    "subjectGroupNotes": null,
    "offeringUnitCode": "22",
    "offeringUnitTitle": null,
    "title": "SCM CLIENT PROJECT",
    "courseDescription": null,
    "preReqNotes": "(22:799:564 )<em> OR </em>(22:799:580 )<em> OR </em>(22:799:586 )",
    "sections": [
      {
        "sectionEligibility": null,
        "sessionDatePrintIndicator": "N",
        "examCode": "A",
        "specialPermissionAddCode": null,
        "crossListedSections": [],
        "sectionNotes": null,
        "specialPermissionDropCode": null,
        "instructors": [
          {
            "name": "RESNICK, LEE"
          }
        ],
        "number": "30",
        "majors": [
          {
            "code": "135",
            "isUnitCode": false,
            "isMajorCode": true
          }
        ],
        "sessionDates": null,
        "specialPermissionDropCodeDescription": null,
        "subtopic": null,
        "openStatus": true,
        "comments": [
          {
            "code": "05",
            "description": "Go to http://canvas.rutgers.edu"
          }
        ],
        "minors": [],
        "campusCode": "NK",
        "index": "01911",
        "unitMajors": [],
        "printed": "Y",
        "specialPermissionAddCodeDescription": null,
        "subtitle": null,
        "meetingTimes": [
          {
            "campusLocation": "7",
            "baClassHours": null,
            "roomNumber": "503",
            "pmCode": "P",
            "campusAbbrev": "NWK",
            "campusName": "NEWARK",
            "meetingDay": "W",
            "buildingCode": "1WP",
            "startTime": "0600",
            "endTime": "0900",
            "meetingModeDesc": "LEC",
            "meetingModeCode": "02"
          }
        ],
        "legendKey": null,
        "honorPrograms": []
      }
    ],
    "supplementCode": "  ",
    "credits": 3,
    "unitNotes": null,
    "coreCodes": [],
    "courseNotes": null,
    "expandedTitle": null
  },
  {
    "subjectNotes": null,
    "courseNumber": "661",
    "subject": "799",
    "campusCode": "NK",
    "openSections": 2,
    "synopsisUrl": "http://www.business.rutgers.edu/current-students/mba/scm/courses",
    "subjectGroupNotes": null,
    "offeringUnitCode": "22",
    "offeringUnitTitle": null,
    "title": "PROJECT MANAGEMENT",
    "courseDescription": null,
    "preReqNotes": null,
    "sections": [
      {
        "sectionEligibility": null,
        "sessionDatePrintIndicator": "N",
        "examCode": "A",
        "specialPermissionAddCode": null,
        "crossListedSections": [],
        "sectionNotes": null,
        "specialPermissionDropCode": null,
        "instructors": [],
        "number": "30",
        "majors": [
          {
            "code": "135",
            "isUnitCode": false,
            "isMajorCode": true
          }
        ],
        "sessionDates": null,
        "specialPermissionDropCodeDescription": null,
        "subtopic": null,
        "openStatus": true,
        "comments": [
          {
            "code": "63",
            "description": "Hybrid"
          },
          {
            "code": "05",
            "description": "Go to http://canvas.rutgers.edu"
          }
        ],
        "minors": [],
        "campusCode": "NK",
        "index": "01912",
        "unitMajors": [],
        "printed": "Y",
        "specialPermissionAddCodeDescription": null,
        "subtitle": null,
        "meetingTimes": [
          {
            "campusLocation": "7",
            "baClassHours": "B",
            "roomNumber": null,
            "pmCode": null,
            "campusAbbrev": "NWK",
            "campusName": "NEWARK",
            "meetingDay": null,
            "buildingCode": null,
            "startTime": null,
            "endTime": null,
            "meetingModeDesc": "HYBRID SECTION",
            "meetingModeCode": "91"
          },
          {
            "campusLocation": "7",
            "baClassHours": null,
            "roomNumber": "503",
            "pmCode": "A",
            "campusAbbrev": "NWK",
            "campusName": "NEWARK",
            "meetingDay": "F",
            "buildingCode": "1WP",
            "startTime": "1000",
            "endTime": "1250",
            "meetingModeDesc": "LEC",
            "meetingModeCode": "02"
          }
        ],
        "legendKey": null,
        "honorPrograms": []
      },
      {
        "sectionEligibility": null,
        "sessionDatePrintIndicator": "N",
        "examCode": "A",
        "specialPermissionAddCode": null,
        "crossListedSections": [
          {
            "courseNumber": "661",
            "supplementCode": "  ",
            "sectionNumber": "43",
            "offeringUnitCampus": "NK",
            "primaryRegistrationIndex": "01913",
            "offeringUnitCode": "22",
            "registrationIndex": "05200",
            "subjectCode": "799"
          }
        ],
        "sectionNotes": null,
        "specialPermissionDropCode": null,
        "instructors": [
          {
            "name": "HERSZON, LEON"
          }
        ],
        "number": "42",
        "majors": [
          {
            "code": "135",
            "isUnitCode": false,
            "isMajorCode": true
          }
        ],
        "sessionDates": null,
        "specialPermissionDropCodeDescription": null,
        "subtopic": null,
        "openStatus": true,
        "comments": [
          {
            "code": "05",
            "description": "Go to http://canvas.rutgers.edu"
          }
        ],
        "minors": [],
        "campusCode": "NK",
        "index": "01913",
        "unitMajors": [],
        "printed": "Y",
        "specialPermissionAddCodeDescription": null,
        "subtitle": null,
        "meetingTimes": [
          {
            "campusLocation": "7",
            "baClassHours": null,
            "roomNumber": "464",
            "pmCode": "P",
            "campusAbbrev": "NWK",
            "campusName": "NEWARK",
            "meetingDay": "W",
            "buildingCode": "1WP",
            "startTime": "0600",
            "endTime": "0900",
            "meetingModeDesc": "LEC",
            "meetingModeCode": "02"
          }
        ],
        "legendKey": null,
        "honorPrograms": []
      },
      {
        "sectionEligibility": null,
        "sessionDatePrintIndicator": "N",
        "examCode": "A",
        "specialPermissionAddCode": null,
        "crossListedSections": [
          {
            "courseNumber": "661",
            "supplementCode": "  ",
            "sectionNumber": "42",
            "offeringUnitCampus": "NK",
            "primaryRegistrationIndex": "05200",
            "offeringUnitCode": "22",
            "registrationIndex": "01913",
            "subjectCode": "799"
          }
        ],
        "sectionNotes": null,
        "specialPermissionDropCode": null,
        "instructors": [
          {
            "name": "HERSZON, LEON"
          }
        ],
        "number": "43",
        "majors": [
          {
            "code": "544",
            "isUnitCode": false,
            "isMajorCode": true
          }
        ],
        "sessionDates": null,
        "specialPermissionDropCodeDescription": null,
        "subtopic": null,
        "openStatus": false,
        "comments": [],
        "minors": [],
        "campusCode": "NK",
        "index": "05200",
        "unitMajors": [],
        "printed": "Y",
        "specialPermissionAddCodeDescription": null,
        "subtitle": null,
        "meetingTimes": [
          {
            "campusLocation": "7",
            "baClassHours": null,
            "roomNumber": "464",
            "pmCode": "P",
            "campusAbbrev": "NWK",
            "campusName": "NEWARK",
            "meetingDay": "W",
            "buildingCode": "1WP",
            "startTime": "0600",
            "endTime": "0900",
            "meetingModeDesc": "LEC",
            "meetingModeCode": "02"
          }
        ],
        "legendKey": null,
        "honorPrograms": []
      }
    ],
    "supplementCode": "  ",
    "credits": 3,
    "unitNotes": null,
    "coreCodes": [],
    "courseNotes": null,
    "expandedTitle": null
  },
  {
    "subjectNotes": null,
    "courseNumber": "680",
    "subject": "799",
    "campusCode": "NK",
    "openSections": 1,
    "synopsisUrl": "http://www.business.rutgers.edu/current-students/mba/scm/courses",
    "subjectGroupNotes": null,
    "offeringUnitCode": "22",
    "offeringUnitTitle": null,
    "title": "TPC:SC MGMT TRENDS",
    "courseDescription": null,
    "preReqNotes": null,
    "sections": [
      {
        "sectionEligibility": null,
        "sessionDatePrintIndicator": "N",
        "examCode": "A",
        "specialPermissionAddCode": null,
        "crossListedSections": [],
        "sectionNotes": "MS IN SCM PROGRAM ONLY",
        "specialPermissionDropCode": null,
        "instructors": [
          {
            "name": "LEUSCHNER"
          }
        ],
        "number": "99",
        "majors": [
          {
            "code": "795",
            "isUnitCode": false,
            "isMajorCode": true
          }
        ],
        "sessionDates": null,
        "specialPermissionDropCodeDescription": null,
        "subtopic": null,
        "openStatus": true,
        "comments": [
          {
            "code": "05",
            "description": "Go to http://canvas.rutgers.edu"
          },
          {
            "code": "56",
            "description": "Online Course"
          }
        ],
        "minors": [],
        "campusCode": "NK",
        "index": "01915",
        "unitMajors": [],
        "printed": "Y",
        "specialPermissionAddCodeDescription": null,
        "subtitle": "COVID RESILIENCE & RECOVERY IN SUPPLY CH",
        "meetingTimes": [
          {
            "campusLocation": "7",
            "baClassHours": null,
            "roomNumber": null,
            "pmCode": "P",
            "campusAbbrev": "NWK",
            "campusName": "NEWARK",
            "meetingDay": "T",
            "buildingCode": null,
            "startTime": "0600",
            "endTime": "0900",
            "meetingModeDesc": "ONLINE INSTRUCTION(INTERNET)",
            "meetingModeCode": "90"
          }
        ],
        "legendKey": null,
        "honorPrograms": []
      }
    ],
    "supplementCode": "  ",
    "credits": 3,
    "unitNotes": null,
    "coreCodes": [],
    "courseNotes": null,
    "expandedTitle": "SPECIAL TOPICS: SUPPLY CHAIN MGMT TRENDS                                        "
  },
  {
    "subjectNotes": null,
    "courseNumber": "689",
    "subject": "799",
    "campusCode": "NK",
    "openSections": 0,
    "synopsisUrl": "http://www.business.rutgers.edu/current-students/mba/scm/courses",
    "subjectGroupNotes": null,
    "offeringUnitCode": "22",
    "offeringUnitTitle": null,
    "title": "SC GOVERNANCE MS",
    "courseDescription": null,
    "preReqNotes": null,
    "sections": [
      {
        "sectionEligibility": null,
        "sessionDatePrintIndicator": "N",
        "examCode": "A",
        "specialPermissionAddCode": null,
        "crossListedSections": [],
        "sectionNotes": "MS IN SCM PROGRAM ONLY",
        "specialPermissionDropCode": null,
        "instructors": [
          {
            "name": "KOLBEN, KEVIN"
          }
        ],
        "number": "99",
        "majors": [
          {
            "code": "795",
            "isUnitCode": false,
            "isMajorCode": true
          }
        ],
        "sessionDates": null,
        "specialPermissionDropCodeDescription": null,
        "subtopic": null,
        "openStatus": false,
        "comments": [
          {
            "code": "05",
            "description": "Go to http://canvas.rutgers.edu"
          },
          {
            "code": "56",
            "description": "Online Course"
          }
        ],
        "minors": [],
        "campusCode": "NK",
        "index": "01916",
        "unitMajors": [],
        "printed": "Y",
        "specialPermissionAddCodeDescription": null,
        "subtitle": null,
        "meetingTimes": [
          {
            "campusLocation": "7",
            "baClassHours": "B",
            "roomNumber": null,
            "pmCode": null,
            "campusAbbrev": "NWK",
            "campusName": "NEWARK",
            "meetingDay": null,
            "buildingCode": null,
            "startTime": null,
            "endTime": null,
            "meetingModeDesc": "ONLINE INSTRUCTION(INTERNET)",
            "meetingModeCode": "90"
          }
        ],
        "legendKey": null,
        "honorPrograms": []
      }
    ],
    "supplementCode": "  ",
    "credits": 3,
    "unitNotes": null,
    "coreCodes": [],
    "courseNotes": null,
    "expandedTitle": "SUPPLY CHAIN GOVERNANCE MS                                                      "
  },
  {
    "subjectNotes": null,
    "courseNumber": "693",
    "subject": "799",
    "campusCode": "NK",
    "openSections": 1,
    "synopsisUrl": "http://www.business.rutgers.edu/current-students/mba/scm/courses",
    "subjectGroupNotes": null,
    "offeringUnitCode": "22",
    "offeringUnitTitle": null,
    "title": "PROJECT MGMT MS",
    "courseDescription": null,
    "preReqNotes": null,
    "sections": [
      {
        "sectionEligibility": null,
        "sessionDatePrintIndicator": "N",
        "examCode": "A",
        "specialPermissionAddCode": null,
        "crossListedSections": [],
        "sectionNotes": "MS IN SCM PROGRAM ONLY",
        "specialPermissionDropCode": null,
        "instructors": [
          {
            "name": "GERLOVIN, IRENE"
          }
        ],
        "number": "99",
        "majors": [
          {
            "code": "795",
            "isUnitCode": false,
            "isMajorCode": true
          }
        ],
        "sessionDates": null,
        "specialPermissionDropCodeDescription": null,
        "subtopic": null,
        "openStatus": true,
        "comments": [
          {
            "code": "05",
            "description": "Go to http://canvas.rutgers.edu"
          },
          {
            "code": "56",
            "description": "Online Course"
          }
        ],
        "minors": [],
        "campusCode": "NK",
        "index": "01917",
        "unitMajors": [],
        "printed": "Y",
        "specialPermissionAddCodeDescription": null,
        "subtitle": null,
        "meetingTimes": [
          {
            "campusLocation": "7",
            "baClassHours": "B",
            "roomNumber": null,
            "pmCode": null,
            "campusAbbrev": "NWK",
            "campusName": "NEWARK",
            "meetingDay": null,
            "buildingCode": null,
            "startTime": null,
            "endTime": null,
            "meetingModeDesc": "ONLINE INSTRUCTION(INTERNET)",
            "meetingModeCode": "90"
          }
        ],
        "legendKey": null,
        "honorPrograms": []
      }
    ],
    "supplementCode": "  ",
    "credits": 3,
    "unitNotes": null,
    "coreCodes": [],
    "courseNotes": null,
    "expandedTitle": "PROJECT MANAGEMENT MS                                                           "
  },
  {
    "subjectNotes": null,
    "courseNumber": "698",
    "subject": "799",
    "campusCode": "NK",
    "openSections": 1,
    "synopsisUrl": "http://www.business.rutgers.edu/current-students/mba/scm/courses",
    "subjectGroupNotes": null,
    "offeringUnitCode": "22",
    "offeringUnitTitle": null,
    "title": "GLBL LOGSTICS MGT MS",
    "courseDescription": null,
    "preReqNotes": null,
    "sections": [
      {
        "sectionEligibility": null,
        "sessionDatePrintIndicator": "N",
        "examCode": "A",
        "specialPermissionAddCode": null,
        "crossListedSections": [],
        "sectionNotes": "MASTERS OF SCIENCE IN SCMSTUDENTS ONLY",
        "specialPermissionDropCode": null,
        "instructors": [
          {
            "name": "O'MALLEY"
          }
        ],
        "number": "99",
        "majors": [
          {
            "code": "795",
            "isUnitCode": false,
            "isMajorCode": true
          }
        ],
        "sessionDates": null,
        "specialPermissionDropCodeDescription": null,
        "subtopic": null,
        "openStatus": true,
        "comments": [
          {
            "code": "56",
            "description": "Online Course"
          },
          {
            "code": "05",
            "description": "Go to http://canvas.rutgers.edu"
          }
        ],
        "minors": [],
        "campusCode": "NK",
        "index": "01918",
        "unitMajors": [],
        "printed": "Y",
        "specialPermissionAddCodeDescription": null,
        "subtitle": null,
        "meetingTimes": [
          {
            "campusLocation": "7",
            "baClassHours": "B",
            "roomNumber": null,
            "pmCode": null,
            "campusAbbrev": "NWK",
            "campusName": "NEWARK",
            "meetingDay": null,
            "buildingCode": null,
            "startTime": null,
            "endTime": null,
            "meetingModeDesc": "ONLINE INSTRUCTION(INTERNET)",
            "meetingModeCode": "90"
          }
        ],
        "legendKey": null,
        "honorPrograms": []
      }
    ],
    "supplementCode": "  ",
    "credits": 3,
    "unitNotes": null,
    "coreCodes": [],
    "courseNotes": null,
    "expandedTitle": "GLOBAL LOGISTICS MGMT MS                                                        "
  },
  {
    "subjectNotes": null,
    "courseNumber": "660",
    "subject": "799",
    "campusCode": "NK",
    "openSections": 1,
    "synopsisUrl": null,
    "subjectGroupNotes": null,
    "offeringUnitCode": "26",
    "offeringUnitTitle": null,
    "title": "SC MODELING & ALGO",
    "courseDescription": null,
    "preReqNotes": null,
    "sections": [
      {
        "sectionEligibility": null,
        "sessionDatePrintIndicator": "N",
        "examCode": "A",
        "specialPermissionAddCode": null,
        "crossListedSections": [],
        "sectionNotes": null,
        "specialPermissionDropCode": null,
        "instructors": [
          {
            "name": "QI, LIAN"
          }
        ],
        "number": "01",
        "majors": [
          {
            "code": "620",
            "isUnitCode": false,
            "isMajorCode": true
          }
        ],
        "sessionDates": null,
        "specialPermissionDropCodeDescription": null,
        "subtopic": null,
        "openStatus": true,
        "comments": [],
        "minors": [],
        "campusCode": "NK",
        "index": "18699",
        "unitMajors": [],
        "printed": "Y",
        "specialPermissionAddCodeDescription": null,
        "subtitle": null,
        "meetingTimes": [
          {
            "campusLocation": "7",
            "baClassHours": null,
            "roomNumber": "528",
            "pmCode": "A",
            "campusAbbrev": "NWK",
            "campusName": "NEWARK",
            "meetingDay": "TH",
            "buildingCode": "1WP",
            "startTime": "1000",
            "endTime": "1250",
            "meetingModeDesc": "LEC",
            "meetingModeCode": "02"
          }
        ],
        "legendKey": null,
        "honorPrograms": []
      }
    ],
    "supplementCode": "  ",
    "credits": 3,
    "unitNotes": null,
    "coreCodes": [],
    "courseNotes": null,
    "expandedTitle": null
  },
  {
    "subjectNotes": null,
    "courseNumber": "661",
    "subject": "799",
    "campusCode": "NK",
    "openSections": 1,
    "synopsisUrl": null,
    "subjectGroupNotes": null,
    "offeringUnitCode": "26",
    "offeringUnitTitle": null,
    "title": "STOCH METHODS IN SCM",
    "courseDescription": null,
    "preReqNotes": null,
    "sections": [
      {
        "sectionEligibility": null,
        "sessionDatePrintIndicator": "N",
        "examCode": "A",
        "specialPermissionAddCode": null,
        "crossListedSections": [],
        "sectionNotes": null,
        "specialPermissionDropCode": null,
        "instructors": [
          {
            "name": "KATEHAKIS"
          }
        ],
        "number": "01",
        "majors": [
          {
            "code": "620",
            "isUnitCode": false,
            "isMajorCode": true
          }
        ],
        "sessionDates": null,
        "specialPermissionDropCodeDescription": null,
        "subtopic": null,
        "openStatus": true,
        "comments": [
          {
            "code": "05",
            "description": "Go to http://canvas.rutgers.edu"
          }
        ],
        "minors": [],
        "campusCode": "NK",
        "index": "18702",
        "unitMajors": [],
        "printed": "Y",
        "specialPermissionAddCodeDescription": null,
        "subtitle": null,
        "meetingTimes": [
          {
            "campusLocation": "7",
            "baClassHours": null,
            "roomNumber": "502",
            "pmCode": "P",
            "campusAbbrev": "NWK",
            "campusName": "NEWARK",
            "meetingDay": "W",
            "buildingCode": "1WP",
            "startTime": "0100",
            "endTime": "0350",
            "meetingModeDesc": "LEC",
            "meetingModeCode": "02"
          }
        ],
        "legendKey": null,
        "honorPrograms": []
      }
    ],
    "supplementCode": "  ",
    "credits": 3,
    "unitNotes": null,
    "coreCodes": [],
    "courseNotes": null,
    "expandedTitle": null
  },
  {
    "subjectNotes": null,
    "courseNumber": "686",
    "subject": "799",
    "campusCode": "NK",
    "openSections": 3,
    "synopsisUrl": null,
    "subjectGroupNotes": null,
    "offeringUnitCode": "26",
    "offeringUnitTitle": null,
    "title": "1ST EARLY RES SCM",
    "courseDescription": null,
    "preReqNotes": null,
    "sections": [
      {
        "sectionEligibility": null,
        "sessionDatePrintIndicator": "N",
        "examCode": "A",
        "specialPermissionAddCode": null,
        "crossListedSections": [],
        "sectionNotes": null,
        "specialPermissionDropCode": null,
        "instructors": [],
        "number": "01",
        "majors": [
          {
            "code": "620",
            "isUnitCode": false,
            "isMajorCode": true
          }
        ],
        "sessionDates": null,
        "specialPermissionDropCodeDescription": null,
        "subtopic": null,
        "openStatus": true,
        "comments": [],
        "minors": [],
        "campusCode": "NK",
        "index": "02705",
        "unitMajors": [],
        "printed": "Y",
        "specialPermissionAddCodeDescription": null,
        "subtitle": null,
        "meetingTimes": [
          {
            "campusLocation": "7",
            "baClassHours": "B",
            "roomNumber": null,
            "pmCode": null,
            "campusAbbrev": "NWK",
            "campusName": "NEWARK",
            "meetingDay": null,
            "buildingCode": null,
            "startTime": null,
            "endTime": null,
            "meetingModeDesc": "RSCH-MA",
            "meetingModeCode": "23"
          }
        ],
        "legendKey": null,
        "honorPrograms": []
      },
      {
        "sectionEligibility": null,
        "sessionDatePrintIndicator": "N",
        "examCode": "A",
        "specialPermissionAddCode": null,
        "crossListedSections": [],
        "sectionNotes": null,
        "specialPermissionDropCode": null,
        "instructors": [],
        "number": "02",
        "majors": [
          {
            "code": "620",
            "isUnitCode": false,
            "isMajorCode": true
          }
        ],
        "sessionDates": null,
        "specialPermissionDropCodeDescription": null,
        "subtopic": null,
        "openStatus": true,
        "comments": [],
        "minors": [],
        "campusCode": "NK",
        "index": "02706",
        "unitMajors": [],
        "printed": "Y",
        "specialPermissionAddCodeDescription": null,
        "subtitle": null,
        "meetingTimes": [
          {
            "campusLocation": "7",
            "baClassHours": "B",
            "roomNumber": null,
            "pmCode": null,
            "campusAbbrev": "NWK",
            "campusName": "NEWARK",
            "meetingDay": null,
            "buildingCode": null,
            "startTime": null,
            "endTime": null,
            "meetingModeDesc": "RSCH-MA",
            "meetingModeCode": "23"
          }
        ],
        "legendKey": null,
        "honorPrograms": []
      },
      {
        "sectionEligibility": null,
        "sessionDatePrintIndicator": "N",
        "examCode": "A",
        "specialPermissionAddCode": null,
        "crossListedSections": [],
        "sectionNotes": null,
        "specialPermissionDropCode": null,
        "instructors": [],
        "number": "03",
        "majors": [
          {
            "code": "620",
            "isUnitCode": false,
            "isMajorCode": true
          }
        ],
        "sessionDates": null,
        "specialPermissionDropCodeDescription": null,
        "subtopic": null,
        "openStatus": true,
        "comments": [],
        "minors": [],
        "campusCode": "NK",
        "index": "02707",
        "unitMajors": [],
        "printed": "Y",
        "specialPermissionAddCodeDescription": null,
        "subtitle": null,
        "meetingTimes": [
          {
            "campusLocation": "7",
            "baClassHours": "B",
            "roomNumber": null,
            "pmCode": null,
            "campusAbbrev": "NWK",
            "campusName": "NEWARK",
            "meetingDay": null,
            "buildingCode": null,
            "startTime": null,
            "endTime": null,
            "meetingModeDesc": "RSCH-MA",
            "meetingModeCode": "23"
          }
        ],
        "legendKey": null,
        "honorPrograms": []
      }
    ],
    "supplementCode": "  ",
    "credits": 3,
    "unitNotes": null,
    "coreCodes": [],
    "courseNotes": null,
    "expandedTitle": "1ST EARLY RESEARCH IN SUPPLY CHAIN      MANAGEMENT                              "
  },
  {
    "subjectNotes": null,
    "courseNumber": "687",
    "subject": "799",
    "campusCode": "NK",
    "openSections": 4,
    "synopsisUrl": null,
    "subjectGroupNotes": null,
    "offeringUnitCode": "26",
    "offeringUnitTitle": null,
    "title": "2ND EARLY RES SCM",
    "courseDescription": null,
    "preReqNotes": null,
    "sections": [
      {
        "sectionEligibility": null,
        "sessionDatePrintIndicator": "N",
        "examCode": "A",
        "specialPermissionAddCode": null,
        "crossListedSections": [],
        "sectionNotes": null,
        "specialPermissionDropCode": null,
        "instructors": [],
        "number": "01",
        "majors": [
          {
            "code": "620",
            "isUnitCode": false,
            "isMajorCode": true
          }
        ],
        "sessionDates": null,
        "specialPermissionDropCodeDescription": null,
        "subtopic": null,
        "openStatus": true,
        "comments": [],
        "minors": [],
        "campusCode": "NK",
        "index": "02708",
        "unitMajors": [],
        "printed": "Y",
        "specialPermissionAddCodeDescription": null,
        "subtitle": null,
        "meetingTimes": [
          {
            "campusLocation": "7",
            "baClassHours": "B",
            "roomNumber": null,
            "pmCode": null,
            "campusAbbrev": "NWK",
            "campusName": "NEWARK",
            "meetingDay": null,
            "buildingCode": null,
            "startTime": null,
            "endTime": null,
            "meetingModeDesc": "RSCH-MA",
            "meetingModeCode": "23"
          }
        ],
        "legendKey": null,
        "honorPrograms": []
      },
      {
        "sectionEligibility": null,
        "sessionDatePrintIndicator": "N",
        "examCode": "A",
        "specialPermissionAddCode": null,
        "crossListedSections": [],
        "sectionNotes": null,
        "specialPermissionDropCode": null,
        "instructors": [],
        "number": "02",
        "majors": [
          {
            "code": "620",
            "isUnitCode": false,
            "isMajorCode": true
          }
        ],
        "sessionDates": null,
        "specialPermissionDropCodeDescription": null,
        "subtopic": null,
        "openStatus": true,
        "comments": [],
        "minors": [],
        "campusCode": "NK",
        "index": "02709",
        "unitMajors": [],
        "printed": "Y",
        "specialPermissionAddCodeDescription": null,
        "subtitle": null,
        "meetingTimes": [
          {
            "campusLocation": "7",
            "baClassHours": "B",
            "roomNumber": null,
            "pmCode": null,
            "campusAbbrev": "NWK",
            "campusName": "NEWARK",
            "meetingDay": null,
            "buildingCode": null,
            "startTime": null,
            "endTime": null,
            "meetingModeDesc": "RSCH-MA",
            "meetingModeCode": "23"
          }
        ],
        "legendKey": null,
        "honorPrograms": []
      },
      {
        "sectionEligibility": null,
        "sessionDatePrintIndicator": "N",
        "examCode": "A",
        "specialPermissionAddCode": null,
        "crossListedSections": [],
        "sectionNotes": null,
        "specialPermissionDropCode": null,
        "instructors": [],
        "number": "03",
        "majors": [
          {
            "code": "620",
            "isUnitCode": false,
            "isMajorCode": true
          }
        ],
        "sessionDates": null,
        "specialPermissionDropCodeDescription": null,
        "subtopic": null,
        "openStatus": true,
        "comments": [],
        "minors": [],
        "campusCode": "NK",
        "index": "02710",
        "unitMajors": [],
        "printed": "Y",
        "specialPermissionAddCodeDescription": null,
        "subtitle": null,
        "meetingTimes": [
          {
            "campusLocation": "7",
            "baClassHours": "B",
            "roomNumber": null,
            "pmCode": null,
            "campusAbbrev": "NWK",
            "campusName": "NEWARK",
            "meetingDay": null,
            "buildingCode": null,
            "startTime": null,
            "endTime": null,
            "meetingModeDesc": "RSCH-MA",
            "meetingModeCode": "23"
          }
        ],
        "legendKey": null,
        "honorPrograms": []
      },
      {
        "sectionEligibility": null,
        "sessionDatePrintIndicator": "N",
        "examCode": "A",
        "specialPermissionAddCode": null,
        "crossListedSections": [],
        "sectionNotes": null,
        "specialPermissionDropCode": null,
        "instructors": [],
        "number": "04",
        "majors": [
          {
            "code": "620",
            "isUnitCode": false,
            "isMajorCode": true
          }
        ],
        "sessionDates": null,
        "specialPermissionDropCodeDescription": null,
        "subtopic": null,
        "openStatus": true,
        "comments": [],
        "minors": [],
        "campusCode": "NK",
        "index": "02711",
        "unitMajors": [],
        "printed": "Y",
        "specialPermissionAddCodeDescription": null,
        "subtitle": null,
        "meetingTimes": [
          {
            "campusLocation": "7",
            "baClassHours": "B",
            "roomNumber": null,
            "pmCode": null,
            "campusAbbrev": "NWK",
            "campusName": "NEWARK",
            "meetingDay": null,
            "buildingCode": null,
            "startTime": null,
            "endTime": null,
            "meetingModeDesc": "RSCH-MA",
            "meetingModeCode": "23"
          }
        ],
        "legendKey": null,
        "honorPrograms": []
      }
    ],
    "supplementCode": "  ",
    "credits": 3,
    "unitNotes": null,
    "coreCodes": [],
    "courseNotes": null,
    "expandedTitle": "2ND EARLY RESEARCH IN SUPPLY CHAIN      MANAGEMENT                              "
  },
  {
    "subjectNotes": null,
    "courseNumber": "688",
    "subject": "799",
    "campusCode": "NK",
    "openSections": 1,
    "synopsisUrl": null,
    "subjectGroupNotes": null,
    "offeringUnitCode": "26",
    "offeringUnitTitle": null,
    "title": "IND STUDY SCM",
    "courseDescription": null,
    "preReqNotes": null,
    "sections": [
      {
        "sectionEligibility": null,
        "sessionDatePrintIndicator": "N",
        "examCode": "A",
        "specialPermissionAddCode": null,
        "crossListedSections": [],
        "sectionNotes": null,
        "specialPermissionDropCode": null,
        "instructors": [],
        "number": "01",
        "majors": [
          {
            "code": "620",
            "isUnitCode": false,
            "isMajorCode": true
          }
        ],
        "sessionDates": null,
        "specialPermissionDropCodeDescription": null,
        "subtopic": null,
        "openStatus": true,
        "comments": [],
        "minors": [],
        "campusCode": "NK",
        "index": "02712",
        "unitMajors": [],
        "printed": "Y",
        "specialPermissionAddCodeDescription": null,
        "subtitle": null,
        "meetingTimes": [
          {
            "campusLocation": "7",
            "baClassHours": "B",
            "roomNumber": null,
            "pmCode": null,
            "campusAbbrev": "NWK",
            "campusName": "NEWARK",
            "meetingDay": null,
            "buildingCode": null,
            "startTime": null,
            "endTime": null,
            "meetingModeDesc": "RSCH-MA",
            "meetingModeCode": "23"
          }
        ],
        "legendKey": null,
        "honorPrograms": []
      }
    ],
    "supplementCode": "  ",
    "credits": null,
    "unitNotes": null,
    "coreCodes": [],
    "courseNotes": null,
    "expandedTitle": "INDEPENDENT STUDY IN SUPPLY CHAIN       MANAGEMENT                              "
  },
  {
    "subjectNotes": null,
    "courseNumber": "689",
    "subject": "799",
    "campusCode": "NK",
    "openSections": 1,
    "synopsisUrl": null,
    "subjectGroupNotes": null,
    "offeringUnitCode": "26",
    "offeringUnitTitle": null,
    "title": "SCM RESEARCH FORUM",
    "courseDescription": null,
    "preReqNotes": null,
    "sections": [
      {
        "sectionEligibility": null,
        "sessionDatePrintIndicator": "N",
        "examCode": "A",
        "specialPermissionAddCode": null,
        "crossListedSections": [],
        "sectionNotes": null,
        "specialPermissionDropCode": null,
        "instructors": [],
        "number": "01",
        "majors": [
          {
            "code": "620",
            "isUnitCode": false,
            "isMajorCode": true
          }
        ],
        "sessionDates": null,
        "specialPermissionDropCodeDescription": null,
        "subtopic": null,
        "openStatus": true,
        "comments": [],
        "minors": [],
        "campusCode": "NK",
        "index": "02713",
        "unitMajors": [],
        "printed": "Y",
        "specialPermissionAddCodeDescription": null,
        "subtitle": null,
        "meetingTimes": [
          {
            "campusLocation": "7",
            "baClassHours": "B",
            "roomNumber": null,
            "pmCode": null,
            "campusAbbrev": "NWK",
            "campusName": "NEWARK",
            "meetingDay": null,
            "buildingCode": null,
            "startTime": null,
            "endTime": null,
            "meetingModeDesc": "SEM",
            "meetingModeCode": "04"
          }
        ],
        "legendKey": null,
        "honorPrograms": []
      }
    ],
    "supplementCode": "  ",
    "credits": 0,
    "unitNotes": null,
    "coreCodes": [],
    "courseNotes": null,
    "expandedTitle": "SUPPLY CHAIN MANAGEMENT RESEARCH FORUM                                          "
  },
  {
    "subjectNotes": null,
    "courseNumber": "799",
    "subject": "799",
    "campusCode": "NK",
    "openSections": 7,
    "synopsisUrl": null,
    "subjectGroupNotes": null,
    "offeringUnitCode": "26",
    "offeringUnitTitle": null,
    "title": "DISS RESEARCH SCM",
    "courseDescription": null,
    "preReqNotes": null,
    "sections": [
      {
        "sectionEligibility": null,
        "sessionDatePrintIndicator": "N",
        "examCode": "A",
        "specialPermissionAddCode": null,
        "crossListedSections": [],
        "sectionNotes": null,
        "specialPermissionDropCode": null,
        "instructors": [],
        "number": "01",
        "majors": [
          {
            "code": "620",
            "isUnitCode": false,
            "isMajorCode": true
          }
        ],
        "sessionDates": null,
        "specialPermissionDropCodeDescription": null,
        "subtopic": null,
        "openStatus": true,
        "comments": [],
        "minors": [],
        "campusCode": "NK",
        "index": "02714",
        "unitMajors": [],
        "printed": "Y",
        "specialPermissionAddCodeDescription": null,
        "subtitle": null,
        "meetingTimes": [
          {
            "campusLocation": "7",
            "baClassHours": "B",
            "roomNumber": null,
            "pmCode": null,
            "campusAbbrev": "NWK",
            "campusName": "NEWARK",
            "meetingDay": null,
            "buildingCode": null,
            "startTime": null,
            "endTime": null,
            "meetingModeDesc": "RSCH-MA",
            "meetingModeCode": "23"
          }
        ],
        "legendKey": null,
        "honorPrograms": []
      },
      {
        "sectionEligibility": null,
        "sessionDatePrintIndicator": "N",
        "examCode": "A",
        "specialPermissionAddCode": null,
        "crossListedSections": [],
        "sectionNotes": null,
        "specialPermissionDropCode": null,
        "instructors": [],
        "number": "02",
        "majors": [
          {
            "code": "620",
            "isUnitCode": false,
            "isMajorCode": true
          }
        ],
        "sessionDates": null,
        "specialPermissionDropCodeDescription": null,
        "subtopic": null,
        "openStatus": true,
        "comments": [],
        "minors": [],
        "campusCode": "NK",
        "index": "02715",
        "unitMajors": [],
        "printed": "Y",
        "specialPermissionAddCodeDescription": null,
        "subtitle": null,
        "meetingTimes": [
          {
            "campusLocation": "7",
            "baClassHours": "B",
            "roomNumber": null,
            "pmCode": null,
            "campusAbbrev": "NWK",
            "campusName": "NEWARK",
            "meetingDay": null,
            "buildingCode": null,
            "startTime": null,
            "endTime": null,
            "meetingModeDesc": "RSCH-MA",
            "meetingModeCode": "23"
          }
        ],
        "legendKey": null,
        "honorPrograms": []
      },
      {
        "sectionEligibility": null,
        "sessionDatePrintIndicator": "N",
        "examCode": "A",
        "specialPermissionAddCode": null,
        "crossListedSections": [],
        "sectionNotes": null,
        "specialPermissionDropCode": null,
        "instructors": [],
        "number": "03",
        "majors": [
          {
            "code": "620",
            "isUnitCode": false,
            "isMajorCode": true
          }
        ],
        "sessionDates": null,
        "specialPermissionDropCodeDescription": null,
        "subtopic": null,
        "openStatus": true,
        "comments": [],
        "minors": [],
        "campusCode": "NK",
        "index": "02716",
        "unitMajors": [],
        "printed": "Y",
        "specialPermissionAddCodeDescription": null,
        "subtitle": null,
        "meetingTimes": [
          {
            "campusLocation": "7",
            "baClassHours": "B",
            "roomNumber": null,
            "pmCode": null,
            "campusAbbrev": "NWK",
            "campusName": "NEWARK",
            "meetingDay": null,
            "buildingCode": null,
            "startTime": null,
            "endTime": null,
            "meetingModeDesc": "RSCH-MA",
            "meetingModeCode": "23"
          }
        ],
        "legendKey": null,
        "honorPrograms": []
      },
      {
        "sectionEligibility": null,
        "sessionDatePrintIndicator": "N",
        "examCode": "A",
        "specialPermissionAddCode": null,
        "crossListedSections": [],
        "sectionNotes": null,
        "specialPermissionDropCode": null,
        "instructors": [],
        "number": "04",
        "majors": [
          {
            "code": "620",
            "isUnitCode": false,
            "isMajorCode": true
          }
        ],
        "sessionDates": null,
        "specialPermissionDropCodeDescription": null,
        "subtopic": null,
        "openStatus": true,
        "comments": [],
        "minors": [],
        "campusCode": "NK",
        "index": "02717",
        "unitMajors": [],
        "printed": "Y",
        "specialPermissionAddCodeDescription": null,
        "subtitle": null,
        "meetingTimes": [
          {
            "campusLocation": "7",
            "baClassHours": "B",
            "roomNumber": null,
            "pmCode": null,
            "campusAbbrev": "NWK",
            "campusName": "NEWARK",
            "meetingDay": null,
            "buildingCode": null,
            "startTime": null,
            "endTime": null,
            "meetingModeDesc": "RSCH-MA",
            "meetingModeCode": "23"
          }
        ],
        "legendKey": null,
        "honorPrograms": []
      },
      {
        "sectionEligibility": null,
        "sessionDatePrintIndicator": "N",
        "examCode": "A",
        "specialPermissionAddCode": null,
        "crossListedSections": [],
        "sectionNotes": null,
        "specialPermissionDropCode": null,
        "instructors": [],
        "number": "05",
        "majors": [
          {
            "code": "620",
            "isUnitCode": false,
            "isMajorCode": true
          }
        ],
        "sessionDates": null,
        "specialPermissionDropCodeDescription": null,
        "subtopic": null,
        "openStatus": true,
        "comments": [],
        "minors": [],
        "campusCode": "NK",
        "index": "02718",
        "unitMajors": [],
        "printed": "Y",
        "specialPermissionAddCodeDescription": null,
        "subtitle": null,
        "meetingTimes": [
          {
            "campusLocation": "7",
            "baClassHours": "B",
            "roomNumber": null,
            "pmCode": null,
            "campusAbbrev": "NWK",
            "campusName": "NEWARK",
            "meetingDay": null,
            "buildingCode": null,
            "startTime": null,
            "endTime": null,
            "meetingModeDesc": "RSCH-MA",
            "meetingModeCode": "23"
          }
        ],
        "legendKey": null,
        "honorPrograms": []
      },
      {
        "sectionEligibility": null,
        "sessionDatePrintIndicator": "N",
        "examCode": "A",
        "specialPermissionAddCode": null,
        "crossListedSections": [],
        "sectionNotes": null,
        "specialPermissionDropCode": null,
        "instructors": [],
        "number": "06",
        "majors": [
          {
            "code": "620",
            "isUnitCode": false,
            "isMajorCode": true
          }
        ],
        "sessionDates": null,
        "specialPermissionDropCodeDescription": null,
        "subtopic": null,
        "openStatus": true,
        "comments": [],
        "minors": [],
        "campusCode": "NK",
        "index": "02719",
        "unitMajors": [],
        "printed": "Y",
        "specialPermissionAddCodeDescription": null,
        "subtitle": null,
        "meetingTimes": [
          {
            "campusLocation": "7",
            "baClassHours": "B",
            "roomNumber": null,
            "pmCode": null,
            "campusAbbrev": "NWK",
            "campusName": "NEWARK",
            "meetingDay": null,
            "buildingCode": null,
            "startTime": null,
            "endTime": null,
            "meetingModeDesc": "RSCH-MA",
            "meetingModeCode": "23"
          }
        ],
        "legendKey": null,
        "honorPrograms": []
      },
      {
        "sectionEligibility": null,
        "sessionDatePrintIndicator": "N",
        "examCode": "A",
        "specialPermissionAddCode": null,
        "crossListedSections": [],
        "sectionNotes": null,
        "specialPermissionDropCode": null,
        "instructors": [],
        "number": "07",
        "majors": [
          {
            "code": "620",
            "isUnitCode": false,
            "isMajorCode": true
          }
        ],
        "sessionDates": null,
        "specialPermissionDropCodeDescription": null,
        "subtopic": null,
        "openStatus": true,
        "comments": [],
        "minors": [],
        "campusCode": "NK",
        "index": "02720",
        "unitMajors": [],
        "printed": "Y",
        "specialPermissionAddCodeDescription": null,
        "subtitle": null,
        "meetingTimes": [
          {
            "campusLocation": "7",
            "baClassHours": "B",
            "roomNumber": null,
            "pmCode": null,
            "campusAbbrev": "NWK",
            "campusName": "NEWARK",
            "meetingDay": null,
            "buildingCode": null,
            "startTime": null,
            "endTime": null,
            "meetingModeDesc": "RSCH-MA",
            "meetingModeCode": "23"
          }
        ],
        "legendKey": null,
        "honorPrograms": []
      }
    ],
    "supplementCode": "  ",
    "credits": null,
    "unitNotes": null,
    "coreCodes": [],
    "courseNotes": null,
    "expandedTitle": "DISSERTATION RESEARCH IN SUPPLY CHAIN   MANAGEMENT                              "
  },
  {
    "subjectNotes": null,
    "courseNumber": "607",
    "subject": "799",
    "campusCode": "ON",
    "openSections": 1,
    "synopsisUrl": "http://www.business.rutgers.edu/current-students/mba/scm/courses",
    "subjectGroupNotes": null,
    "offeringUnitCode": "22",
    "offeringUnitTitle": null,
    "title": "SUPPLY CHN MGT STRAT",
    "courseDescription": null,
    "preReqNotes": null,
    "sections": [
      {
        "sectionEligibility": null,
        "sessionDatePrintIndicator": "N",
        "examCode": "A",
        "specialPermissionAddCode": null,
        "crossListedSections": [],
        "sectionNotes": "IEMBA03/02 - 03/10",
        "specialPermissionDropCode": null,
        "instructors": [
          {
            "name": "SHARMA, PAVAN"
          }
        ],
        "number": "75",
        "majors": [
          {
            "code": "385",
            "isUnitCode": false,
            "isMajorCode": true
          }
        ],
        "sessionDates": null,
        "specialPermissionDropCodeDescription": null,
        "subtopic": null,
        "openStatus": true,
        "comments": [
          {
            "code": "05",
            "description": "Go to http://canvas.rutgers.edu"
          }
        ],
        "minors": [],
        "campusCode": "ON",
        "index": "01904",
        "unitMajors": [],
        "printed": "N",
        "specialPermissionAddCodeDescription": null,
        "subtitle": null,
        "meetingTimes": [
          {
            "campusLocation": "Z",
            "baClassHours": "B",
            "roomNumber": null,
            "pmCode": null,
            "campusAbbrev": "OFF",
            "campusName": "OFF CAMPUS",
            "meetingDay": null,
            "buildingCode": null,
            "startTime": null,
            "endTime": null,
            "meetingModeDesc": "LEC",
            "meetingModeCode": "02"
          }
        ],
        "legendKey": null,
        "honorPrograms": []
      }
    ],
    "supplementCode": "  ",
    "credits": 3,
    "unitNotes": null,
    "coreCodes": [],
    "courseNotes": null,
    "expandedTitle": "SUPPLY CHAIN MANAGEMENT STRATEGIES                                              "
  },
  {
    "subjectNotes": null,
    "courseNumber": "645",
    "subject": "799",
    "campusCode": "ON",
    "openSections": 1,
    "synopsisUrl": "http://www.business.rutgers.edu/current-students/mba/scm/courses",
    "subjectGroupNotes": null,
    "offeringUnitCode": "22",
    "offeringUnitTitle": null,
    "title": "RISK&DSRUPT MGT FASH",
    "courseDescription": null,
    "preReqNotes": null,
    "sections": [
      {
        "sectionEligibility": null,
        "sessionDatePrintIndicator": "N",
        "examCode": "A",
        "specialPermissionAddCode": "20",
        "crossListedSections": [],
        "sectionNotes": "MS IN FASHION PROGRAMJERSEY CITY",
        "specialPermissionDropCode": null,
        "instructors": [
          {
            "name": "AZADEGAN, ARASH"
          }
        ],
        "number": "87",
        "majors": [
          {
            "code": "134",
            "isUnitCode": false,
            "isMajorCode": true
          }
        ],
        "sessionDates": null,
        "specialPermissionDropCodeDescription": null,
        "subtopic": null,
        "openStatus": true,
        "comments": [
          {
            "code": "05",
            "description": "Go to http://canvas.rutgers.edu"
          }
        ],
        "minors": [],
        "campusCode": "ON",
        "index": "01910",
        "unitMajors": [],
        "printed": "Y",
        "specialPermissionAddCodeDescription": "Program",
        "subtitle": null,
        "meetingTimes": [
          {
            "campusLocation": "Z",
            "baClassHours": null,
            "roomNumber": null,
            "pmCode": "P",
            "campusAbbrev": "OFF",
            "campusName": "OFF CAMPUS",
            "meetingDay": "W",
            "buildingCode": null,
            "startTime": "0600",
            "endTime": "0900",
            "meetingModeDesc": "LEC",
            "meetingModeCode": "02"
          }
        ],
        "legendKey": null,
        "honorPrograms": []
      }
    ],
    "supplementCode": "  ",
    "credits": 3,
    "unitNotes": null,
    "coreCodes": [],
    "courseNotes": null,
    "expandedTitle": "RISK & DISRUPTION MGMT FOR FASHION                                              "
  }
]