[
  {
    "subjectNotes": null,
    "courseNumber": "543",
    "subject": "621",
    "campusCode": "NK",
    "openSections": 2,
    "synopsisUrl": null,
    "subjectGroupNotes": null,
    "offeringUnitCode": "22",
    "offeringUnitTitle": null,
    "title": "INT BUS APP(TM CONSL",
    "courseDescription": null,
    "preReqNotes": "(22:010:577  and 22:373:628  and 22:390:587  and 22:223:581 ) <em> OR </em> (22:010:502  and 22:373:623  and 22:390:522  and 22:223:521 ) <em> OR </em> (22:630:586  and 22:799:580  and 22:620:585  and 22:630:586 ) <em> OR </em> (22:630:550  and 22:799:564  and 22:620:540  and 22:630:550 )",
    "sections": [
      {
        "sectionEligibility": null,
        "sessionDatePrintIndicator": "N",
        "examCode": "A",
        "specialPermissionAddCode": "20",
        "crossListedSections": [],
        "sectionNotes": "MUST COMPLETE 30 CREDITS &MBA CORE PRIOR TO ENROLLINGCOURSE MEETS ONLINE ON THURSDAYS",
        "specialPermissionDropCode": null,
        "instructors": [
          {
            "name": "BROWNSTONE"
          }
        ],
        "number": "41",
        "majors": [
          {
            "code": "135",
            "isUnitCode": false,
            "isMajorCode": true
          }
        ],
        "sessionDates": null,
        "specialPermissionDropCodeDescription": null,
        "subtopic": null,
        "openStatus": true,
        "comments": [
          {
            "code": "05",
            "description": "Go to http://canvas.rutgers.edu"
          },
          {
            "code": "AL",
            "description": "Course may require: Webcam, Microphone, Phone Camera or Scanner"
          }
        ],
        "minors": [],
        "campusCode": "NK",
        "index": "01869",
        "unitMajors": [],
        "printed": "Y",
        "specialPermissionAddCodeDescription": "Program",
        "subtitle": null,
        "meetingTimes": [
          {
            "campusLocation": "7",
            "baClassHours": null,
            "roomNumber": null,
            "pmCode": "P",
            "campusAbbrev": "NWK",
            "campusName": "NEWARK",
            "meetingDay": "TH",
            "buildingCode": null,
            "startTime": "0600",
            "endTime": "0900",
            "meetingModeDesc": "ONLINE INSTRUCTION(INTERNET)",
            "meetingModeCode": "90"
          }
        ],
        "legendKey": null,
        "honorPrograms": []
      },
      {
        "sectionEligibility": null,
        "sessionDatePrintIndicator": "N",
        "examCode": "A",
        "specialPermissionAddCode": null,
        "crossListedSections": [],
        "sectionNotes": "EMBA",
        "specialPermissionDropCode": null,
        "instructors": [
          {
            "name": "BROWNSTONE"
          }
        ],
        "number": "71",
        "majors": [
          {
            "code": "385",
            "isUnitCode": false,
            "isMajorCode": true
          }
        ],
        "sessionDates": null,
        "specialPermissionDropCodeDescription": null,
        "subtopic": null,
        "openStatus": true,
        "comments": [],
        "minors": [],
        "campusCode": "NK",
        "index": "05166",
        "unitMajors": [],
        "printed": "N",
        "specialPermissionAddCodeDescription": null,
        "subtitle": null,
        "meetingTimes": [
          {
            "campusLocation": "7",
            "baClassHours": "B",
            "roomNumber": null,
            "pmCode": null,
            "campusAbbrev": "NWK",
            "campusName": "NEWARK",
            "meetingDay": null,
            "buildingCode": null,
            "startTime": null,
            "endTime": null,
            "meetingModeDesc": "LEC",
            "meetingModeCode": "02"
          }
        ],
        "legendKey": null,
        "honorPrograms": []
      }
    ],
    "supplementCode": "  ",
    "credits": 3,
    "unitNotes": null,
    "coreCodes": [],
    "courseNotes": null,
    "expandedTitle": "INTEGRATED BUSINESS APPLICATIONS-TEAM   CONSULTING                              "
  }
]