[
  {
    "subjectNotes": null,
    "courseNumber": "220",
    "subject": "623",
    "campusCode": "NK",
    "openSections": 3,
    "synopsisUrl": "http://www.business.rutgers.edu/current-students/undergrad-newark/academics/courses#msis",
    "subjectGroupNotes": null,
    "offeringUnitCode": "29",
    "offeringUnitTitle": null,
    "title": "MGMT INFO SYSTEMS",
    "courseDescription": null,
    "preReqNotes": null,
    "sections": [
      {
        "sectionEligibility": null,
        "sessionDatePrintIndicator": "N",
        "examCode": "C",
        "specialPermissionAddCode": null,
        "crossListedSections": [],
        "sectionNotes": null,
        "specialPermissionDropCode": null,
        "instructors": [
          {
            "name": "LINTAKOON, CHON"
          }
        ],
        "number": "01",
        "majors": [
          {
            "code": "625",
            "isUnitCode": false,
            "isMajorCode": true
          },
          {
            "code": "006",
            "isUnitCode": false,
            "isMajorCode": true
          },
          {
            "code": "29",
            "isUnitCode": true,
            "isMajorCode": false
          }
        ],
        "sessionDates": null,
        "specialPermissionDropCodeDescription": null,
        "subtopic": null,
        "openStatus": true,
        "comments": [
          {
            "code": "05",
            "description": "Go to http://canvas.rutgers.edu"
          }
        ],
        "minors": [],
        "campusCode": "NK",
        "index": "03091",
        "unitMajors": [],
        "printed": "Y",
        "specialPermissionAddCodeDescription": null,
        "subtitle": null,
        "meetingTimes": [
          {
            "campusLocation": "7",
            "baClassHours": null,
            "roomNumber": "120",
            "pmCode": "A",
            "campusAbbrev": "NWK",
            "campusName": "NEWARK",
            "meetingDay": "M",
            "buildingCode": "1WP",
            "startTime": "0830",
            "endTime": "0950",
            "meetingModeDesc": "LEC",
            "meetingModeCode": "02"
          },
          {
            "campusLocation": "7",
            "baClassHours": null,
            "roomNumber": "120",
            "pmCode": "A",
            "campusAbbrev": "NWK",
            "campusName": "NEWARK",
            "meetingDay": "TH",
            "buildingCode": "1WP",
            "startTime": "0830",
            "endTime": "0950",
            "meetingModeDesc": "LEC",
            "meetingModeCode": "02"
          }
        ],
        "legendKey": null,
        "honorPrograms": []
      },
      {
        "sectionEligibility": null,
        "sessionDatePrintIndicator": "N",
        "examCode": "C",
        "specialPermissionAddCode": null,
        "crossListedSections": [],
        "sectionNotes": null,
        "specialPermissionDropCode": null,
        "instructors": [
          {
            "name": "LINTAKOON, CHON"
          }
        ],
        "number": "02",
        "majors": [
          {
            "code": "29",
            "isUnitCode": true,
            "isMajorCode": false
          },
          {
            "code": "006",
            "isUnitCode": false,
            "isMajorCode": true
          },
          {
            "code": "625",
            "isUnitCode": false,
            "isMajorCode": true
          }
        ],
        "sessionDates": null,
        "specialPermissionDropCodeDescription": null,
        "subtopic": null,
        "openStatus": true,
        "comments": [
          {
            "code": "05",
            "description": "Go to http://canvas.rutgers.edu"
          }
        ],
        "minors": [],
        "campusCode": "NK",
        "index": "03092",
        "unitMajors": [],
        "printed": "Y",
        "specialPermissionAddCodeDescription": null,
        "subtitle": null,
        "meetingTimes": [
          {
            "campusLocation": "7",
            "baClassHours": null,
            "roomNumber": "120",
            "pmCode": "P",
            "campusAbbrev": "NWK",
            "campusName": "NEWARK",
            "meetingDay": "W",
            "buildingCode": "1WP",
            "startTime": "0400",
            "endTime": "0520",
            "meetingModeDesc": "LEC",
            "meetingModeCode": "02"
          },
          {
            "campusLocation": "7",
            "baClassHours": null,
            "roomNumber": "120",
            "pmCode": "P",
            "campusAbbrev": "NWK",
            "campusName": "NEWARK",
            "meetingDay": "M",
            "buildingCode": "1WP",
            "startTime": "0400",
            "endTime": "0520",
            "meetingModeDesc": "LEC",
            "meetingModeCode": "02"
          }
        ],
        "legendKey": null,
        "honorPrograms": []
      },
      {
        "sectionEligibility": null,
        "sessionDatePrintIndicator": "N",
        "examCode": "C",
        "specialPermissionAddCode": null,
        "crossListedSections": [],
        "sectionNotes": "NON-BUSINESS MAJORS BYPERMISSION ONLY;",
        "specialPermissionDropCode": null,
        "instructors": [
          {
            "name": "KIRCA, DERYA"
          }
        ],
        "number": "03",
        "majors": [
          {
            "code": "625",
            "isUnitCode": false,
            "isMajorCode": true
          },
          {
            "code": "006",
            "isUnitCode": false,
            "isMajorCode": true
          },
          {
            "code": "29",
            "isUnitCode": true,
            "isMajorCode": false
          }
        ],
        "sessionDates": null,
        "specialPermissionDropCodeDescription": null,
        "subtopic": null,
        "openStatus": false,
        "comments": [
          {
            "code": "05",
            "description": "Go to http://canvas.rutgers.edu"
          }
        ],
        "minors": [],
        "campusCode": "NK",
        "index": "03093",
        "unitMajors": [],
        "printed": "Y",
        "specialPermissionAddCodeDescription": null,
        "subtitle": null,
        "meetingTimes": [
          {
            "campusLocation": "7",
            "baClassHours": null,
            "roomNumber": "312",
            "pmCode": "A",
            "campusAbbrev": "NWK",
            "campusName": "NEWARK",
            "meetingDay": "M",
            "buildingCode": "1WP",
            "startTime": "1000",
            "endTime": "1120",
            "meetingModeDesc": "LEC",
            "meetingModeCode": "02"
          },
          {
            "campusLocation": "7",
            "baClassHours": null,
            "roomNumber": "312",
            "pmCode": "A",
            "campusAbbrev": "NWK",
            "campusName": "NEWARK",
            "meetingDay": "W",
            "buildingCode": "1WP",
            "startTime": "1000",
            "endTime": "1120",
            "meetingModeDesc": "LEC",
            "meetingModeCode": "02"
          }
        ],
        "legendKey": null,
        "honorPrograms": []
      },
      {
        "sectionEligibility": null,
        "sessionDatePrintIndicator": "N",
        "examCode": "C",
        "specialPermissionAddCode": null,
        "crossListedSections": [],
        "sectionNotes": null,
        "specialPermissionDropCode": null,
        "instructors": [
          {
            "name": "LINTAKOON, CHON"
          }
        ],
        "number": "05",
        "majors": [
          {
            "code": "29",
            "isUnitCode": true,
            "isMajorCode": false
          },
          {
            "code": "006",
            "isUnitCode": false,
            "isMajorCode": true
          },
          {
            "code": "625",
            "isUnitCode": false,
            "isMajorCode": true
          }
        ],
        "sessionDates": null,
        "specialPermissionDropCodeDescription": null,
        "subtopic": null,
        "openStatus": true,
        "comments": [
          {
            "code": "05",
            "description": "Go to http://canvas.rutgers.edu"
          }
        ],
        "minors": [],
        "campusCode": "NK",
        "index": "03094",
        "unitMajors": [],
        "printed": "Y",
        "specialPermissionAddCodeDescription": null,
        "subtitle": null,
        "meetingTimes": [
          {
            "campusLocation": "7",
            "baClassHours": null,
            "roomNumber": "120",
            "pmCode": "P",
            "campusAbbrev": "NWK",
            "campusName": "NEWARK",
            "meetingDay": "T",
            "buildingCode": "1WP",
            "startTime": "0230",
            "endTime": "0350",
            "meetingModeDesc": "LEC",
            "meetingModeCode": "02"
          },
          {
            "campusLocation": "7",
            "baClassHours": null,
            "roomNumber": "120",
            "pmCode": "P",
            "campusAbbrev": "NWK",
            "campusName": "NEWARK",
            "meetingDay": "TH",
            "buildingCode": "1WP",
            "startTime": "0230",
            "endTime": "0350",
            "meetingModeDesc": "LEC",
            "meetingModeCode": "02"
          }
        ],
        "legendKey": null,
        "honorPrograms": []
      },
      {
        "sectionEligibility": null,
        "sessionDatePrintIndicator": "N",
        "examCode": "C",
        "specialPermissionAddCode": null,
        "crossListedSections": [],
        "sectionNotes": null,
        "specialPermissionDropCode": null,
        "instructors": [
          {
            "name": "LINTAKOON, CHON"
          }
        ],
        "number": "06",
        "majors": [
          {
            "code": "29",
            "isUnitCode": true,
            "isMajorCode": false
          },
          {
            "code": "006",
            "isUnitCode": false,
            "isMajorCode": true
          },
          {
            "code": "625",
            "isUnitCode": false,
            "isMajorCode": true
          }
        ],
        "sessionDates": null,
        "specialPermissionDropCodeDescription": null,
        "subtopic": null,
        "openStatus": false,
        "comments": [
          {
            "code": "05",
            "description": "Go to http://canvas.rutgers.edu"
          }
        ],
        "minors": [],
        "campusCode": "NK",
        "index": "03095",
        "unitMajors": [],
        "printed": "Y",
        "specialPermissionAddCodeDescription": null,
        "subtitle": null,
        "meetingTimes": [
          {
            "campusLocation": "7",
            "baClassHours": null,
            "roomNumber": "120",
            "pmCode": "P",
            "campusAbbrev": "NWK",
            "campusName": "NEWARK",
            "meetingDay": "TH",
            "buildingCode": "1WP",
            "startTime": "0100",
            "endTime": "0220",
            "meetingModeDesc": "LEC",
            "meetingModeCode": "02"
          },
          {
            "campusLocation": "7",
            "baClassHours": null,
            "roomNumber": "120",
            "pmCode": "P",
            "campusAbbrev": "NWK",
            "campusName": "NEWARK",
            "meetingDay": "M",
            "buildingCode": "1WP",
            "startTime": "0100",
            "endTime": "0220",
            "meetingModeDesc": "LEC",
            "meetingModeCode": "02"
          }
        ],
        "legendKey": null,
        "honorPrograms": []
      }
    ],
    "supplementCode": "  ",
    "credits": 3,
    "unitNotes": null,
    "coreCodes": [],
    "courseNotes": null,
    "expandedTitle": "MANAGEMENT INFORMATION SYSTEMS                                                  "
  },
  {
    "subjectNotes": null,
    "courseNumber": "311",
    "subject": "623",
    "campusCode": "NK",
    "openSections": 5,
    "synopsisUrl": "http://www.business.rutgers.edu/current-students/undergrad-newark/academics/courses#msis",
    "subjectGroupNotes": null,
    "offeringUnitCode": "29",
    "offeringUnitTitle": null,
    "title": "PRODUCT & OPNS MGT.",
    "courseDescription": null,
    "preReqNotes": "(29:623:220  and 21:220:231  and 21:220:231  and 21:220:231 ) <em> OR </em> (29:623:220  and 21:640:211  and 21:640:211  and 21:640:211 ) <em> OR </em> (01:198:170  and 01:960:285  and 01:960:285  and 01:960:285 ) <em> OR </em> (29:623:220  and 21:220:203  and 21:220:203  and 21:220:203 ) <em> OR </em> (29:623:220  and 21:640:211  and 21:640:211  and 21:640:211 ) <em> OR </em> (29:623:220  and 21:220:203  and 21:220:203  and 21:220:203 )",
    "sections": [
      {
        "sectionEligibility": null,
        "sessionDatePrintIndicator": "N",
        "examCode": "C",
        "specialPermissionAddCode": null,
        "crossListedSections": [],
        "sectionNotes": null,
        "specialPermissionDropCode": null,
        "instructors": [
          {
            "name": "KIM, MINSEOK"
          }
        ],
        "number": "01",
        "majors": [
          {
            "code": "625",
            "isUnitCode": false,
            "isMajorCode": true
          },
          {
            "code": "006",
            "isUnitCode": false,
            "isMajorCode": true
          },
          {
            "code": "29",
            "isUnitCode": true,
            "isMajorCode": false
          }
        ],
        "sessionDates": null,
        "specialPermissionDropCodeDescription": null,
        "subtopic": null,
        "openStatus": true,
        "comments": [
          {
            "code": "05",
            "description": "Go to http://canvas.rutgers.edu"
          }
        ],
        "minors": [],
        "campusCode": "NK",
        "index": "03096",
        "unitMajors": [],
        "printed": "Y",
        "specialPermissionAddCodeDescription": null,
        "subtitle": null,
        "meetingTimes": [
          {
            "campusLocation": "7",
            "baClassHours": null,
            "roomNumber": "205",
            "pmCode": "P",
            "campusAbbrev": "NWK",
            "campusName": "NEWARK",
            "meetingDay": "T",
            "buildingCode": "1WP",
            "startTime": "0400",
            "endTime": "0520",
            "meetingModeDesc": "LEC",
            "meetingModeCode": "02"
          },
          {
            "campusLocation": "7",
            "baClassHours": null,
            "roomNumber": "205",
            "pmCode": "P",
            "campusAbbrev": "NWK",
            "campusName": "NEWARK",
            "meetingDay": "TH",
            "buildingCode": "1WP",
            "startTime": "0400",
            "endTime": "0520",
            "meetingModeDesc": "LEC",
            "meetingModeCode": "02"
          }
        ],
        "legendKey": null,
        "honorPrograms": []
      },
      {
        "sectionEligibility": null,
        "sessionDatePrintIndicator": "N",
        "examCode": "C",
        "specialPermissionAddCode": null,
        "crossListedSections": [],
        "sectionNotes": null,
        "specialPermissionDropCode": null,
        "instructors": [],
        "number": "02",
        "majors": [
          {
            "code": "625",
            "isUnitCode": false,
            "isMajorCode": true
          },
          {
            "code": "006",
            "isUnitCode": false,
            "isMajorCode": true
          },
          {
            "code": "29",
            "isUnitCode": true,
            "isMajorCode": false
          }
        ],
        "sessionDates": null,
        "specialPermissionDropCodeDescription": null,
        "subtopic": null,
        "openStatus": true,
        "comments": [
          {
            "code": "05",
            "description": "Go to http://canvas.rutgers.edu"
          }
        ],
        "minors": [],
        "campusCode": "NK",
        "index": "03097",
        "unitMajors": [],
        "printed": "Y",
        "specialPermissionAddCodeDescription": null,
        "subtitle": null,
        "meetingTimes": [
          {
            "campusLocation": "7",
            "baClassHours": null,
            "roomNumber": "205",
            "pmCode": "A",
            "campusAbbrev": "NWK",
            "campusName": "NEWARK",
            "meetingDay": "W",
            "buildingCode": "1WP",
            "startTime": "0830",
            "endTime": "0950",
            "meetingModeDesc": "LEC",
            "meetingModeCode": "02"
          },
          {
            "campusLocation": "7",
            "baClassHours": null,
            "roomNumber": "205",
            "pmCode": "A",
            "campusAbbrev": "NWK",
            "campusName": "NEWARK",
            "meetingDay": "F",
            "buildingCode": "1WP",
            "startTime": "1000",
            "endTime": "1120",
            "meetingModeDesc": "LEC",
            "meetingModeCode": "02"
          }
        ],
        "legendKey": null,
        "honorPrograms": []
      },
      {
        "sectionEligibility": null,
        "sessionDatePrintIndicator": "N",
        "examCode": "C",
        "specialPermissionAddCode": null,
        "crossListedSections": [],
        "sectionNotes": null,
        "specialPermissionDropCode": null,
        "instructors": [
          {
            "name": "PURWAR, KAJAL"
          }
        ],
        "number": "03",
        "majors": [
          {
            "code": "625",
            "isUnitCode": false,
            "isMajorCode": true
          },
          {
            "code": "006",
            "isUnitCode": false,
            "isMajorCode": true
          },
          {
            "code": "29",
            "isUnitCode": true,
            "isMajorCode": false
          }
        ],
        "sessionDates": null,
        "specialPermissionDropCodeDescription": null,
        "subtopic": null,
        "openStatus": true,
        "comments": [
          {
            "code": "05",
            "description": "Go to http://canvas.rutgers.edu"
          }
        ],
        "minors": [],
        "campusCode": "NK",
        "index": "03098",
        "unitMajors": [],
        "printed": "Y",
        "specialPermissionAddCodeDescription": null,
        "subtitle": null,
        "meetingTimes": [
          {
            "campusLocation": "7",
            "baClassHours": null,
            "roomNumber": "512",
            "pmCode": "P",
            "campusAbbrev": "NWK",
            "campusName": "NEWARK",
            "meetingDay": "W",
            "buildingCode": "1WP",
            "startTime": "0400",
            "endTime": "0520",
            "meetingModeDesc": "LEC",
            "meetingModeCode": "02"
          },
          {
            "campusLocation": "7",
            "baClassHours": null,
            "roomNumber": "512",
            "pmCode": "P",
            "campusAbbrev": "NWK",
            "campusName": "NEWARK",
            "meetingDay": "M",
            "buildingCode": "1WP",
            "startTime": "0400",
            "endTime": "0520",
            "meetingModeDesc": "LEC",
            "meetingModeCode": "02"
          }
        ],
        "legendKey": null,
        "honorPrograms": []
      },
      {
        "sectionEligibility": null,
        "sessionDatePrintIndicator": "N",
        "examCode": "C",
        "specialPermissionAddCode": null,
        "crossListedSections": [],
        "sectionNotes": null,
        "specialPermissionDropCode": null,
        "instructors": [
          {
            "name": "KIM, MINSEOK"
          }
        ],
        "number": "04",
        "majors": [
          {
            "code": "29",
            "isUnitCode": true,
            "isMajorCode": false
          },
          {
            "code": "625",
            "isUnitCode": false,
            "isMajorCode": true
          },
          {
            "code": "006",
            "isUnitCode": false,
            "isMajorCode": true
          }
        ],
        "sessionDates": null,
        "specialPermissionDropCodeDescription": null,
        "subtopic": null,
        "openStatus": true,
        "comments": [
          {
            "code": "05",
            "description": "Go to http://canvas.rutgers.edu"
          }
        ],
        "minors": [],
        "campusCode": "NK",
        "index": "03099",
        "unitMajors": [],
        "printed": "Y",
        "specialPermissionAddCodeDescription": null,
        "subtitle": null,
        "meetingTimes": [
          {
            "campusLocation": "7",
            "baClassHours": null,
            "roomNumber": "205",
            "pmCode": "A",
            "campusAbbrev": "NWK",
            "campusName": "NEWARK",
            "meetingDay": "TH",
            "buildingCode": "1WP",
            "startTime": "1130",
            "endTime": "1250",
            "meetingModeDesc": "LEC",
            "meetingModeCode": "02"
          },
          {
            "campusLocation": "7",
            "baClassHours": null,
            "roomNumber": "205",
            "pmCode": "A",
            "campusAbbrev": "NWK",
            "campusName": "NEWARK",
            "meetingDay": "T",
            "buildingCode": "1WP",
            "startTime": "1130",
            "endTime": "1250",
            "meetingModeDesc": "LEC",
            "meetingModeCode": "02"
          }
        ],
        "legendKey": null,
        "honorPrograms": []
      },
      {
        "sectionEligibility": null,
        "sessionDatePrintIndicator": "N",
        "examCode": "C",
        "specialPermissionAddCode": null,
        "crossListedSections": [],
        "sectionNotes": null,
        "specialPermissionDropCode": null,
        "instructors": [
          {
            "name": "PURWAR, KAJAL"
          }
        ],
        "number": "05",
        "majors": [
          {
            "code": "006",
            "isUnitCode": false,
            "isMajorCode": true
          },
          {
            "code": "625",
            "isUnitCode": false,
            "isMajorCode": true
          },
          {
            "code": "29",
            "isUnitCode": true,
            "isMajorCode": false
          }
        ],
        "sessionDates": null,
        "specialPermissionDropCodeDescription": null,
        "subtopic": null,
        "openStatus": false,
        "comments": [
          {
            "code": "05",
            "description": "Go to http://canvas.rutgers.edu"
          }
        ],
        "minors": [],
        "campusCode": "NK",
        "index": "03100",
        "unitMajors": [],
        "printed": "Y",
        "specialPermissionAddCodeDescription": null,
        "subtitle": null,
        "meetingTimes": [
          {
            "campusLocation": "7",
            "baClassHours": null,
            "roomNumber": "206",
            "pmCode": "P",
            "campusAbbrev": "NWK",
            "campusName": "NEWARK",
            "meetingDay": "TH",
            "buildingCode": "1WP",
            "startTime": "0100",
            "endTime": "0220",
            "meetingModeDesc": "LEC",
            "meetingModeCode": "02"
          },
          {
            "campusLocation": "7",
            "baClassHours": null,
            "roomNumber": "206",
            "pmCode": "P",
            "campusAbbrev": "NWK",
            "campusName": "NEWARK",
            "meetingDay": "M",
            "buildingCode": "1WP",
            "startTime": "0100",
            "endTime": "0220",
            "meetingModeDesc": "LEC",
            "meetingModeCode": "02"
          }
        ],
        "legendKey": null,
        "honorPrograms": []
      },
      {
        "sectionEligibility": null,
        "sessionDatePrintIndicator": "N",
        "examCode": "S",
        "specialPermissionAddCode": null,
        "crossListedSections": [],
        "sectionNotes": null,
        "specialPermissionDropCode": null,
        "instructors": [
          {
            "name": "PURWAR, KAJAL"
          }
        ],
        "number": "62",
        "majors": [
          {
            "code": "625",
            "isUnitCode": false,
            "isMajorCode": true
          },
          {
            "code": "29",
            "isUnitCode": true,
            "isMajorCode": false
          }
        ],
        "sessionDates": null,
        "specialPermissionDropCodeDescription": null,
        "subtopic": null,
        "openStatus": false,
        "comments": [
          {
            "code": "05",
            "description": "Go to http://canvas.rutgers.edu"
          }
        ],
        "minors": [],
        "campusCode": "NK",
        "index": "03101",
        "unitMajors": [],
        "printed": "Y",
        "specialPermissionAddCodeDescription": null,
        "subtitle": null,
        "meetingTimes": [
          {
            "campusLocation": "7",
            "baClassHours": null,
            "roomNumber": "205",
            "pmCode": "P",
            "campusAbbrev": "NWK",
            "campusName": "NEWARK",
            "meetingDay": "W",
            "buildingCode": "1WP",
            "startTime": "0600",
            "endTime": "0900",
            "meetingModeDesc": "LEC",
            "meetingModeCode": "02"
          }
        ],
        "legendKey": null,
        "honorPrograms": []
      },
      {
        "sectionEligibility": null,
        "sessionDatePrintIndicator": "N",
        "examCode": "S",
        "specialPermissionAddCode": null,
        "crossListedSections": [],
        "sectionNotes": null,
        "specialPermissionDropCode": null,
        "instructors": [
          {
            "name": "VICUNA"
          }
        ],
        "number": "63",
        "majors": [
          {
            "code": "625",
            "isUnitCode": false,
            "isMajorCode": true
          },
          {
            "code": "29",
            "isUnitCode": true,
            "isMajorCode": false
          }
        ],
        "sessionDates": null,
        "specialPermissionDropCodeDescription": null,
        "subtopic": null,
        "openStatus": true,
        "comments": [
          {
            "code": "05",
            "description": "Go to http://canvas.rutgers.edu"
          }
        ],
        "minors": [],
        "campusCode": "NK",
        "index": "03102",
        "unitMajors": [],
        "printed": "Y",
        "specialPermissionAddCodeDescription": null,
        "subtitle": null,
        "meetingTimes": [
          {
            "campusLocation": "7",
            "baClassHours": null,
            "roomNumber": "226",
            "pmCode": "P",
            "campusAbbrev": "NWK",
            "campusName": "NEWARK",
            "meetingDay": "TH",
            "buildingCode": "1WP",
            "startTime": "0600",
            "endTime": "0900",
            "meetingModeDesc": "LEC",
            "meetingModeCode": "02"
          }
        ],
        "legendKey": null,
        "honorPrograms": []
      },
      {
        "sectionEligibility": null,
        "sessionDatePrintIndicator": "N",
        "examCode": "A",
        "specialPermissionAddCode": null,
        "crossListedSections": [],
        "sectionNotes": null,
        "specialPermissionDropCode": null,
        "instructors": [
          {
            "name": "VICUNA"
          }
        ],
        "number": "90",
        "majors": [
          {
            "code": "29",
            "isUnitCode": true,
            "isMajorCode": false
          },
          {
            "code": "625",
            "isUnitCode": false,
            "isMajorCode": true
          }
        ],
        "sessionDates": null,
        "specialPermissionDropCodeDescription": null,
        "subtopic": null,
        "openStatus": false,
        "comments": [
          {
            "code": "05",
            "description": "Go to http://canvas.rutgers.edu"
          },
          {
            "code": "56",
            "description": "Online Course"
          },
          {
            "code": "AL",
            "description": "Course may require: Webcam, Microphone, Phone Camera or Scanner"
          }
        ],
        "minors": [],
        "campusCode": "NK",
        "index": "03103",
        "unitMajors": [],
        "printed": "Y",
        "specialPermissionAddCodeDescription": null,
        "subtitle": null,
        "meetingTimes": [
          {
            "campusLocation": "7",
            "baClassHours": null,
            "roomNumber": null,
            "pmCode": "P",
            "campusAbbrev": "NWK",
            "campusName": "NEWARK",
            "meetingDay": "T",
            "buildingCode": null,
            "startTime": "0600",
            "endTime": "0900",
            "meetingModeDesc": "ONLINE INSTRUCTION(INTERNET)",
            "meetingModeCode": "90"
          }
        ],
        "legendKey": null,
        "honorPrograms": []
      }
    ],
    "supplementCode": "  ",
    "credits": 3,
    "unitNotes": null,
    "coreCodes": [],
    "courseNotes": null,
    "expandedTitle": "PRODUCTION & OPERATIONS MANAGEMENT                                              "
  },
  {
    "subjectNotes": null,
    "courseNumber": "318",
    "subject": "623",
    "campusCode": "NK",
    "openSections": 1,
    "synopsisUrl": "http://www.business.rutgers.edu/current-students/undergrad-newark/academics/courses#msis",
    "subjectGroupNotes": null,
    "offeringUnitCode": "29",
    "offeringUnitTitle": null,
    "title": "SYSTEMS ANALYSIS DES",
    "courseDescription": null,
    "preReqNotes": "(29:623:220 )<em> OR </em>(01:198:170 )",
    "sections": [
      {
        "sectionEligibility": null,
        "sessionDatePrintIndicator": "N",
        "examCode": "S",
        "specialPermissionAddCode": null,
        "crossListedSections": [],
        "sectionNotes": null,
        "specialPermissionDropCode": null,
        "instructors": [
          {
            "name": "MIRCHANDANI"
          }
        ],
        "number": "61",
        "majors": [
          {
            "code": "625",
            "isUnitCode": false,
            "isMajorCode": true
          }
        ],
        "sessionDates": null,
        "specialPermissionDropCodeDescription": null,
        "subtopic": null,
        "openStatus": true,
        "comments": [
          {
            "code": "05",
            "description": "Go to http://canvas.rutgers.edu"
          }
        ],
        "minors": [],
        "campusCode": "NK",
        "index": "03104",
        "unitMajors": [],
        "printed": "Y",
        "specialPermissionAddCodeDescription": null,
        "subtitle": null,
        "meetingTimes": [
          {
            "campusLocation": "7",
            "baClassHours": null,
            "roomNumber": "312",
            "pmCode": "P",
            "campusAbbrev": "NWK",
            "campusName": "NEWARK",
            "meetingDay": "T",
            "buildingCode": "1WP",
            "startTime": "0600",
            "endTime": "0900",
            "meetingModeDesc": "LEC",
            "meetingModeCode": "02"
          }
        ],
        "legendKey": null,
        "honorPrograms": []
      },
      {
        "sectionEligibility": null,
        "sessionDatePrintIndicator": "N",
        "examCode": "A",
        "specialPermissionAddCode": null,
        "crossListedSections": [],
        "sectionNotes": null,
        "specialPermissionDropCode": null,
        "instructors": [
          {
            "name": "KIRCA, DERYA"
          }
        ],
        "number": "90",
        "majors": [
          {
            "code": "625",
            "isUnitCode": false,
            "isMajorCode": true
          }
        ],
        "sessionDates": null,
        "specialPermissionDropCodeDescription": null,
        "subtopic": null,
        "openStatus": false,
        "comments": [
          {
            "code": "05",
            "description": "Go to http://canvas.rutgers.edu"
          },
          {
            "code": "56",
            "description": "Online Course"
          },
          {
            "code": "AL",
            "description": "Course may require: Webcam, Microphone, Phone Camera or Scanner"
          }
        ],
        "minors": [],
        "campusCode": "NK",
        "index": "03105",
        "unitMajors": [],
        "printed": "Y",
        "specialPermissionAddCodeDescription": null,
        "subtitle": null,
        "meetingTimes": [
          {
            "campusLocation": "7",
            "baClassHours": null,
            "roomNumber": null,
            "pmCode": "A",
            "campusAbbrev": "NWK",
            "campusName": "NEWARK",
            "meetingDay": "F",
            "buildingCode": null,
            "startTime": "1130",
            "endTime": "1250",
            "meetingModeDesc": "ONLINE INSTRUCTION(INTERNET)",
            "meetingModeCode": "90"
          },
          {
            "campusLocation": "7",
            "baClassHours": null,
            "roomNumber": null,
            "pmCode": "A",
            "campusAbbrev": "NWK",
            "campusName": "NEWARK",
            "meetingDay": "W",
            "buildingCode": null,
            "startTime": "1130",
            "endTime": "1250",
            "meetingModeDesc": "ONLINE INSTRUCTION(INTERNET)",
            "meetingModeCode": "90"
          }
        ],
        "legendKey": null,
        "honorPrograms": []
      }
    ],
    "supplementCode": "  ",
    "credits": 3,
    "unitNotes": null,
    "coreCodes": [],
    "courseNotes": null,
    "expandedTitle": "SYSTEM ANALYSIS & DESIGN                                                        "
  },
  {
    "subjectNotes": null,
    "courseNumber": "319",
    "subject": "623",
    "campusCode": "NK",
    "openSections": 1,
    "synopsisUrl": "http://www.business.rutgers.edu/current-students/undergrad-newark/academics/courses#msis",
    "subjectGroupNotes": null,
    "offeringUnitCode": "29",
    "offeringUnitTitle": null,
    "title": "DATA BASE MANAGEMENT",
    "courseDescription": null,
    "preReqNotes": "(29:623:220 )<em> OR </em>(01:198:170 )",
    "sections": [
      {
        "sectionEligibility": null,
        "sessionDatePrintIndicator": "N",
        "examCode": "C",
        "specialPermissionAddCode": null,
        "crossListedSections": [],
        "sectionNotes": null,
        "specialPermissionDropCode": null,
        "instructors": [
          {
            "name": "MIRCHANDANI"
          }
        ],
        "number": "01",
        "majors": [
          {
            "code": "625",
            "isUnitCode": false,
            "isMajorCode": true
          }
        ],
        "sessionDates": null,
        "specialPermissionDropCodeDescription": null,
        "subtopic": null,
        "openStatus": false,
        "comments": [
          {
            "code": "05",
            "description": "Go to http://canvas.rutgers.edu"
          }
        ],
        "minors": [],
        "campusCode": "NK",
        "index": "03106",
        "unitMajors": [],
        "printed": "Y",
        "specialPermissionAddCodeDescription": null,
        "subtitle": null,
        "meetingTimes": [
          {
            "campusLocation": "7",
            "baClassHours": null,
            "roomNumber": "312",
            "pmCode": "A",
            "campusAbbrev": "NWK",
            "campusName": "NEWARK",
            "meetingDay": "TH",
            "buildingCode": "1WP",
            "startTime": "1130",
            "endTime": "1250",
            "meetingModeDesc": "LEC",
            "meetingModeCode": "02"
          },
          {
            "campusLocation": "7",
            "baClassHours": null,
            "roomNumber": "312",
            "pmCode": "A",
            "campusAbbrev": "NWK",
            "campusName": "NEWARK",
            "meetingDay": "T",
            "buildingCode": "1WP",
            "startTime": "1130",
            "endTime": "1250",
            "meetingModeDesc": "LEC",
            "meetingModeCode": "02"
          }
        ],
        "legendKey": null,
        "honorPrograms": []
      },
      {
        "sectionEligibility": null,
        "sessionDatePrintIndicator": "N",
        "examCode": "C",
        "specialPermissionAddCode": null,
        "crossListedSections": [],
        "sectionNotes": null,
        "specialPermissionDropCode": null,
        "instructors": [
          {
            "name": "MIRCHANDANI"
          }
        ],
        "number": "02",
        "majors": [
          {
            "code": "625",
            "isUnitCode": false,
            "isMajorCode": true
          }
        ],
        "sessionDates": null,
        "specialPermissionDropCodeDescription": null,
        "subtopic": null,
        "openStatus": false,
        "comments": [
          {
            "code": "05",
            "description": "Go to http://canvas.rutgers.edu"
          }
        ],
        "minors": [],
        "campusCode": "NK",
        "index": "03107",
        "unitMajors": [],
        "printed": "Y",
        "specialPermissionAddCodeDescription": null,
        "subtitle": null,
        "meetingTimes": [
          {
            "campusLocation": "7",
            "baClassHours": null,
            "roomNumber": "312",
            "pmCode": "P",
            "campusAbbrev": "NWK",
            "campusName": "NEWARK",
            "meetingDay": "T",
            "buildingCode": "1WP",
            "startTime": "0400",
            "endTime": "0520",
            "meetingModeDesc": "LEC",
            "meetingModeCode": "02"
          },
          {
            "campusLocation": "7",
            "baClassHours": null,
            "roomNumber": "312",
            "pmCode": "P",
            "campusAbbrev": "NWK",
            "campusName": "NEWARK",
            "meetingDay": "TH",
            "buildingCode": "1WP",
            "startTime": "0400",
            "endTime": "0520",
            "meetingModeDesc": "LEC",
            "meetingModeCode": "02"
          }
        ],
        "legendKey": null,
        "honorPrograms": []
      },
      {
        "sectionEligibility": null,
        "sessionDatePrintIndicator": "N",
        "examCode": "S",
        "specialPermissionAddCode": null,
        "crossListedSections": [],
        "sectionNotes": null,
        "specialPermissionDropCode": null,
        "instructors": [
          {
            "name": "PURWAR, KAJAL"
          }
        ],
        "number": "60",
        "majors": [
          {
            "code": "625",
            "isUnitCode": false,
            "isMajorCode": true
          }
        ],
        "sessionDates": null,
        "specialPermissionDropCodeDescription": null,
        "subtopic": null,
        "openStatus": true,
        "comments": [
          {
            "code": "05",
            "description": "Go to http://canvas.rutgers.edu"
          }
        ],
        "minors": [],
        "campusCode": "NK",
        "index": "03108",
        "unitMajors": [],
        "printed": "Y",
        "specialPermissionAddCodeDescription": null,
        "subtitle": null,
        "meetingTimes": [
          {
            "campusLocation": "7",
            "baClassHours": null,
            "roomNumber": "312",
            "pmCode": "P",
            "campusAbbrev": "NWK",
            "campusName": "NEWARK",
            "meetingDay": "M",
            "buildingCode": "1WP",
            "startTime": "0600",
            "endTime": "0900",
            "meetingModeDesc": "LEC",
            "meetingModeCode": "02"
          }
        ],
        "legendKey": null,
        "honorPrograms": []
      }
    ],
    "supplementCode": "  ",
    "credits": 3,
    "unitNotes": null,
    "coreCodes": [],
    "courseNotes": null,
    "expandedTitle": "DATABASE MANAGEMENT SYSTEMS                                                     "
  },
  {
    "subjectNotes": null,
    "courseNumber": "321",
    "subject": "623",
    "campusCode": "NK",
    "openSections": 0,
    "synopsisUrl": "http://www.business.rutgers.edu/current-students/undergrad-newark/academics/courses#msis",
    "subjectGroupNotes": null,
    "offeringUnitCode": "29",
    "offeringUnitTitle": null,
    "title": "DESIGN & CREATE WEB",
    "courseDescription": null,
    "preReqNotes": "(29:623:220 )<em> OR </em>(01:198:170 )",
    "sections": [
      {
        "sectionEligibility": null,
        "sessionDatePrintIndicator": "N",
        "examCode": "S",
        "specialPermissionAddCode": null,
        "crossListedSections": [],
        "sectionNotes": null,
        "specialPermissionDropCode": null,
        "instructors": [
          {
            "name": "MIRCHANDANI"
          }
        ],
        "number": "62",
        "majors": [
          {
            "code": "625",
            "isUnitCode": false,
            "isMajorCode": true
          }
        ],
        "sessionDates": null,
        "specialPermissionDropCodeDescription": null,
        "subtopic": null,
        "openStatus": false,
        "comments": [
          {
            "code": "05",
            "description": "Go to http://canvas.rutgers.edu"
          }
        ],
        "minors": [],
        "campusCode": "NK",
        "index": "03109",
        "unitMajors": [],
        "printed": "Y",
        "specialPermissionAddCodeDescription": null,
        "subtitle": null,
        "meetingTimes": [
          {
            "campusLocation": "7",
            "baClassHours": null,
            "roomNumber": "314",
            "pmCode": "P",
            "campusAbbrev": "NWK",
            "campusName": "NEWARK",
            "meetingDay": "W",
            "buildingCode": "1WP",
            "startTime": "0600",
            "endTime": "0900",
            "meetingModeDesc": "LEC",
            "meetingModeCode": "02"
          }
        ],
        "legendKey": null,
        "honorPrograms": []
      }
    ],
    "supplementCode": "  ",
    "credits": 3,
    "unitNotes": null,
    "coreCodes": [],
    "courseNotes": null,
    "expandedTitle": "DESIGNING AND CREATING WEBSITES                                                 "
  },
  {
    "subjectNotes": null,
    "courseNumber": "335",
    "subject": "623",
    "campusCode": "NK",
    "openSections": 0,
    "synopsisUrl": "http://www.business.rutgers.edu/current-students/undergrad-newark/academics/courses#msis",
    "subjectGroupNotes": null,
    "offeringUnitCode": "29",
    "offeringUnitTitle": null,
    "title": "DATA WAREHOUS&MINING",
    "courseDescription": null,
    "preReqNotes": "(29:623:319 )<em> AND </em>(29:623:220 )",
    "sections": [
      {
        "sectionEligibility": null,
        "sessionDatePrintIndicator": "N",
        "examCode": "C",
        "specialPermissionAddCode": null,
        "crossListedSections": [],
        "sectionNotes": null,
        "specialPermissionDropCode": null,
        "instructors": [
          {
            "name": "KAUSHIK, TARUN"
          }
        ],
        "number": "01",
        "majors": [
          {
            "code": "625",
            "isUnitCode": false,
            "isMajorCode": true
          }
        ],
        "sessionDates": null,
        "specialPermissionDropCodeDescription": null,
        "subtopic": null,
        "openStatus": false,
        "comments": [],
        "minors": [],
        "campusCode": "NK",
        "index": "03111",
        "unitMajors": [],
        "printed": "Y",
        "specialPermissionAddCodeDescription": null,
        "subtitle": null,
        "meetingTimes": [
          {
            "campusLocation": "7",
            "baClassHours": null,
            "roomNumber": "314",
            "pmCode": "P",
            "campusAbbrev": "NWK",
            "campusName": "NEWARK",
            "meetingDay": "TH",
            "buildingCode": "1WP",
            "startTime": "0230",
            "endTime": "0350",
            "meetingModeDesc": "LEC",
            "meetingModeCode": "02"
          },
          {
            "campusLocation": "7",
            "baClassHours": null,
            "roomNumber": "314",
            "pmCode": "P",
            "campusAbbrev": "NWK",
            "campusName": "NEWARK",
            "meetingDay": "T",
            "buildingCode": "1WP",
            "startTime": "0230",
            "endTime": "0350",
            "meetingModeDesc": "LEC",
            "meetingModeCode": "02"
          }
        ],
        "legendKey": null,
        "honorPrograms": []
      }
    ],
    "supplementCode": "  ",
    "credits": 3,
    "unitNotes": null,
    "coreCodes": [],
    "courseNotes": null,
    "expandedTitle": "DATA WAREHOUSING & DATA MINING                                                  "
  },
  {
    "subjectNotes": null,
    "courseNumber": "340",
    "subject": "623",
    "campusCode": "NK",
    "openSections": 6,
    "synopsisUrl": "http://www.business.rutgers.edu/current-students/undergrad-newark/academics/courses#msis",
    "subjectGroupNotes": null,
    "offeringUnitCode": "29",
    "offeringUnitTitle": null,
    "title": "BUS RSCH METHODS",
    "courseDescription": null,
    "preReqNotes": "(29:623:220  and 21:220:231  and 21:220:231  and 21:220:231 ) <em> OR </em> (29:623:220  and 21:640:211  and 21:640:211  and 21:640:211 ) <em> OR </em> (01:198:170  and 01:960:285  and 01:960:285  and 01:960:285 ) <em> OR </em> (29:623:220  and 21:220:203  and 21:220:203  and 21:220:203 ) <em> OR </em> (29:623:220  and 21:640:211  and 21:640:211  and 21:640:211 )",
    "sections": [
      {
        "sectionEligibility": null,
        "sessionDatePrintIndicator": "N",
        "examCode": "C",
        "specialPermissionAddCode": null,
        "crossListedSections": [],
        "sectionNotes": null,
        "specialPermissionDropCode": null,
        "instructors": [
          {
            "name": "LIN, CHUN PANG"
          }
        ],
        "number": "01",
        "majors": [
          {
            "code": "29",
            "isUnitCode": true,
            "isMajorCode": false
          },
          {
            "code": "006",
            "isUnitCode": false,
            "isMajorCode": true
          },
          {
            "code": "625",
            "isUnitCode": false,
            "isMajorCode": true
          }
        ],
        "sessionDates": null,
        "specialPermissionDropCodeDescription": null,
        "subtopic": null,
        "openStatus": true,
        "comments": [
          {
            "code": "05",
            "description": "Go to http://canvas.rutgers.edu"
          }
        ],
        "minors": [],
        "campusCode": "NK",
        "index": "03112",
        "unitMajors": [],
        "printed": "Y",
        "specialPermissionAddCodeDescription": null,
        "subtitle": null,
        "meetingTimes": [
          {
            "campusLocation": "7",
            "baClassHours": null,
            "roomNumber": "228",
            "pmCode": "P",
            "campusAbbrev": "NWK",
            "campusName": "NEWARK",
            "meetingDay": "TH",
            "buildingCode": "1WP",
            "startTime": "0230",
            "endTime": "0350",
            "meetingModeDesc": "LEC",
            "meetingModeCode": "02"
          },
          {
            "campusLocation": "7",
            "baClassHours": null,
            "roomNumber": "228",
            "pmCode": "P",
            "campusAbbrev": "NWK",
            "campusName": "NEWARK",
            "meetingDay": "T",
            "buildingCode": "1WP",
            "startTime": "0230",
            "endTime": "0350",
            "meetingModeDesc": "LEC",
            "meetingModeCode": "02"
          }
        ],
        "legendKey": null,
        "honorPrograms": []
      },
      {
        "sectionEligibility": null,
        "sessionDatePrintIndicator": "N",
        "examCode": "C",
        "specialPermissionAddCode": null,
        "crossListedSections": [],
        "sectionNotes": null,
        "specialPermissionDropCode": null,
        "instructors": [
          {
            "name": "LIN, CHUN PANG"
          }
        ],
        "number": "02",
        "majors": [
          {
            "code": "625",
            "isUnitCode": false,
            "isMajorCode": true
          },
          {
            "code": "006",
            "isUnitCode": false,
            "isMajorCode": true
          },
          {
            "code": "29",
            "isUnitCode": true,
            "isMajorCode": false
          }
        ],
        "sessionDates": null,
        "specialPermissionDropCodeDescription": null,
        "subtopic": null,
        "openStatus": true,
        "comments": [
          {
            "code": "05",
            "description": "Go to http://canvas.rutgers.edu"
          }
        ],
        "minors": [],
        "campusCode": "NK",
        "index": "03113",
        "unitMajors": [],
        "printed": "Y",
        "specialPermissionAddCodeDescription": null,
        "subtitle": null,
        "meetingTimes": [
          {
            "campusLocation": "7",
            "baClassHours": null,
            "roomNumber": "228",
            "pmCode": "P",
            "campusAbbrev": "NWK",
            "campusName": "NEWARK",
            "meetingDay": "T",
            "buildingCode": "1WP",
            "startTime": "0400",
            "endTime": "0520",
            "meetingModeDesc": "LEC",
            "meetingModeCode": "02"
          },
          {
            "campusLocation": "7",
            "baClassHours": null,
            "roomNumber": "228",
            "pmCode": "P",
            "campusAbbrev": "NWK",
            "campusName": "NEWARK",
            "meetingDay": "TH",
            "buildingCode": "1WP",
            "startTime": "0400",
            "endTime": "0520",
            "meetingModeDesc": "LEC",
            "meetingModeCode": "02"
          }
        ],
        "legendKey": null,
        "honorPrograms": []
      },
      {
        "sectionEligibility": null,
        "sessionDatePrintIndicator": "N",
        "examCode": "C",
        "specialPermissionAddCode": null,
        "crossListedSections": [],
        "sectionNotes": null,
        "specialPermissionDropCode": null,
        "instructors": [
          {
            "name": "POULIOPOULOU"
          }
        ],
        "number": "03",
        "majors": [
          {
            "code": "625",
            "isUnitCode": false,
            "isMajorCode": true
          },
          {
            "code": "006",
            "isUnitCode": false,
            "isMajorCode": true
          },
          {
            "code": "29",
            "isUnitCode": true,
            "isMajorCode": false
          }
        ],
        "sessionDates": null,
        "specialPermissionDropCodeDescription": null,
        "subtopic": null,
        "openStatus": false,
        "comments": [
          {
            "code": "05",
            "description": "Go to http://canvas.rutgers.edu"
          }
        ],
        "minors": [],
        "campusCode": "NK",
        "index": "03114",
        "unitMajors": [],
        "printed": "Y",
        "specialPermissionAddCodeDescription": null,
        "subtitle": null,
        "meetingTimes": [
          {
            "campusLocation": "7",
            "baClassHours": null,
            "roomNumber": "512",
            "pmCode": "A",
            "campusAbbrev": "NWK",
            "campusName": "NEWARK",
            "meetingDay": "T",
            "buildingCode": "1WP",
            "startTime": "1000",
            "endTime": "1120",
            "meetingModeDesc": "LEC",
            "meetingModeCode": "02"
          },
          {
            "campusLocation": "7",
            "baClassHours": null,
            "roomNumber": "512",
            "pmCode": "A",
            "campusAbbrev": "NWK",
            "campusName": "NEWARK",
            "meetingDay": "TH",
            "buildingCode": "1WP",
            "startTime": "1000",
            "endTime": "1120",
            "meetingModeDesc": "LEC",
            "meetingModeCode": "02"
          }
        ],
        "legendKey": null,
        "honorPrograms": []
      },
      {
        "sectionEligibility": null,
        "sessionDatePrintIndicator": "N",
        "examCode": "C",
        "specialPermissionAddCode": null,
        "crossListedSections": [],
        "sectionNotes": null,
        "specialPermissionDropCode": null,
        "instructors": [
          {
            "name": "POULIOPOULOU"
          }
        ],
        "number": "04",
        "majors": [
          {
            "code": "625",
            "isUnitCode": false,
            "isMajorCode": true
          },
          {
            "code": "006",
            "isUnitCode": false,
            "isMajorCode": true
          },
          {
            "code": "29",
            "isUnitCode": true,
            "isMajorCode": false
          }
        ],
        "sessionDates": null,
        "specialPermissionDropCodeDescription": null,
        "subtopic": null,
        "openStatus": true,
        "comments": [
          {
            "code": "05",
            "description": "Go to http://canvas.rutgers.edu"
          }
        ],
        "minors": [],
        "campusCode": "NK",
        "index": "03115",
        "unitMajors": [],
        "printed": "Y",
        "specialPermissionAddCodeDescription": null,
        "subtitle": null,
        "meetingTimes": [
          {
            "campusLocation": "7",
            "baClassHours": null,
            "roomNumber": "512",
            "pmCode": "A",
            "campusAbbrev": "NWK",
            "campusName": "NEWARK",
            "meetingDay": "TH",
            "buildingCode": "1WP",
            "startTime": "1130",
            "endTime": "1250",
            "meetingModeDesc": "LEC",
            "meetingModeCode": "02"
          },
          {
            "campusLocation": "7",
            "baClassHours": null,
            "roomNumber": "512",
            "pmCode": "A",
            "campusAbbrev": "NWK",
            "campusName": "NEWARK",
            "meetingDay": "T",
            "buildingCode": "1WP",
            "startTime": "1130",
            "endTime": "1250",
            "meetingModeDesc": "LEC",
            "meetingModeCode": "02"
          }
        ],
        "legendKey": null,
        "honorPrograms": []
      },
      {
        "sectionEligibility": null,
        "sessionDatePrintIndicator": "N",
        "examCode": "C",
        "specialPermissionAddCode": null,
        "crossListedSections": [],
        "sectionNotes": null,
        "specialPermissionDropCode": null,
        "instructors": [
          {
            "name": "LIU, RUANJIA"
          }
        ],
        "number": "06",
        "majors": [
          {
            "code": "625",
            "isUnitCode": false,
            "isMajorCode": true
          },
          {
            "code": "006",
            "isUnitCode": false,
            "isMajorCode": true
          },
          {
            "code": "29",
            "isUnitCode": true,
            "isMajorCode": false
          }
        ],
        "sessionDates": null,
        "specialPermissionDropCodeDescription": null,
        "subtopic": null,
        "openStatus": false,
        "comments": [
          {
            "code": "05",
            "description": "Go to http://canvas.rutgers.edu"
          }
        ],
        "minors": [],
        "campusCode": "NK",
        "index": "03116",
        "unitMajors": [],
        "printed": "Y",
        "specialPermissionAddCodeDescription": null,
        "subtitle": null,
        "meetingTimes": [
          {
            "campusLocation": "7",
            "baClassHours": null,
            "roomNumber": "403",
            "pmCode": "P",
            "campusAbbrev": "NWK",
            "campusName": "NEWARK",
            "meetingDay": "W",
            "buildingCode": "1WP",
            "startTime": "0100",
            "endTime": "0220",
            "meetingModeDesc": "LEC",
            "meetingModeCode": "02"
          },
          {
            "campusLocation": "7",
            "baClassHours": null,
            "roomNumber": "403",
            "pmCode": "P",
            "campusAbbrev": "NWK",
            "campusName": "NEWARK",
            "meetingDay": "M",
            "buildingCode": "1WP",
            "startTime": "0230",
            "endTime": "0350",
            "meetingModeDesc": "LEC",
            "meetingModeCode": "02"
          }
        ],
        "legendKey": null,
        "honorPrograms": []
      },
      {
        "sectionEligibility": null,
        "sessionDatePrintIndicator": "N",
        "examCode": "C",
        "specialPermissionAddCode": null,
        "crossListedSections": [],
        "sectionNotes": null,
        "specialPermissionDropCode": null,
        "instructors": [],
        "number": "07",
        "majors": [
          {
            "code": "006",
            "isUnitCode": false,
            "isMajorCode": true
          },
          {
            "code": "625",
            "isUnitCode": false,
            "isMajorCode": true
          },
          {
            "code": "29",
            "isUnitCode": true,
            "isMajorCode": false
          }
        ],
        "sessionDates": null,
        "specialPermissionDropCodeDescription": null,
        "subtopic": null,
        "openStatus": true,
        "comments": [
          {
            "code": "05",
            "description": "Go to http://canvas.rutgers.edu"
          }
        ],
        "minors": [],
        "campusCode": "NK",
        "index": "03117",
        "unitMajors": [],
        "printed": "Y",
        "specialPermissionAddCodeDescription": null,
        "subtitle": null,
        "meetingTimes": [
          {
            "campusLocation": "7",
            "baClassHours": null,
            "roomNumber": "403",
            "pmCode": "P",
            "campusAbbrev": "NWK",
            "campusName": "NEWARK",
            "meetingDay": "M",
            "buildingCode": "1WP",
            "startTime": "0400",
            "endTime": "0520",
            "meetingModeDesc": "LEC",
            "meetingModeCode": "02"
          },
          {
            "campusLocation": "7",
            "baClassHours": null,
            "roomNumber": "403",
            "pmCode": "P",
            "campusAbbrev": "NWK",
            "campusName": "NEWARK",
            "meetingDay": "W",
            "buildingCode": "1WP",
            "startTime": "0400",
            "endTime": "0520",
            "meetingModeDesc": "LEC",
            "meetingModeCode": "02"
          }
        ],
        "legendKey": null,
        "honorPrograms": []
      },
      {
        "sectionEligibility": null,
        "sessionDatePrintIndicator": "N",
        "examCode": "S",
        "specialPermissionAddCode": null,
        "crossListedSections": [],
        "sectionNotes": null,
        "specialPermissionDropCode": null,
        "instructors": [
          {
            "name": "XYNTARAKIS"
          }
        ],
        "number": "60",
        "majors": [
          {
            "code": "006",
            "isUnitCode": false,
            "isMajorCode": true
          },
          {
            "code": "29",
            "isUnitCode": true,
            "isMajorCode": false
          },
          {
            "code": "625",
            "isUnitCode": false,
            "isMajorCode": true
          }
        ],
        "sessionDates": null,
        "specialPermissionDropCodeDescription": null,
        "subtopic": null,
        "openStatus": true,
        "comments": [
          {
            "code": "05",
            "description": "Go to http://canvas.rutgers.edu"
          }
        ],
        "minors": [],
        "campusCode": "NK",
        "index": "03118",
        "unitMajors": [],
        "printed": "Y",
        "specialPermissionAddCodeDescription": null,
        "subtitle": null,
        "meetingTimes": [
          {
            "campusLocation": "7",
            "baClassHours": null,
            "roomNumber": "303",
            "pmCode": "P",
            "campusAbbrev": "NWK",
            "campusName": "NEWARK",
            "meetingDay": "M",
            "buildingCode": "1WP",
            "startTime": "0600",
            "endTime": "0900",
            "meetingModeDesc": "LEC",
            "meetingModeCode": "02"
          }
        ],
        "legendKey": null,
        "honorPrograms": []
      },
      {
        "sectionEligibility": null,
        "sessionDatePrintIndicator": "N",
        "examCode": "S",
        "specialPermissionAddCode": null,
        "crossListedSections": [],
        "sectionNotes": null,
        "specialPermissionDropCode": null,
        "instructors": [
          {
            "name": "XYNTARAKIS"
          }
        ],
        "number": "61",
        "majors": [
          {
            "code": "006",
            "isUnitCode": false,
            "isMajorCode": true
          },
          {
            "code": "29",
            "isUnitCode": true,
            "isMajorCode": false
          },
          {
            "code": "625",
            "isUnitCode": false,
            "isMajorCode": true
          }
        ],
        "sessionDates": null,
        "specialPermissionDropCodeDescription": null,
        "subtopic": null,
        "openStatus": true,
        "comments": [
          {
            "code": "05",
            "description": "Go to http://canvas.rutgers.edu"
          }
        ],
        "minors": [],
        "campusCode": "NK",
        "index": "03119",
        "unitMajors": [],
        "printed": "Y",
        "specialPermissionAddCodeDescription": null,
        "subtitle": null,
        "meetingTimes": [
          {
            "campusLocation": "7",
            "baClassHours": null,
            "roomNumber": "118",
            "pmCode": "P",
            "campusAbbrev": "NWK",
            "campusName": "NEWARK",
            "meetingDay": "TH",
            "buildingCode": "1WP",
            "startTime": "0600",
            "endTime": "0900",
            "meetingModeDesc": "LEC",
            "meetingModeCode": "02"
          }
        ],
        "legendKey": null,
        "honorPrograms": []
      },
      {
        "sectionEligibility": null,
        "sessionDatePrintIndicator": "N",
        "examCode": "A",
        "specialPermissionAddCode": null,
        "crossListedSections": [],
        "sectionNotes": null,
        "specialPermissionDropCode": null,
        "instructors": [
          {
            "name": "LINTAKOON, CHON"
          }
        ],
        "number": "90",
        "majors": [
          {
            "code": "006",
            "isUnitCode": false,
            "isMajorCode": true
          },
          {
            "code": "29",
            "isUnitCode": true,
            "isMajorCode": false
          },
          {
            "code": "625",
            "isUnitCode": false,
            "isMajorCode": true
          }
        ],
        "sessionDates": null,
        "specialPermissionDropCodeDescription": null,
        "subtopic": null,
        "openStatus": false,
        "comments": [
          {
            "code": "05",
            "description": "Go to http://canvas.rutgers.edu"
          },
          {
            "code": "56",
            "description": "Online Course"
          }
        ],
        "minors": [],
        "campusCode": "NK",
        "index": "03120",
        "unitMajors": [],
        "printed": "Y",
        "specialPermissionAddCodeDescription": null,
        "subtitle": null,
        "meetingTimes": [
          {
            "campusLocation": "7",
            "baClassHours": "B",
            "roomNumber": null,
            "pmCode": null,
            "campusAbbrev": "NWK",
            "campusName": "NEWARK",
            "meetingDay": null,
            "buildingCode": null,
            "startTime": null,
            "endTime": null,
            "meetingModeDesc": "ONLINE INSTRUCTION(INTERNET)",
            "meetingModeCode": "90"
          }
        ],
        "legendKey": null,
        "honorPrograms": []
      }
    ],
    "supplementCode": "  ",
    "credits": 3,
    "unitNotes": null,
    "coreCodes": [],
    "courseNotes": null,
    "expandedTitle": "INTRODUCTION TO BUSINESS RESEARCH METHODS                                       "
  },
  {
    "subjectNotes": null,
    "courseNumber": "345",
    "subject": "623",
    "campusCode": "NK",
    "openSections": 2,
    "synopsisUrl": "http://www.business.rutgers.edu/current-students/undergrad-newark/academics/courses#msis",
    "subjectGroupNotes": null,
    "offeringUnitCode": "29",
    "offeringUnitTitle": null,
    "title": "CYBER SECURITY",
    "courseDescription": null,
    "preReqNotes": "(29:623:220 )<em> OR </em>(01:198:170 )",
    "sections": [
      {
        "sectionEligibility": null,
        "sessionDatePrintIndicator": "N",
        "examCode": "S",
        "specialPermissionAddCode": null,
        "crossListedSections": [],
        "sectionNotes": null,
        "specialPermissionDropCode": null,
        "instructors": [
          {
            "name": "UPADHYAY"
          }
        ],
        "number": "60",
        "majors": [
          {
            "code": "625",
            "isUnitCode": false,
            "isMajorCode": true
          }
        ],
        "sessionDates": null,
        "specialPermissionDropCodeDescription": null,
        "subtopic": null,
        "openStatus": true,
        "comments": [
          {
            "code": "05",
            "description": "Go to http://canvas.rutgers.edu"
          }
        ],
        "minors": [],
        "campusCode": "NK",
        "index": "03121",
        "unitMajors": [],
        "printed": "Y",
        "specialPermissionAddCodeDescription": null,
        "subtitle": null,
        "meetingTimes": [
          {
            "campusLocation": "7",
            "baClassHours": null,
            "roomNumber": "314",
            "pmCode": "P",
            "campusAbbrev": "NWK",
            "campusName": "NEWARK",
            "meetingDay": "M",
            "buildingCode": "1WP",
            "startTime": "0600",
            "endTime": "0900",
            "meetingModeDesc": "LEC",
            "meetingModeCode": "02"
          }
        ],
        "legendKey": null,
        "honorPrograms": []
      },
      {
        "sectionEligibility": null,
        "sessionDatePrintIndicator": "N",
        "examCode": "S",
        "specialPermissionAddCode": null,
        "crossListedSections": [],
        "sectionNotes": null,
        "specialPermissionDropCode": null,
        "instructors": [
          {
            "name": "SINHA, ARUNESH"
          }
        ],
        "number": "61",
        "majors": [
          {
            "code": "625",
            "isUnitCode": false,
            "isMajorCode": true
          }
        ],
        "sessionDates": null,
        "specialPermissionDropCodeDescription": null,
        "subtopic": null,
        "openStatus": true,
        "comments": [
          {
            "code": "05",
            "description": "Go to http://canvas.rutgers.edu"
          }
        ],
        "minors": [],
        "campusCode": "NK",
        "index": "03122",
        "unitMajors": [],
        "printed": "Y",
        "specialPermissionAddCodeDescription": null,
        "subtitle": null,
        "meetingTimes": [
          {
            "campusLocation": "7",
            "baClassHours": null,
            "roomNumber": "314",
            "pmCode": "P",
            "campusAbbrev": "NWK",
            "campusName": "NEWARK",
            "meetingDay": "T",
            "buildingCode": "1WP",
            "startTime": "0600",
            "endTime": "0900",
            "meetingModeDesc": "LEC",
            "meetingModeCode": "02"
          }
        ],
        "legendKey": null,
        "honorPrograms": []
      }
    ],
    "supplementCode": "  ",
    "credits": 3,
    "unitNotes": null,
    "coreCodes": [],
    "courseNotes": null,
    "expandedTitle": null
  },
  {
    "subjectNotes": null,
    "courseNumber": "350",
    "subject": "623",
    "campusCode": "NK",
    "openSections": 2,
    "synopsisUrl": "http://www.business.rutgers.edu/current-students/undergrad-newark/academics/courses#msis",
    "subjectGroupNotes": null,
    "offeringUnitCode": "29",
    "offeringUnitTitle": null,
    "title": "STRUCT PROG APPS",
    "courseDescription": null,
    "preReqNotes": "(29:623:220 )<em> OR </em>(01:198:170 )",
    "sections": [
      {
        "sectionEligibility": null,
        "sessionDatePrintIndicator": "N",
        "examCode": "C",
        "specialPermissionAddCode": null,
        "crossListedSections": [],
        "sectionNotes": null,
        "specialPermissionDropCode": null,
        "instructors": [],
        "number": "01",
        "majors": [
          {
            "code": "625",
            "isUnitCode": false,
            "isMajorCode": true
          }
        ],
        "sessionDates": null,
        "specialPermissionDropCodeDescription": null,
        "subtopic": null,
        "openStatus": true,
        "comments": [
          {
            "code": "05",
            "description": "Go to http://canvas.rutgers.edu"
          }
        ],
        "minors": [],
        "campusCode": "NK",
        "index": "03123",
        "unitMajors": [],
        "printed": "Y",
        "specialPermissionAddCodeDescription": null,
        "subtitle": null,
        "meetingTimes": [
          {
            "campusLocation": "7",
            "baClassHours": null,
            "roomNumber": "312",
            "pmCode": "P",
            "campusAbbrev": "NWK",
            "campusName": "NEWARK",
            "meetingDay": "W",
            "buildingCode": "1WP",
            "startTime": "0400",
            "endTime": "0520",
            "meetingModeDesc": "LEC",
            "meetingModeCode": "02"
          },
          {
            "campusLocation": "7",
            "baClassHours": null,
            "roomNumber": "312",
            "pmCode": "P",
            "campusAbbrev": "NWK",
            "campusName": "NEWARK",
            "meetingDay": "M",
            "buildingCode": "1WP",
            "startTime": "0400",
            "endTime": "0520",
            "meetingModeDesc": "LEC",
            "meetingModeCode": "02"
          }
        ],
        "legendKey": null,
        "honorPrograms": []
      },
      {
        "sectionEligibility": null,
        "sessionDatePrintIndicator": "N",
        "examCode": "S",
        "specialPermissionAddCode": null,
        "crossListedSections": [],
        "sectionNotes": null,
        "specialPermissionDropCode": null,
        "instructors": [
          {
            "name": "MIRCHANDANI"
          }
        ],
        "number": "63",
        "majors": [
          {
            "code": "625",
            "isUnitCode": false,
            "isMajorCode": true
          }
        ],
        "sessionDates": null,
        "specialPermissionDropCodeDescription": null,
        "subtopic": null,
        "openStatus": true,
        "comments": [
          {
            "code": "05",
            "description": "Go to http://canvas.rutgers.edu"
          }
        ],
        "minors": [],
        "campusCode": "NK",
        "index": "03124",
        "unitMajors": [],
        "printed": "Y",
        "specialPermissionAddCodeDescription": null,
        "subtitle": null,
        "meetingTimes": [
          {
            "campusLocation": "7",
            "baClassHours": null,
            "roomNumber": "312",
            "pmCode": "P",
            "campusAbbrev": "NWK",
            "campusName": "NEWARK",
            "meetingDay": "TH",
            "buildingCode": "1WP",
            "startTime": "0600",
            "endTime": "0900",
            "meetingModeDesc": "LEC",
            "meetingModeCode": "02"
          }
        ],
        "legendKey": null,
        "honorPrograms": []
      }
    ],
    "supplementCode": "  ",
    "credits": 3,
    "unitNotes": null,
    "coreCodes": [],
    "courseNotes": null,
    "expandedTitle": "STRUCTURED PROGRAMMING APPLICATIONS                                             "
  },
  {
    "subjectNotes": null,
    "courseNumber": "375",
    "subject": "623",
    "campusCode": "NK",
    "openSections": 2,
    "synopsisUrl": "http://www.business.rutgers.edu/current-students/undergrad-newark/academics/courses#msis",
    "subjectGroupNotes": null,
    "offeringUnitCode": "29",
    "offeringUnitTitle": null,
    "title": "COMP NETWORK APPLICA",
    "courseDescription": null,
    "preReqNotes": "(29:623:220 )<em> OR </em>(01:198:170 )",
    "sections": [
      {
        "sectionEligibility": null,
        "sessionDatePrintIndicator": "N",
        "examCode": "C",
        "specialPermissionAddCode": null,
        "crossListedSections": [],
        "sectionNotes": "SPECIAL PERMISSION REQUIREDFOR CONCENTRATION;",
        "specialPermissionDropCode": null,
        "instructors": [],
        "number": "01",
        "majors": [
          {
            "code": "625",
            "isUnitCode": false,
            "isMajorCode": true
          }
        ],
        "sessionDates": null,
        "specialPermissionDropCodeDescription": null,
        "subtopic": null,
        "openStatus": true,
        "comments": [
          {
            "code": "05",
            "description": "Go to http://canvas.rutgers.edu"
          }
        ],
        "minors": [],
        "campusCode": "NK",
        "index": "03125",
        "unitMajors": [],
        "printed": "Y",
        "specialPermissionAddCodeDescription": null,
        "subtitle": null,
        "meetingTimes": [
          {
            "campusLocation": "7",
            "baClassHours": null,
            "roomNumber": "312",
            "pmCode": "P",
            "campusAbbrev": "NWK",
            "campusName": "NEWARK",
            "meetingDay": "M",
            "buildingCode": "1WP",
            "startTime": "0230",
            "endTime": "0350",
            "meetingModeDesc": "LEC",
            "meetingModeCode": "02"
          },
          {
            "campusLocation": "7",
            "baClassHours": null,
            "roomNumber": "312",
            "pmCode": "P",
            "campusAbbrev": "NWK",
            "campusName": "NEWARK",
            "meetingDay": "W",
            "buildingCode": "1WP",
            "startTime": "0100",
            "endTime": "0220",
            "meetingModeDesc": "LEC",
            "meetingModeCode": "02"
          }
        ],
        "legendKey": null,
        "honorPrograms": []
      },
      {
        "sectionEligibility": null,
        "sessionDatePrintIndicator": "N",
        "examCode": "S",
        "specialPermissionAddCode": null,
        "crossListedSections": [],
        "sectionNotes": "SPECIAL PERMISSION REQUIREDFOR CONCENTRATION;",
        "specialPermissionDropCode": null,
        "instructors": [
          {
            "name": "XYNTARAKIS"
          }
        ],
        "number": "61",
        "majors": [
          {
            "code": "625",
            "isUnitCode": false,
            "isMajorCode": true
          }
        ],
        "sessionDates": null,
        "specialPermissionDropCodeDescription": null,
        "subtopic": null,
        "openStatus": true,
        "comments": [
          {
            "code": "05",
            "description": "Go to http://canvas.rutgers.edu"
          }
        ],
        "minors": [],
        "campusCode": "NK",
        "index": "03126",
        "unitMajors": [],
        "printed": "Y",
        "specialPermissionAddCodeDescription": null,
        "subtitle": null,
        "meetingTimes": [
          {
            "campusLocation": "7",
            "baClassHours": null,
            "roomNumber": "120",
            "pmCode": "P",
            "campusAbbrev": "NWK",
            "campusName": "NEWARK",
            "meetingDay": "T",
            "buildingCode": "1WP",
            "startTime": "0600",
            "endTime": "0900",
            "meetingModeDesc": "LEC",
            "meetingModeCode": "02"
          }
        ],
        "legendKey": null,
        "honorPrograms": []
      }
    ],
    "supplementCode": "  ",
    "credits": 3,
    "unitNotes": null,
    "coreCodes": [],
    "courseNotes": null,
    "expandedTitle": "COMPUTER NETWORK APPLICATIONS                                                   "
  },
  {
    "subjectNotes": null,
    "courseNumber": "385",
    "subject": "623",
    "campusCode": "NK",
    "openSections": 1,
    "synopsisUrl": "http://www.business.rutgers.edu/current-students/undergrad-newark/academics/courses#msis",
    "subjectGroupNotes": null,
    "offeringUnitCode": "29",
    "offeringUnitTitle": null,
    "title": "INTRO TO ERP",
    "courseDescription": null,
    "preReqNotes": "(29:623:220 )",
    "sections": [
      {
        "sectionEligibility": null,
        "sessionDatePrintIndicator": "N",
        "examCode": "S",
        "specialPermissionAddCode": null,
        "crossListedSections": [],
        "sectionNotes": null,
        "specialPermissionDropCode": null,
        "instructors": [
          {
            "name": "SINGH, TRIPTI"
          }
        ],
        "number": "60",
        "majors": [
          {
            "code": "625",
            "isUnitCode": false,
            "isMajorCode": true
          }
        ],
        "sessionDates": null,
        "specialPermissionDropCodeDescription": null,
        "subtopic": null,
        "openStatus": true,
        "comments": [
          {
            "code": "05",
            "description": "Go to http://canvas.rutgers.edu"
          }
        ],
        "minors": [],
        "campusCode": "NK",
        "index": "03127",
        "unitMajors": [],
        "printed": "Y",
        "specialPermissionAddCodeDescription": null,
        "subtitle": null,
        "meetingTimes": [
          {
            "campusLocation": "7",
            "baClassHours": null,
            "roomNumber": "120",
            "pmCode": "P",
            "campusAbbrev": "NWK",
            "campusName": "NEWARK",
            "meetingDay": "M",
            "buildingCode": "1WP",
            "startTime": "0600",
            "endTime": "0900",
            "meetingModeDesc": "LEC",
            "meetingModeCode": "02"
          }
        ],
        "legendKey": null,
        "honorPrograms": []
      }
    ],
    "supplementCode": "  ",
    "credits": 3,
    "unitNotes": null,
    "coreCodes": [],
    "courseNotes": null,
    "expandedTitle": "INTRODUCTION TO ENTERPRISE RESOURCE PLANNING                                    "
  },
  {
    "subjectNotes": null,
    "courseNumber": "496",
    "subject": "623",
    "campusCode": "NK",
    "openSections": 1,
    "synopsisUrl": "http://www.business.rutgers.edu/current-students/undergrad-newark/academics/courses#msis",
    "subjectGroupNotes": null,
    "offeringUnitCode": "29",
    "offeringUnitTitle": null,
    "title": "INTERNSHIP/COOP",
    "courseDescription": null,
    "preReqNotes": "(29:623:220 )",
    "sections": [
      {
        "sectionEligibility": null,
        "sessionDatePrintIndicator": "N",
        "examCode": "A",
        "specialPermissionAddCode": "07",
        "crossListedSections": [],
        "sectionNotes": "REQUIRES APPLICATION APPROVAL",
        "specialPermissionDropCode": "1",
        "instructors": [],
        "number": "Q1",
        "majors": [
          {
            "code": "625",
            "isUnitCode": false,
            "isMajorCode": true
          }
        ],
        "sessionDates": null,
        "specialPermissionDropCodeDescription": "1",
        "subtopic": null,
        "openStatus": true,
        "comments": [
          {
            "code": "92",
            "description": "Writing Intensive"
          }
        ],
        "minors": [],
        "campusCode": "NK",
        "index": "03128",
        "unitMajors": [],
        "printed": "Y",
        "specialPermissionAddCodeDescription": "Dean - School of Business",
        "subtitle": null,
        "meetingTimes": [
          {
            "campusLocation": "7",
            "baClassHours": "B",
            "roomNumber": null,
            "pmCode": null,
            "campusAbbrev": "NWK",
            "campusName": "NEWARK",
            "meetingDay": null,
            "buildingCode": null,
            "startTime": null,
            "endTime": null,
            "meetingModeDesc": "INTERNSP",
            "meetingModeCode": "15"
          }
        ],
        "legendKey": null,
        "honorPrograms": []
      }
    ],
    "supplementCode": "  ",
    "credits": null,
    "unitNotes": null,
    "coreCodes": [],
    "courseNotes": null,
    "expandedTitle": "INTERNSHIP/COOPERATIVE                                                          "
  },
  {
    "subjectNotes": null,
    "courseNumber": "499",
    "subject": "623",
    "campusCode": "NK",
    "openSections": 4,
    "synopsisUrl": "http://www.business.rutgers.edu/current-students/undergrad-newark/academics/courses#msis",
    "subjectGroupNotes": null,
    "offeringUnitCode": "29",
    "offeringUnitTitle": null,
    "title": "IND STUDY IN M.S.I.S",
    "courseDescription": null,
    "preReqNotes": null,
    "sections": [
      {
        "sectionEligibility": null,
        "sessionDatePrintIndicator": "N",
        "examCode": "A",
        "specialPermissionAddCode": "07",
        "crossListedSections": [],
        "sectionNotes": "REQUIRES APPLICATION APPROVAL",
        "specialPermissionDropCode": "1",
        "instructors": [],
        "number": "Q1",
        "majors": [
          {
            "code": "625",
            "isUnitCode": false,
            "isMajorCode": true
          }
        ],
        "sessionDates": null,
        "specialPermissionDropCodeDescription": "1",
        "subtopic": null,
        "openStatus": true,
        "comments": [
          {
            "code": "92",
            "description": "Writing Intensive"
          }
        ],
        "minors": [],
        "campusCode": "NK",
        "index": "03129",
        "unitMajors": [],
        "printed": "Y",
        "specialPermissionAddCodeDescription": "Dean - School of Business",
        "subtitle": null,
        "meetingTimes": [
          {
            "campusLocation": "7",
            "baClassHours": "B",
            "roomNumber": null,
            "pmCode": null,
            "campusAbbrev": "NWK",
            "campusName": "NEWARK",
            "meetingDay": null,
            "buildingCode": null,
            "startTime": null,
            "endTime": null,
            "meetingModeDesc": "PROJ-IND",
            "meetingModeCode": "19"
          }
        ],
        "legendKey": null,
        "honorPrograms": []
      },
      {
        "sectionEligibility": null,
        "sessionDatePrintIndicator": "N",
        "examCode": "A",
        "specialPermissionAddCode": "07",
        "crossListedSections": [],
        "sectionNotes": "REQUIRES APPLICATION APPROVAL",
        "specialPermissionDropCode": "1",
        "instructors": [],
        "number": "Q2",
        "majors": [
          {
            "code": "625",
            "isUnitCode": false,
            "isMajorCode": true
          }
        ],
        "sessionDates": null,
        "specialPermissionDropCodeDescription": "1",
        "subtopic": null,
        "openStatus": true,
        "comments": [
          {
            "code": "92",
            "description": "Writing Intensive"
          }
        ],
        "minors": [],
        "campusCode": "NK",
        "index": "03130",
        "unitMajors": [],
        "printed": "Y",
        "specialPermissionAddCodeDescription": "Dean - School of Business",
        "subtitle": null,
        "meetingTimes": [
          {
            "campusLocation": "7",
            "baClassHours": "B",
            "roomNumber": null,
            "pmCode": null,
            "campusAbbrev": "NWK",
            "campusName": "NEWARK",
            "meetingDay": null,
            "buildingCode": null,
            "startTime": null,
            "endTime": null,
            "meetingModeDesc": "PROJ-IND",
            "meetingModeCode": "19"
          }
        ],
        "legendKey": null,
        "honorPrograms": []
      },
      {
        "sectionEligibility": null,
        "sessionDatePrintIndicator": "N",
        "examCode": "A",
        "specialPermissionAddCode": "07",
        "crossListedSections": [],
        "sectionNotes": "REQUIRES APPLICATION APPROVAL",
        "specialPermissionDropCode": "1",
        "instructors": [],
        "number": "Q3",
        "majors": [
          {
            "code": "625",
            "isUnitCode": false,
            "isMajorCode": true
          }
        ],
        "sessionDates": null,
        "specialPermissionDropCodeDescription": "1",
        "subtopic": null,
        "openStatus": true,
        "comments": [
          {
            "code": "92",
            "description": "Writing Intensive"
          }
        ],
        "minors": [],
        "campusCode": "NK",
        "index": "03131",
        "unitMajors": [],
        "printed": "Y",
        "specialPermissionAddCodeDescription": "Dean - School of Business",
        "subtitle": null,
        "meetingTimes": [
          {
            "campusLocation": "7",
            "baClassHours": "B",
            "roomNumber": null,
            "pmCode": null,
            "campusAbbrev": "NWK",
            "campusName": "NEWARK",
            "meetingDay": null,
            "buildingCode": null,
            "startTime": null,
            "endTime": null,
            "meetingModeDesc": "PROJ-IND",
            "meetingModeCode": "19"
          }
        ],
        "legendKey": null,
        "honorPrograms": []
      },
      {
        "sectionEligibility": null,
        "sessionDatePrintIndicator": "N",
        "examCode": "A",
        "specialPermissionAddCode": "07",
        "crossListedSections": [],
        "sectionNotes": "REQUIRES APPLICATION APPROVAL",
        "specialPermissionDropCode": "1",
        "instructors": [],
        "number": "Q4",
        "majors": [
          {
            "code": "625",
            "isUnitCode": false,
            "isMajorCode": true
          }
        ],
        "sessionDates": null,
        "specialPermissionDropCodeDescription": "1",
        "subtopic": null,
        "openStatus": true,
        "comments": [
          {
            "code": "92",
            "description": "Writing Intensive"
          }
        ],
        "minors": [],
        "campusCode": "NK",
        "index": "03132",
        "unitMajors": [],
        "printed": "Y",
        "specialPermissionAddCodeDescription": "Dean - School of Business",
        "subtitle": null,
        "meetingTimes": [
          {
            "campusLocation": "7",
            "baClassHours": "B",
            "roomNumber": null,
            "pmCode": null,
            "campusAbbrev": "NWK",
            "campusName": "NEWARK",
            "meetingDay": null,
            "buildingCode": null,
            "startTime": null,
            "endTime": null,
            "meetingModeDesc": "PROJ-IND",
            "meetingModeCode": "19"
          }
        ],
        "legendKey": null,
        "honorPrograms": []
      }
    ],
    "supplementCode": "  ",
    "credits": null,
    "unitNotes": null,
    "coreCodes": [],
    "courseNotes": null,
    "expandedTitle": "MIS INDEPENDENT STUDY                                                           "
  }
]