[
  {
    "subjectNotes": null,
    "courseNumber": "104",
    "subject": "089",
    "campusCode": "NK",
    "openSections": 2,
    "synopsisUrl": null,
    "subjectGroupNotes": null,
    "offeringUnitCode": "21",
    "offeringUnitTitle": null,
    "title": "INTRO TO VIDEO PROD",
    "courseDescription": null,
    "preReqNotes": null,
    "sections": [
      {
        "sectionEligibility": "1ST YEAR AND SOPHOMORES ",
        "sessionDatePrintIndicator": "N",
        "examCode": "C",
        "specialPermissionAddCode": null,
        "crossListedSections": [],
        "sectionNotes": "LAB FEE: $125.00COURSE MEETS: HAH 411 & HAH 412JUNIORS & SENIORS NEED SPN",
        "specialPermissionDropCode": null,
        "instructors": [
          {
            "name": "TAKESUE, KIMI"
          }
        ],
        "number": "01",
        "majors": [],
        "sessionDates": null,
        "specialPermissionDropCodeDescription": null,
        "subtopic": null,
        "openStatus": true,
        "comments": [],
        "minors": [],
        "campusCode": "NK",
        "index": "00872",
        "unitMajors": [],
        "printed": "Y",
        "specialPermissionAddCodeDescription": null,
        "subtitle": null,
        "meetingTimes": [
          {
            "campusLocation": "7",
            "baClassHours": null,
            "roomNumber": "411",
            "pmCode": "A",
            "campusAbbrev": "NWK",
            "campusName": "NEWARK",
            "meetingDay": "T",
            "buildingCode": "HAH",
            "startTime": "1000",
            "endTime": "1250",
            "meetingModeDesc": "STUDIO",
            "meetingModeCode": "07"
          }
        ],
        "legendKey": null,
        "honorPrograms": []
      },
      {
        "sectionEligibility": "1ST YEAR AND SOPHOMORES ",
        "sessionDatePrintIndicator": "N",
        "examCode": "C",
        "specialPermissionAddCode": null,
        "crossListedSections": [],
        "sectionNotes": "COURSE MEETS: HAH 411 & HAH 412JUNIORS & SENIORS NEED SPN",
        "specialPermissionDropCode": null,
        "instructors": [
          {
            "name": "VELEZ ALVELO"
          }
        ],
        "number": "02",
        "majors": [],
        "sessionDates": null,
        "specialPermissionDropCodeDescription": null,
        "subtopic": null,
        "openStatus": true,
        "comments": [],
        "minors": [],
        "campusCode": "NK",
        "index": "00873",
        "unitMajors": [],
        "printed": "Y",
        "specialPermissionAddCodeDescription": null,
        "subtitle": null,
        "meetingTimes": [
          {
            "campusLocation": "7",
            "baClassHours": null,
            "roomNumber": "411",
            "pmCode": "A",
            "campusAbbrev": "NWK",
            "campusName": "NEWARK",
            "meetingDay": "TH",
            "buildingCode": "HAH",
            "startTime": "1000",
            "endTime": "1250",
            "meetingModeDesc": "STUDIO",
            "meetingModeCode": "07"
          }
        ],
        "legendKey": null,
        "honorPrograms": []
      }
    ],
    "supplementCode": "  ",
    "credits": 4,
    "unitNotes": null,
    "coreCodes": [],
    "courseNotes": null,
    "expandedTitle": "INTRODUCTION TO VIDEO PRODUCTION                                                "
  },
  {
    "subjectNotes": null,
    "courseNumber": "204",
    "subject": "089",
    "campusCode": "NK",
    "openSections": 0,
    "synopsisUrl": null,
    "subjectGroupNotes": null,
    "offeringUnitCode": "21",
    "offeringUnitTitle": null,
    "title": "INTERMED VID PROD",
    "courseDescription": null,
    "preReqNotes": "(21:089:104 )",
    "sections": [
      {
        "sectionEligibility": null,
        "sessionDatePrintIndicator": "N",
        "examCode": "C",
        "specialPermissionAddCode": null,
        "crossListedSections": [],
        "sectionNotes": null,
        "specialPermissionDropCode": null,
        "instructors": [
          {
            "name": "VELEZ ALVELO"
          }
        ],
        "number": "01",
        "majors": [],
        "sessionDates": null,
        "specialPermissionDropCodeDescription": null,
        "subtopic": null,
        "openStatus": false,
        "comments": [],
        "minors": [],
        "campusCode": "NK",
        "index": "00874",
        "unitMajors": [],
        "printed": "Y",
        "specialPermissionAddCodeDescription": null,
        "subtitle": null,
        "meetingTimes": [
          {
            "campusLocation": "7",
            "baClassHours": null,
            "roomNumber": "411",
            "pmCode": "A",
            "campusAbbrev": "NWK",
            "campusName": "NEWARK",
            "meetingDay": "W",
            "buildingCode": "HAH",
            "startTime": "1000",
            "endTime": "0220",
            "meetingModeDesc": "STUDIO",
            "meetingModeCode": "07"
          }
        ],
        "legendKey": null,
        "honorPrograms": []
      }
    ],
    "supplementCode": "  ",
    "credits": 4,
    "unitNotes": null,
    "coreCodes": [],
    "courseNotes": null,
    "expandedTitle": "INTERMEDIATE VIDEO PRODUCTION                                                   "
  },
  {
    "subjectNotes": null,
    "courseNumber": "256",
    "subject": "089",
    "campusCode": "NK",
    "openSections": 1,
    "synopsisUrl": null,
    "subjectGroupNotes": null,
    "offeringUnitCode": "21",
    "offeringUnitTitle": null,
    "title": "ART&HISTORY OF FILM",
    "courseDescription": null,
    "preReqNotes": null,
    "sections": [
      {
        "sectionEligibility": null,
        "sessionDatePrintIndicator": "N",
        "examCode": "C",
        "specialPermissionAddCode": null,
        "crossListedSections": [],
        "sectionNotes": null,
        "specialPermissionDropCode": null,
        "instructors": [
          {
            "name": "SCHEMMERLING, K"
          }
        ],
        "number": "01",
        "majors": [],
        "sessionDates": null,
        "specialPermissionDropCodeDescription": null,
        "subtopic": null,
        "openStatus": true,
        "comments": [],
        "minors": [],
        "campusCode": "NK",
        "index": "00875",
        "unitMajors": [],
        "printed": "Y",
        "specialPermissionAddCodeDescription": null,
        "subtitle": null,
        "meetingTimes": [
          {
            "campusLocation": "7",
            "baClassHours": null,
            "roomNumber": "240",
            "pmCode": "P",
            "campusAbbrev": "NWK",
            "campusName": "NEWARK",
            "meetingDay": "T",
            "buildingCode": "SMT",
            "startTime": "0230",
            "endTime": "0520",
            "meetingModeDesc": "STUDIO",
            "meetingModeCode": "07"
          }
        ],
        "legendKey": null,
        "honorPrograms": []
      }
    ],
    "supplementCode": "  ",
    "credits": 3,
    "unitNotes": null,
    "coreCodes": [],
    "courseNotes": null,
    "expandedTitle": "ART & HISTORY OF FILM                                                           "
  },
  {
    "subjectNotes": null,
    "courseNumber": "281",
    "subject": "089",
    "campusCode": "NK",
    "openSections": 1,
    "synopsisUrl": null,
    "subjectGroupNotes": null,
    "offeringUnitCode": "21",
    "offeringUnitTitle": null,
    "title": "PORT OF CLIM INEQUAL",
    "courseDescription": null,
    "preReqNotes": null,
    "sections": [
      {
        "sectionEligibility": null,
        "sessionDatePrintIndicator": "N",
        "examCode": "C",
        "specialPermissionAddCode": null,
        "crossListedSections": [],
        "sectionNotes": null,
        "specialPermissionDropCode": null,
        "instructors": [
          {
            "name": "GARCIA, WILLIAM"
          }
        ],
        "number": "01",
        "majors": [],
        "sessionDates": null,
        "specialPermissionDropCodeDescription": null,
        "subtopic": null,
        "openStatus": true,
        "comments": [],
        "minors": [],
        "campusCode": "NK",
        "index": "00876",
        "unitMajors": [],
        "printed": "Y",
        "specialPermissionAddCodeDescription": null,
        "subtitle": null,
        "meetingTimes": [
          {
            "campusLocation": "7",
            "baClassHours": null,
            "roomNumber": "408",
            "pmCode": "A",
            "campusAbbrev": "NWK",
            "campusName": "NEWARK",
            "meetingDay": "TH",
            "buildingCode": "HAH",
            "startTime": "1000",
            "endTime": "1250",
            "meetingModeDesc": "STUDIO",
            "meetingModeCode": "07"
          }
        ],
        "legendKey": null,
        "honorPrograms": []
      }
    ],
    "supplementCode": "  ",
    "credits": 3,
    "unitNotes": null,
    "coreCodes": [
      {
        "id": "2024121089281  29",
        "year": "2024",
        "subject": "089",
        "description": "Arts & Media",
        "term": "1",
        "code": "Art:M",
        "offeringUnitCode": "21",
        "coreCode": "Art:M",
        "coreCodeDescription": "Arts & Media",
        "lastUpdated": 1468423846000,
        "course": "281",
        "offeringUnitCampus": "NK",
        "supplement": "  ",
        "unit": "21",
        "effective": "20241",
        "coreCodeReferenceId": "29"
      }
    ],
    "courseNotes": null,
    "expandedTitle": "PORTRAITS OF CLIMATE INEQUALITIES"
  },
  {
    "subjectNotes": null,
    "courseNumber": "319",
    "subject": "089",
    "campusCode": "NK",
    "openSections": 1,
    "synopsisUrl": null,
    "subjectGroupNotes": null,
    "offeringUnitCode": "21",
    "offeringUnitTitle": null,
    "title": "NARRATIVE PROD",
    "courseDescription": null,
    "preReqNotes": "(21:089:104 )<em> AND </em>(21:089:204 )<em> AND </em>(21:089:445 )",
    "sections": [
      {
        "sectionEligibility": null,
        "sessionDatePrintIndicator": "N",
        "examCode": "C",
        "specialPermissionAddCode": "04",
        "crossListedSections": [],
        "sectionNotes": null,
        "specialPermissionDropCode": null,
        "instructors": [
          {
            "name": "TAKESUE, KIMI"
          }
        ],
        "number": "01",
        "majors": [],
        "sessionDates": null,
        "specialPermissionDropCodeDescription": null,
        "subtopic": null,
        "openStatus": true,
        "comments": [],
        "minors": [],
        "campusCode": "NK",
        "index": "00877",
        "unitMajors": [],
        "printed": "Y",
        "specialPermissionAddCodeDescription": "Instructor",
        "subtitle": null,
        "meetingTimes": [
          {
            "campusLocation": "7",
            "baClassHours": null,
            "roomNumber": "411",
            "pmCode": "P",
            "campusAbbrev": "NWK",
            "campusName": "NEWARK",
            "meetingDay": "M",
            "buildingCode": "HAH",
            "startTime": "0100",
            "endTime": "0520",
            "meetingModeDesc": "STUDIO",
            "meetingModeCode": "07"
          }
        ],
        "legendKey": null,
        "honorPrograms": []
      }
    ],
    "supplementCode": "  ",
    "credits": 4,
    "unitNotes": null,
    "coreCodes": [],
    "courseNotes": null,
    "expandedTitle": "NARRATIVE PRODUCTION                                                            "
  },
  {
    "subjectNotes": null,
    "courseNumber": "331",
    "subject": "089",
    "campusCode": "NK",
    "openSections": 1,
    "synopsisUrl": null,
    "subjectGroupNotes": null,
    "offeringUnitCode": "21",
    "offeringUnitTitle": null,
    "title": "PRODUCTION LAB",
    "courseDescription": null,
    "preReqNotes": "(21:089:204 )",
    "sections": [
      {
        "sectionEligibility": null,
        "sessionDatePrintIndicator": "N",
        "examCode": "A",
        "specialPermissionAddCode": "04",
        "crossListedSections": [],
        "sectionNotes": null,
        "specialPermissionDropCode": null,
        "instructors": [
          {
            "name": "STACHIW"
          }
        ],
        "number": "01",
        "majors": [],
        "sessionDates": null,
        "specialPermissionDropCodeDescription": null,
        "subtopic": null,
        "openStatus": true,
        "comments": [],
        "minors": [],
        "campusCode": "NK",
        "index": "00878",
        "unitMajors": [],
        "printed": "Y",
        "specialPermissionAddCodeDescription": "Instructor",
        "subtitle": null,
        "meetingTimes": [
          {
            "campusLocation": "7",
            "baClassHours": null,
            "roomNumber": "408",
            "pmCode": "A",
            "campusAbbrev": "NWK",
            "campusName": "NEWARK",
            "meetingDay": "F",
            "buildingCode": "HAH",
            "startTime": "1000",
            "endTime": "0220",
            "meetingModeDesc": "STUDIO",
            "meetingModeCode": "07"
          }
        ],
        "legendKey": null,
        "honorPrograms": []
      }
    ],
    "supplementCode": "  ",
    "credits": 3,
    "unitNotes": null,
    "coreCodes": [],
    "courseNotes": null,
    "expandedTitle": null
  },
  {
    "subjectNotes": null,
    "courseNumber": "393",
    "subject": "089",
    "campusCode": "NK",
    "openSections": 1,
    "synopsisUrl": null,
    "subjectGroupNotes": null,
    "offeringUnitCode": "21",
    "offeringUnitTitle": null,
    "title": "INTERN IN VIDEO PROD",
    "courseDescription": null,
    "preReqNotes": "(21:089:204 )",
    "sections": [
      {
        "sectionEligibility": null,
        "sessionDatePrintIndicator": "N",
        "examCode": "A",
        "specialPermissionAddCode": "04",
        "crossListedSections": [],
        "sectionNotes": null,
        "specialPermissionDropCode": null,
        "instructors": [
          {
            "name": "GARCIA, WILLIAM"
          }
        ],
        "number": "01",
        "majors": [],
        "sessionDates": null,
        "specialPermissionDropCodeDescription": null,
        "subtopic": null,
        "openStatus": true,
        "comments": [],
        "minors": [],
        "campusCode": "NK",
        "index": "00879",
        "unitMajors": [],
        "printed": "Y",
        "specialPermissionAddCodeDescription": "Instructor",
        "subtitle": null,
        "meetingTimes": [
          {
            "campusLocation": "7",
            "baClassHours": "B",
            "roomNumber": null,
            "pmCode": null,
            "campusAbbrev": "NWK",
            "campusName": "NEWARK",
            "meetingDay": null,
            "buildingCode": null,
            "startTime": null,
            "endTime": null,
            "meetingModeDesc": "INTERNSP",
            "meetingModeCode": "15"
          }
        ],
        "legendKey": null,
        "honorPrograms": []
      }
    ],
    "supplementCode": "  ",
    "credits": 3,
    "unitNotes": null,
    "coreCodes": [],
    "courseNotes": null,
    "expandedTitle": "INTERNSHIP IN VIDEO PRODUCTION                                                  "
  },
  {
    "subjectNotes": null,
    "courseNumber": "440",
    "subject": "089",
    "campusCode": "NK",
    "openSections": 1,
    "synopsisUrl": null,
    "subjectGroupNotes": null,
    "offeringUnitCode": "21",
    "offeringUnitTitle": null,
    "title": "TOPICS IN VID PROD",
    "courseDescription": null,
    "preReqNotes": "(21:089:104 )",
    "sections": [
      {
        "sectionEligibility": null,
        "sessionDatePrintIndicator": "N",
        "examCode": "A",
        "specialPermissionAddCode": null,
        "crossListedSections": [],
        "sectionNotes": null,
        "specialPermissionDropCode": null,
        "instructors": [
          {
            "name": "GARCIA, WILLIAM"
          }
        ],
        "number": "01",
        "majors": [],
        "sessionDates": null,
        "specialPermissionDropCodeDescription": null,
        "subtopic": null,
        "openStatus": true,
        "comments": [],
        "minors": [],
        "campusCode": "NK",
        "index": "00880",
        "unitMajors": [],
        "printed": "Y",
        "specialPermissionAddCodeDescription": null,
        "subtitle": "DIRECTING                               ",
        "meetingTimes": [
          {
            "campusLocation": "7",
            "baClassHours": null,
            "roomNumber": "408",
            "pmCode": "P",
            "campusAbbrev": "NWK",
            "campusName": "NEWARK",
            "meetingDay": "TH",
            "buildingCode": "HAH",
            "startTime": "0100",
            "endTime": "0350",
            "meetingModeDesc": "STUDIO",
            "meetingModeCode": "07"
          }
        ],
        "legendKey": null,
        "honorPrograms": []
      }
    ],
    "supplementCode": "  ",
    "credits": 3,
    "unitNotes": null,
    "coreCodes": [],
    "courseNotes": null,
    "expandedTitle": null
  }
]