[
  {
    "subjectNotes": null,
    "courseNumber": "101",
    "subject": "525",
    "campusCode": "NK",
    "openSections": 1,
    "synopsisUrl": null,
    "subjectGroupNotes": null,
    "offeringUnitCode": "21",
    "offeringUnitTitle": null,
    "title": "HONORS COLLOQUIUM",
    "courseDescription": null,
    "preReqNotes": null,
    "sections": [
      {
        "sectionEligibility": null,
        "sessionDatePrintIndicator": "N",
        "examCode": "C",
        "specialPermissionAddCode": "03",
        "crossListedSections": [],
        "sectionNotes": null,
        "specialPermissionDropCode": "3",
        "instructors": [
          {
            "name": "TROIANO, LAURA"
          }
        ],
        "number": "01",
        "majors": [],
        "sessionDates": null,
        "specialPermissionDropCodeDescription": "3",
        "subtopic": null,
        "openStatus": true,
        "comments": [
          {
            "code": "87",
            "description": "For Honors Students only"
          }
        ],
        "minors": [],
        "campusCode": "NK",
        "index": "01326",
        "unitMajors": [],
        "printed": "Y",
        "specialPermissionAddCodeDescription": "Department staff",
        "subtitle": "CONCEIVING FANTASY                      ",
        "meetingTimes": [
          {
            "campusLocation": "7",
            "baClassHours": null,
            "roomNumber": "215",
            "pmCode": "A",
            "campusAbbrev": "NWK",
            "campusName": "NEWARK",
            "meetingDay": "M",
            "buildingCode": "ENG",
            "startTime": "1000",
            "endTime": "1120",
            "meetingModeDesc": "HONORS",
            "meetingModeCode": "21"
          },
          {
            "campusLocation": "7",
            "baClassHours": null,
            "roomNumber": "215",
            "pmCode": "A",
            "campusAbbrev": "NWK",
            "campusName": "NEWARK",
            "meetingDay": "W",
            "buildingCode": "ENG",
            "startTime": "1000",
            "endTime": "1120",
            "meetingModeDesc": "HONORS",
            "meetingModeCode": "21"
          }
        ],
        "legendKey": null,
        "honorPrograms": [
          {
            "code": "1"
          }
        ]
      }
    ],
    "supplementCode": "  ",
    "credits": 3,
    "unitNotes": null,
    "coreCodes": [],
    "courseNotes": null,
    "expandedTitle": null
  },
  {
    "subjectNotes": null,
    "courseNumber": "252",
    "subject": "525",
    "campusCode": "NK",
    "openSections": 3,
    "synopsisUrl": null,
    "subjectGroupNotes": null,
    "offeringUnitCode": "21",
    "offeringUnitTitle": null,
    "title": "HONORS SEM HUMANIT",
    "courseDescription": null,
    "preReqNotes": null,
    "sections": [
      {
        "sectionEligibility": null,
        "sessionDatePrintIndicator": "N",
        "examCode": "A",
        "specialPermissionAddCode": "03",
        "crossListedSections": [
          {
            "courseNumber": "490",
            "supplementCode": "  ",
            "sectionNumber": "Q3",
            "offeringUnitCampus": "NK",
            "primaryRegistrationIndex": "05179",
            "offeringUnitCode": "21",
            "registrationIndex": "05176",
            "subjectCode": "510"
          },
          {
            "courseNumber": "488",
            "supplementCode": "DU",
            "sectionNumber": "Q2",
            "offeringUnitCampus": "NK",
            "primaryRegistrationIndex": "05179",
            "offeringUnitCode": "21",
            "registrationIndex": "00716",
            "subjectCode": "050"
          }
        ],
        "sectionNotes": "SECTION OPEN TO HONORSCOLLEGE STUDENTS ONLY",
        "specialPermissionDropCode": "3",
        "instructors": [
          {
            "name": "RIZZO, MARY"
          }
        ],
        "number": "01",
        "majors": [],
        "sessionDates": null,
        "specialPermissionDropCodeDescription": "3",
        "subtopic": null,
        "openStatus": true,
        "comments": [],
        "minors": [],
        "campusCode": "NK",
        "index": "05179",
        "unitMajors": [],
        "printed": "Y",
        "specialPermissionAddCodeDescription": "Department staff",
        "subtitle": "BLACK POWER                             ",
        "meetingTimes": [
          {
            "campusLocation": "7",
            "baClassHours": null,
            "roomNumber": "352",
            "pmCode": "P",
            "campusAbbrev": "NWK",
            "campusName": "NEWARK",
            "meetingDay": "TH",
            "buildingCode": "CON",
            "startTime": "0230",
            "endTime": "0520",
            "meetingModeDesc": "LEC",
            "meetingModeCode": "02"
          }
        ],
        "legendKey": null,
        "honorPrograms": []
      },
      {
        "sectionEligibility": null,
        "sessionDatePrintIndicator": "N",
        "examCode": "A",
        "specialPermissionAddCode": "03",
        "crossListedSections": [
          {
            "courseNumber": "543",
            "supplementCode": "  ",
            "sectionNumber": "01",
            "offeringUnitCampus": "NK",
            "primaryRegistrationIndex": "05181",
            "offeringUnitCode": "26",
            "registrationIndex": "05180",
            "subjectCode": "510"
          },
          {
            "courseNumber": "587",
            "supplementCode": "  ",
            "sectionNumber": "01",
            "offeringUnitCampus": "NK",
            "primaryRegistrationIndex": "05181",
            "offeringUnitCode": "26",
            "registrationIndex": "05300",
            "subjectCode": "478"
          }
        ],
        "sectionNotes": "SECTION OPEN TO HONORS COLLEGESTUDENTS ONLY",
        "specialPermissionDropCode": "3",
        "instructors": [
          {
            "name": "AMZI-ERDOGDULAR"
          }
        ],
        "number": "02",
        "majors": [],
        "sessionDates": null,
        "specialPermissionDropCodeDescription": "3",
        "subtopic": null,
        "openStatus": false,
        "comments": [],
        "minors": [],
        "campusCode": "NK",
        "index": "05181",
        "unitMajors": [],
        "printed": "Y",
        "specialPermissionAddCodeDescription": "Department staff",
        "subtitle": "MIGRATION IN THE MIDDLE EAST            ",
        "meetingTimes": [
          {
            "campusLocation": "7",
            "baClassHours": null,
            "roomNumber": "215",
            "pmCode": "P",
            "campusAbbrev": "NWK",
            "campusName": "NEWARK",
            "meetingDay": "T",
            "buildingCode": "ENG",
            "startTime": "0230",
            "endTime": "0520",
            "meetingModeDesc": "LEC",
            "meetingModeCode": "02"
          }
        ],
        "legendKey": null,
        "honorPrograms": []
      },
      {
        "sectionEligibility": null,
        "sessionDatePrintIndicator": "N",
        "examCode": "A",
        "specialPermissionAddCode": "03",
        "crossListedSections": [
          {
            "courseNumber": "490",
            "supplementCode": "  ",
            "sectionNumber": "Q2",
            "offeringUnitCampus": "NK",
            "primaryRegistrationIndex": "01310",
            "offeringUnitCode": "21",
            "registrationIndex": "01309",
            "subjectCode": "510"
          }
        ],
        "sectionNotes": "CROSS-LIST 21:510:490:Q2",
        "specialPermissionDropCode": "3",
        "instructors": [
          {
            "name": "VARLIK, NUKHET"
          }
        ],
        "number": "62",
        "majors": [],
        "sessionDates": null,
        "specialPermissionDropCodeDescription": "3",
        "subtopic": null,
        "openStatus": true,
        "comments": [
          {
            "code": "06",
            "description": "Section open to Honors College students only"
          }
        ],
        "minors": [],
        "campusCode": "NK",
        "index": "01310",
        "unitMajors": [],
        "printed": "Y",
        "specialPermissionAddCodeDescription": "Department staff",
        "subtitle": "HEALTH AND DISEASE IN ISLAMIC HISTORY   ",
        "meetingTimes": [
          {
            "campusLocation": "7",
            "baClassHours": null,
            "roomNumber": "403",
            "pmCode": "P",
            "campusAbbrev": "NWK",
            "campusName": "NEWARK",
            "meetingDay": "W",
            "buildingCode": "WRN",
            "startTime": "0600",
            "endTime": "0900",
            "meetingModeDesc": "SEM",
            "meetingModeCode": "04"
          }
        ],
        "legendKey": null,
        "honorPrograms": []
      },
      {
        "sectionEligibility": null,
        "sessionDatePrintIndicator": "N",
        "examCode": "A",
        "specialPermissionAddCode": "03",
        "crossListedSections": [
          {
            "courseNumber": "386",
            "supplementCode": "  ",
            "sectionNumber": "63",
            "offeringUnitCampus": "NK",
            "primaryRegistrationIndex": "01165",
            "offeringUnitCode": "21",
            "registrationIndex": "01164",
            "subjectCode": "352"
          }
        ],
        "sectionNotes": "CROSS-LIST: 21:352:386",
        "specialPermissionDropCode": "3",
        "instructors": [
          {
            "name": "GARCIA, FRANK"
          }
        ],
        "number": "63",
        "majors": [],
        "sessionDates": null,
        "specialPermissionDropCodeDescription": "3",
        "subtopic": null,
        "openStatus": true,
        "comments": [
          {
            "code": "06",
            "description": "Section open to Honors College students only"
          }
        ],
        "minors": [],
        "campusCode": "NK",
        "index": "01165",
        "unitMajors": [],
        "printed": "Y",
        "specialPermissionAddCodeDescription": "Department staff",
        "subtitle": "LATINA/O/X GANG NARRATIVES              ",
        "meetingTimes": [
          {
            "campusLocation": "7",
            "baClassHours": null,
            "roomNumber": "216",
            "pmCode": "P",
            "campusAbbrev": "NWK",
            "campusName": "NEWARK",
            "meetingDay": "TH",
            "buildingCode": "HIL",
            "startTime": "0600",
            "endTime": "0900",
            "meetingModeDesc": "HONORS",
            "meetingModeCode": "21"
          }
        ],
        "legendKey": null,
        "honorPrograms": []
      }
    ],
    "supplementCode": "  ",
    "credits": 3,
    "unitNotes": null,
    "coreCodes": [],
    "courseNotes": null,
    "expandedTitle": "HONORS SEMINAR IN THE HUMANITIES                                                "
  },
  {
    "subjectNotes": null,
    "courseNumber": "254",
    "subject": "525",
    "campusCode": "NK",
    "openSections": 1,
    "synopsisUrl": null,
    "subjectGroupNotes": null,
    "offeringUnitCode": "21",
    "offeringUnitTitle": null,
    "title": "HONORS SEM SOCIAL SC",
    "courseDescription": null,
    "preReqNotes": null,
    "sections": [
      {
        "sectionEligibility": null,
        "sessionDatePrintIndicator": "N",
        "examCode": "A",
        "specialPermissionAddCode": "03",
        "crossListedSections": [],
        "sectionNotes": null,
        "specialPermissionDropCode": "3",
        "instructors": [
          {
            "name": "NEWBOLD"
          }
        ],
        "number": "01",
        "majors": [],
        "sessionDates": null,
        "specialPermissionDropCodeDescription": "3",
        "subtopic": null,
        "openStatus": true,
        "comments": [
          {
            "code": "06",
            "description": "Section open to Honors College students only"
          }
        ],
        "minors": [],
        "campusCode": "NK",
        "index": "01327",
        "unitMajors": [],
        "printed": "Y",
        "specialPermissionAddCodeDescription": "Department staff",
        "subtitle": "THE SUPREME COURT IN THE 21ST CENTURY   ",
        "meetingTimes": [
          {
            "campusLocation": "7",
            "baClassHours": null,
            "roomNumber": "301",
            "pmCode": "P",
            "campusAbbrev": "NWK",
            "campusName": "NEWARK",
            "meetingDay": "W",
            "buildingCode": "ENG",
            "startTime": "0100",
            "endTime": "0220",
            "meetingModeDesc": "HONORS",
            "meetingModeCode": "21"
          },
          {
            "campusLocation": "7",
            "baClassHours": null,
            "roomNumber": "301",
            "pmCode": "P",
            "campusAbbrev": "NWK",
            "campusName": "NEWARK",
            "meetingDay": "M",
            "buildingCode": "ENG",
            "startTime": "0230",
            "endTime": "0350",
            "meetingModeDesc": "HONORS",
            "meetingModeCode": "21"
          }
        ],
        "legendKey": null,
        "honorPrograms": []
      }
    ],
    "supplementCode": "  ",
    "credits": 3,
    "unitNotes": null,
    "coreCodes": [],
    "courseNotes": null,
    "expandedTitle": null
  },
  {
    "subjectNotes": null,
    "courseNumber": "395",
    "subject": "525",
    "campusCode": "NK",
    "openSections": 2,
    "synopsisUrl": null,
    "subjectGroupNotes": null,
    "offeringUnitCode": "21",
    "offeringUnitTitle": null,
    "title": "JR SCHOLRS INQRY MET",
    "courseDescription": null,
    "preReqNotes": null,
    "sections": [
      {
        "sectionEligibility": null,
        "sessionDatePrintIndicator": "N",
        "examCode": "O",
        "specialPermissionAddCode": "03",
        "crossListedSections": [],
        "sectionNotes": null,
        "specialPermissionDropCode": "3",
        "instructors": [
          {
            "name": "TROIANO, LAURA"
          }
        ],
        "number": "01",
        "majors": [],
        "sessionDates": null,
        "specialPermissionDropCodeDescription": "3",
        "subtopic": null,
        "openStatus": true,
        "comments": [
          {
            "code": "06",
            "description": "Section open to Honors College students only"
          }
        ],
        "minors": [],
        "campusCode": "NK",
        "index": "01328",
        "unitMajors": [],
        "printed": "Y",
        "specialPermissionAddCodeDescription": "Department staff",
        "subtitle": "HONORS PROSPECTUS                       ",
        "meetingTimes": [
          {
            "campusLocation": "7",
            "baClassHours": null,
            "roomNumber": "211",
            "pmCode": "A",
            "campusAbbrev": "NWK",
            "campusName": "NEWARK",
            "meetingDay": "W",
            "buildingCode": "ENG",
            "startTime": "0830",
            "endTime": "0950",
            "meetingModeDesc": "HONORS",
            "meetingModeCode": "21"
          }
        ],
        "legendKey": null,
        "honorPrograms": [
          {
            "code": "1"
          }
        ]
      },
      {
        "sectionEligibility": null,
        "sessionDatePrintIndicator": "N",
        "examCode": "O",
        "specialPermissionAddCode": "03",
        "crossListedSections": [],
        "sectionNotes": null,
        "specialPermissionDropCode": "3",
        "instructors": [
          {
            "name": "TROIANO, LAURA"
          }
        ],
        "number": "02",
        "majors": [],
        "sessionDates": null,
        "specialPermissionDropCodeDescription": "3",
        "subtopic": null,
        "openStatus": true,
        "comments": [
          {
            "code": "06",
            "description": "Section open to Honors College students only"
          }
        ],
        "minors": [],
        "campusCode": "NK",
        "index": "01329",
        "unitMajors": [],
        "printed": "Y",
        "specialPermissionAddCodeDescription": "Department staff",
        "subtitle": "HONORS PROSPECTUS                       ",
        "meetingTimes": [
          {
            "campusLocation": "7",
            "baClassHours": null,
            "roomNumber": "203",
            "pmCode": "P",
            "campusAbbrev": "NWK",
            "campusName": "NEWARK",
            "meetingDay": "W",
            "buildingCode": "ENG",
            "startTime": "0100",
            "endTime": "0220",
            "meetingModeDesc": "HONORS",
            "meetingModeCode": "21"
          }
        ],
        "legendKey": null,
        "honorPrograms": []
      }
    ],
    "supplementCode": "  ",
    "credits": 1,
    "unitNotes": null,
    "coreCodes": [],
    "courseNotes": null,
    "expandedTitle": null
  },
  {
    "subjectNotes": null,
    "courseNumber": "401",
    "subject": "525",
    "campusCode": "NK",
    "openSections": 1,
    "synopsisUrl": null,
    "subjectGroupNotes": null,
    "offeringUnitCode": "21",
    "offeringUnitTitle": null,
    "title": "INDEPENDENT STUDY",
    "courseDescription": null,
    "preReqNotes": null,
    "sections": [
      {
        "sectionEligibility": null,
        "sessionDatePrintIndicator": "N",
        "examCode": "A",
        "specialPermissionAddCode": "03",
        "crossListedSections": [],
        "sectionNotes": null,
        "specialPermissionDropCode": "3",
        "instructors": [
          {
            "name": "TROIANO, LAURA"
          }
        ],
        "number": "01",
        "majors": [],
        "sessionDates": null,
        "specialPermissionDropCodeDescription": "3",
        "subtopic": null,
        "openStatus": true,
        "comments": [
          {
            "code": "06",
            "description": "Section open to Honors College students only"
          }
        ],
        "minors": [],
        "campusCode": "NK",
        "index": "01330",
        "unitMajors": [],
        "printed": "Y",
        "specialPermissionAddCodeDescription": "Department staff",
        "subtitle": "RESEARCH I                              ",
        "meetingTimes": [
          {
            "campusLocation": "7",
            "baClassHours": "B",
            "roomNumber": null,
            "pmCode": null,
            "campusAbbrev": "NWK",
            "campusName": "NEWARK",
            "meetingDay": null,
            "buildingCode": null,
            "startTime": null,
            "endTime": null,
            "meetingModeDesc": "HONORS",
            "meetingModeCode": "21"
          }
        ],
        "legendKey": null,
        "honorPrograms": [
          {
            "code": "1"
          }
        ]
      }
    ],
    "supplementCode": "  ",
    "credits": null,
    "unitNotes": null,
    "coreCodes": [],
    "courseNotes": null,
    "expandedTitle": "INDEPENDENT STUDY                                                               "
  },
  {
    "subjectNotes": null,
    "courseNumber": "450",
    "subject": "525",
    "campusCode": "NK",
    "openSections": 1,
    "synopsisUrl": null,
    "subjectGroupNotes": null,
    "offeringUnitCode": "21",
    "offeringUnitTitle": null,
    "title": "HONORS INTERNS",
    "courseDescription": null,
    "preReqNotes": null,
    "sections": [
      {
        "sectionEligibility": null,
        "sessionDatePrintIndicator": "N",
        "examCode": "O",
        "specialPermissionAddCode": "03",
        "crossListedSections": [],
        "sectionNotes": null,
        "specialPermissionDropCode": "3",
        "instructors": [
          {
            "name": "TROIANO, LAURA"
          }
        ],
        "number": "01",
        "majors": [],
        "sessionDates": null,
        "specialPermissionDropCodeDescription": "3",
        "subtopic": null,
        "openStatus": true,
        "comments": [
          {
            "code": "06",
            "description": "Section open to Honors College students only"
          }
        ],
        "minors": [],
        "campusCode": "NK",
        "index": "01331",
        "unitMajors": [],
        "printed": "Y",
        "specialPermissionAddCodeDescription": "Department staff",
        "subtitle": null,
        "meetingTimes": [
          {
            "campusLocation": "7",
            "baClassHours": "B",
            "roomNumber": null,
            "pmCode": null,
            "campusAbbrev": "NWK",
            "campusName": "NEWARK",
            "meetingDay": null,
            "buildingCode": null,
            "startTime": null,
            "endTime": null,
            "meetingModeDesc": "HONORS",
            "meetingModeCode": "21"
          }
        ],
        "legendKey": null,
        "honorPrograms": []
      }
    ],
    "supplementCode": "  ",
    "credits": null,
    "unitNotes": null,
    "coreCodes": [],
    "courseNotes": null,
    "expandedTitle": "HONORS INTERNSHIP                                                               "
  },
  {
    "subjectNotes": null,
    "courseNumber": "497",
    "subject": "525",
    "campusCode": "NK",
    "openSections": 1,
    "synopsisUrl": null,
    "subjectGroupNotes": null,
    "offeringUnitCode": "21",
    "offeringUnitTitle": null,
    "title": "SENIOR HONORS PROJ.",
    "courseDescription": null,
    "preReqNotes": null,
    "sections": [
      {
        "sectionEligibility": null,
        "sessionDatePrintIndicator": "N",
        "examCode": "O",
        "specialPermissionAddCode": "03",
        "crossListedSections": [],
        "sectionNotes": null,
        "specialPermissionDropCode": "3",
        "instructors": [
          {
            "name": "TROIANO, LAURA"
          }
        ],
        "number": "01",
        "majors": [],
        "sessionDates": null,
        "specialPermissionDropCodeDescription": "3",
        "subtopic": null,
        "openStatus": true,
        "comments": [
          {
            "code": "06",
            "description": "Section open to Honors College students only"
          }
        ],
        "minors": [],
        "campusCode": "NK",
        "index": "01332",
        "unitMajors": [],
        "printed": "Y",
        "specialPermissionAddCodeDescription": "Department staff",
        "subtitle": null,
        "meetingTimes": [
          {
            "campusLocation": "7",
            "baClassHours": "B",
            "roomNumber": null,
            "pmCode": null,
            "campusAbbrev": "NWK",
            "campusName": "NEWARK",
            "meetingDay": null,
            "buildingCode": null,
            "startTime": null,
            "endTime": null,
            "meetingModeDesc": "HONORS",
            "meetingModeCode": "21"
          }
        ],
        "legendKey": null,
        "honorPrograms": [
          {
            "code": "1"
          }
        ]
      }
    ],
    "supplementCode": "  ",
    "credits": 3,
    "unitNotes": null,
    "coreCodes": [],
    "courseNotes": null,
    "expandedTitle": "SENIOR HONORS PROJECT                                                           "
  },
  {
    "subjectNotes": null,
    "courseNumber": "498",
    "subject": "525",
    "campusCode": "NK",
    "openSections": 1,
    "synopsisUrl": null,
    "subjectGroupNotes": null,
    "offeringUnitCode": "21",
    "offeringUnitTitle": null,
    "title": "SENIOR HONORS PROJ.",
    "courseDescription": null,
    "preReqNotes": null,
    "sections": [
      {
        "sectionEligibility": null,
        "sessionDatePrintIndicator": "N",
        "examCode": "O",
        "specialPermissionAddCode": "03",
        "crossListedSections": [],
        "sectionNotes": null,
        "specialPermissionDropCode": "3",
        "instructors": [
          {
            "name": "TROIANO, LAURA"
          }
        ],
        "number": "01",
        "majors": [],
        "sessionDates": null,
        "specialPermissionDropCodeDescription": "3",
        "subtopic": null,
        "openStatus": true,
        "comments": [
          {
            "code": "06",
            "description": "Section open to Honors College students only"
          }
        ],
        "minors": [],
        "campusCode": "NK",
        "index": "01333",
        "unitMajors": [],
        "printed": "Y",
        "specialPermissionAddCodeDescription": "Department staff",
        "subtitle": null,
        "meetingTimes": [
          {
            "campusLocation": "7",
            "baClassHours": "B",
            "roomNumber": null,
            "pmCode": null,
            "campusAbbrev": "NWK",
            "campusName": "NEWARK",
            "meetingDay": null,
            "buildingCode": null,
            "startTime": null,
            "endTime": null,
            "meetingModeDesc": "HONORS",
            "meetingModeCode": "21"
          }
        ],
        "legendKey": null,
        "honorPrograms": [
          {
            "code": "1"
          }
        ]
      }
    ],
    "supplementCode": "  ",
    "credits": 3,
    "unitNotes": null,
    "coreCodes": [],
    "courseNotes": null,
    "expandedTitle": "SENIOR HONORS PROJECT                                                           "
  }
]