[
  {
    "subjectNotes": null,
    "courseNumber": "100",
    "subject": "300",
    "campusCode": "NK",
    "openSections": 1,
    "synopsisUrl": null,
    "subjectGroupNotes": null,
    "offeringUnitCode": "21",
    "offeringUnitTitle": null,
    "title": "JUMP START SEMINAR",
    "courseDescription": null,
    "preReqNotes": null,
    "sections": [
      {
        "sectionEligibility": null,
        "sessionDatePrintIndicator": "N",
        "examCode": "C",
        "specialPermissionAddCode": null,
        "crossListedSections": [],
        "sectionNotes": null,
        "specialPermissionDropCode": null,
        "instructors": [
          {
            "name": "STANTON"
          },
          {
            "name": "JACKSON"
          }
        ],
        "number": "01",
        "majors": [],
        "sessionDates": null,
        "specialPermissionDropCodeDescription": null,
        "subtopic": null,
        "openStatus": true,
        "comments": [
          {
            "code": "05",
            "description": "Go to http://canvas.rutgers.edu"
          }
        ],
        "minors": [],
        "campusCode": "NK",
        "index": "01112",
        "unitMajors": [],
        "printed": "Y",
        "specialPermissionAddCodeDescription": null,
        "subtitle": null,
        "meetingTimes": [
          {
            "campusLocation": "7",
            "baClassHours": null,
            "roomNumber": "B23",
            "pmCode": "A",
            "campusAbbrev": "NWK",
            "campusName": "NEWARK",
            "meetingDay": "W",
            "buildingCode": "SMT",
            "startTime": "1130",
            "endTime": "1250",
            "meetingModeDesc": "LEC",
            "meetingModeCode": "02"
          }
        ],
        "legendKey": null,
        "honorPrograms": []
      }
    ],
    "supplementCode": "  ",
    "credits": 1,
    "unitNotes": null,
    "coreCodes": [],
    "courseNotes": null,
    "expandedTitle": "JUMP START SEMINAR                                                              "
  },
  {
    "subjectNotes": null,
    "courseNumber": "240",
    "subject": "300",
    "campusCode": "NK",
    "openSections": 1,
    "synopsisUrl": null,
    "subjectGroupNotes": null,
    "offeringUnitCode": "21",
    "offeringUnitTitle": null,
    "title": "YOUTH ADVOCACY&MEDIA",
    "courseDescription": null,
    "preReqNotes": null,
    "sections": [
      {
        "sectionEligibility": null,
        "sessionDatePrintIndicator": "Y",
        "examCode": "S",
        "specialPermissionAddCode": null,
        "crossListedSections": [
          {
            "courseNumber": "302",
            "supplementCode": "  ",
            "sectionNumber": "61",
            "offeringUnitCampus": "NK",
            "primaryRegistrationIndex": "19018",
            "offeringUnitCode": "21",
            "registrationIndex": "19019",
            "subjectCode": "014"
          }
        ],
        "sectionNotes": null,
        "specialPermissionDropCode": null,
        "instructors": [],
        "number": "61",
        "majors": [],
        "sessionDates": null,
        "specialPermissionDropCodeDescription": null,
        "subtopic": null,
        "openStatus": true,
        "comments": [],
        "minors": [],
        "campusCode": "NK",
        "index": "19018",
        "unitMajors": [],
        "printed": "Y",
        "specialPermissionAddCodeDescription": null,
        "subtitle": null,
        "meetingTimes": [
          {
            "campusLocation": "7",
            "baClassHours": null,
            "roomNumber": "410",
            "pmCode": "P",
            "campusAbbrev": "NWK",
            "campusName": "NEWARK",
            "meetingDay": "T",
            "buildingCode": "WRN",
            "startTime": "0600",
            "endTime": "0900",
            "meetingModeDesc": "LEC",
            "meetingModeCode": "02"
          }
        ],
        "legendKey": null,
        "honorPrograms": []
      }
    ],
    "supplementCode": "  ",
    "credits": 3,
    "unitNotes": null,
    "coreCodes": [
      {
        "id": "2024121300240  33",
        "subject": "300",
        "year": "2024",
        "description": "Other Liberal Arts",
        "code": "OLibA",
        "course": "240",
        "offeringUnitCampus": "NK",
        "supplement": "  ",
        "offeringUnitCode": "21",
        "term": "1",
        "coreCode": "OLibA",
        "coreCodeDescription": "Other Liberal Arts",
        "lastUpdated": 1468423885000,
        "effective": "20241",
        "coreCodeReferenceId": "33",
        "unit": "21"
      }
    ],
    "courseNotes": null,
    "expandedTitle": "YOUTH ADVOCACY, RACE, AND RESISTANCE IN MEDIA                                   "
  },
  {
    "subjectNotes": null,
    "courseNumber": "250",
    "subject": "300",
    "campusCode": "NK",
    "openSections": 1,
    "synopsisUrl": null,
    "subjectGroupNotes": null,
    "offeringUnitCode": "21",
    "offeringUnitTitle": null,
    "title": "EDU & GLOBAL WORLD",
    "courseDescription": null,
    "preReqNotes": null,
    "sections": [
      {
        "sectionEligibility": null,
        "sessionDatePrintIndicator": "N",
        "examCode": "S",
        "specialPermissionAddCode": null,
        "crossListedSections": [],
        "sectionNotes": null,
        "specialPermissionDropCode": null,
        "instructors": [
          {
            "name": "FERGUS, EDWARD"
          }
        ],
        "number": "01",
        "majors": [],
        "sessionDates": null,
        "specialPermissionDropCodeDescription": null,
        "subtopic": null,
        "openStatus": true,
        "comments": [],
        "minors": [],
        "campusCode": "NK",
        "index": "03316",
        "unitMajors": [],
        "printed": "Y",
        "specialPermissionAddCodeDescription": null,
        "subtitle": null,
        "meetingTimes": [
          {
            "campusLocation": "7",
            "baClassHours": null,
            "roomNumber": "312",
            "pmCode": "P",
            "campusAbbrev": "NWK",
            "campusName": "NEWARK",
            "meetingDay": "TH",
            "buildingCode": "WRN",
            "startTime": "0600",
            "endTime": "0900",
            "meetingModeDesc": "LEC",
            "meetingModeCode": "02"
          }
        ],
        "legendKey": null,
        "honorPrograms": []
      }
    ],
    "supplementCode": "  ",
    "credits": 3,
    "unitNotes": null,
    "coreCodes": [],
    "courseNotes": null,
    "expandedTitle": "EDUCATION IN THE GLOBAL WORLD                                                   "
  },
  {
    "subjectNotes": null,
    "courseNumber": "292",
    "subject": "300",
    "campusCode": "NK",
    "openSections": 2,
    "synopsisUrl": null,
    "subjectGroupNotes": null,
    "offeringUnitCode": "21",
    "offeringUnitTitle": null,
    "title": "SOCIAL FOUNDATIONS",
    "courseDescription": null,
    "preReqNotes": null,
    "sections": [
      {
        "sectionEligibility": null,
        "sessionDatePrintIndicator": "N",
        "examCode": "C",
        "specialPermissionAddCode": null,
        "crossListedSections": [
          {
            "courseNumber": "500",
            "supplementCode": "  ",
            "sectionNumber": "01",
            "offeringUnitCampus": "NK",
            "primaryRegistrationIndex": "01114",
            "offeringUnitCode": "26",
            "registrationIndex": "01115",
            "subjectCode": "300"
          }
        ],
        "sectionNotes": null,
        "specialPermissionDropCode": null,
        "instructors": [
          {
            "name": "PORTERFIELD-JAC"
          }
        ],
        "number": "01",
        "majors": [],
        "sessionDates": null,
        "specialPermissionDropCodeDescription": null,
        "subtopic": null,
        "openStatus": true,
        "comments": [],
        "minors": [],
        "campusCode": "NK",
        "index": "01114",
        "unitMajors": [],
        "printed": "Y",
        "specialPermissionAddCodeDescription": null,
        "subtitle": null,
        "meetingTimes": [
          {
            "campusLocation": "7",
            "baClassHours": null,
            "roomNumber": "B25",
            "pmCode": "P",
            "campusAbbrev": "NWK",
            "campusName": "NEWARK",
            "meetingDay": "TH",
            "buildingCode": "SMT",
            "startTime": "0230",
            "endTime": "0520",
            "meetingModeDesc": "LEC",
            "meetingModeCode": "02"
          }
        ],
        "legendKey": null,
        "honorPrograms": []
      },
      {
        "sectionEligibility": null,
        "sessionDatePrintIndicator": "N",
        "examCode": "S",
        "specialPermissionAddCode": null,
        "crossListedSections": [],
        "sectionNotes": null,
        "specialPermissionDropCode": null,
        "instructors": [
          {
            "name": "FERGUS, EDWARD"
          }
        ],
        "number": "60",
        "majors": [],
        "sessionDates": null,
        "specialPermissionDropCodeDescription": null,
        "subtopic": null,
        "openStatus": true,
        "comments": [],
        "minors": [],
        "campusCode": "NK",
        "index": "01116",
        "unitMajors": [],
        "printed": "Y",
        "specialPermissionAddCodeDescription": null,
        "subtitle": null,
        "meetingTimes": [
          {
            "campusLocation": "7",
            "baClassHours": null,
            "roomNumber": "102",
            "pmCode": "P",
            "campusAbbrev": "NWK",
            "campusName": "NEWARK",
            "meetingDay": "M",
            "buildingCode": "SMT",
            "startTime": "0600",
            "endTime": "0900",
            "meetingModeDesc": "LEC",
            "meetingModeCode": "02"
          }
        ],
        "legendKey": null,
        "honorPrograms": []
      }
    ],
    "supplementCode": "  ",
    "credits": 3,
    "unitNotes": null,
    "coreCodes": [
      {
        "id": "2024121300292  33",
        "subject": "300",
        "year": "2024",
        "description": "Other Liberal Arts",
        "code": "OLibA",
        "course": "292",
        "offeringUnitCampus": "NK",
        "supplement": "  ",
        "offeringUnitCode": "21",
        "term": "1",
        "coreCode": "OLibA",
        "coreCodeDescription": "Other Liberal Arts",
        "lastUpdated": 1468423885000,
        "effective": "20241",
        "coreCodeReferenceId": "33",
        "unit": "21"
      }
    ],
    "courseNotes": null,
    "expandedTitle": "SOCIAL FOUNDATIONS IN URBAN EDUCATION                                           "
  },
  {
    "subjectNotes": null,
    "courseNumber": "295",
    "subject": "300",
    "campusCode": "NK",
    "openSections": 0,
    "synopsisUrl": null,
    "subjectGroupNotes": null,
    "offeringUnitCode": "21",
    "offeringUnitTitle": null,
    "title": "CHILD & ADOL PSYCH",
    "courseDescription": null,
    "preReqNotes": null,
    "sections": [
      {
        "sectionEligibility": null,
        "sessionDatePrintIndicator": "N",
        "examCode": "S",
        "specialPermissionAddCode": null,
        "crossListedSections": [
          {
            "courseNumber": "501",
            "supplementCode": "  ",
            "sectionNumber": "01",
            "offeringUnitCampus": "NK",
            "primaryRegistrationIndex": "01117",
            "offeringUnitCode": "26",
            "registrationIndex": "01118",
            "subjectCode": "300"
          }
        ],
        "sectionNotes": null,
        "specialPermissionDropCode": null,
        "instructors": [
          {
            "name": "BEDIR, NAGLA"
          }
        ],
        "number": "01",
        "majors": [],
        "sessionDates": null,
        "specialPermissionDropCodeDescription": null,
        "subtopic": null,
        "openStatus": false,
        "comments": [],
        "minors": [],
        "campusCode": "NK",
        "index": "01117",
        "unitMajors": [],
        "printed": "Y",
        "specialPermissionAddCodeDescription": null,
        "subtitle": null,
        "meetingTimes": [
          {
            "campusLocation": "7",
            "baClassHours": null,
            "roomNumber": "312",
            "pmCode": "P",
            "campusAbbrev": "NWK",
            "campusName": "NEWARK",
            "meetingDay": "M",
            "buildingCode": "WRN",
            "startTime": "0600",
            "endTime": "0900",
            "meetingModeDesc": "LEC",
            "meetingModeCode": "02"
          }
        ],
        "legendKey": null,
        "honorPrograms": []
      }
    ],
    "supplementCode": "  ",
    "credits": 3,
    "unitNotes": null,
    "coreCodes": [
      {
        "id": "2024121300295  33",
        "subject": "300",
        "year": "2024",
        "description": "Other Liberal Arts",
        "code": "OLibA",
        "course": "295",
        "offeringUnitCampus": "NK",
        "supplement": "  ",
        "offeringUnitCode": "21",
        "term": "1",
        "coreCode": "OLibA",
        "coreCodeDescription": "Other Liberal Arts",
        "lastUpdated": 1468423885000,
        "effective": "20241",
        "coreCodeReferenceId": "33",
        "unit": "21"
      }
    ],
    "courseNotes": null,
    "expandedTitle": "CHILD AND ADOLESCENT PSYCHOLOGY IN THE URBAN EXPERIENCE"
  },
  {
    "subjectNotes": null,
    "courseNumber": "298",
    "subject": "300",
    "campusCode": "NK",
    "openSections": 1,
    "synopsisUrl": null,
    "subjectGroupNotes": null,
    "offeringUnitCode": "21",
    "offeringUnitTitle": null,
    "title": "EDUCATIONAL PLANNING",
    "courseDescription": null,
    "preReqNotes": null,
    "sections": [
      {
        "sectionEligibility": null,
        "sessionDatePrintIndicator": "N",
        "examCode": "S",
        "specialPermissionAddCode": null,
        "crossListedSections": [],
        "sectionNotes": null,
        "specialPermissionDropCode": null,
        "instructors": [
          {
            "name": "SHALLISH, L"
          }
        ],
        "number": "62",
        "majors": [],
        "sessionDates": null,
        "specialPermissionDropCodeDescription": null,
        "subtopic": null,
        "openStatus": true,
        "comments": [],
        "minors": [],
        "campusCode": "NK",
        "index": "01119",
        "unitMajors": [],
        "printed": "Y",
        "specialPermissionAddCodeDescription": null,
        "subtitle": "EDUCATIONAL PLANNING                    ",
        "meetingTimes": [
          {
            "campusLocation": "7",
            "baClassHours": null,
            "roomNumber": "217",
            "pmCode": "P",
            "campusAbbrev": "NWK",
            "campusName": "NEWARK",
            "meetingDay": "W",
            "buildingCode": "HIL",
            "startTime": "0600",
            "endTime": "0900",
            "meetingModeDesc": "LEC",
            "meetingModeCode": "02"
          }
        ],
        "legendKey": null,
        "honorPrograms": []
      }
    ],
    "supplementCode": "  ",
    "credits": 3,
    "unitNotes": null,
    "coreCodes": [],
    "courseNotes": null,
    "expandedTitle": "EDUCATIONAL PLANNING FOR DUALLY EXCEPTIONAL STUDENTS"
  },
  {
    "subjectNotes": null,
    "courseNumber": "305",
    "subject": "300",
    "campusCode": "NK",
    "openSections": 1,
    "synopsisUrl": null,
    "subjectGroupNotes": null,
    "offeringUnitCode": "21",
    "offeringUnitTitle": null,
    "title": "DECAR DISABILITY EDU",
    "courseDescription": null,
    "preReqNotes": null,
    "sections": [
      {
        "sectionEligibility": null,
        "sessionDatePrintIndicator": "N",
        "examCode": "C",
        "specialPermissionAddCode": null,
        "crossListedSections": [
          {
            "courseNumber": "200",
            "supplementCode": "  ",
            "sectionNumber": "01",
            "offeringUnitCampus": "NK",
            "primaryRegistrationIndex": "01121",
            "offeringUnitCode": "21",
            "registrationIndex": "19015",
            "subjectCode": "014"
          },
          {
            "courseNumber": "299",
            "supplementCode": "  ",
            "sectionNumber": "01",
            "offeringUnitCampus": "NK",
            "primaryRegistrationIndex": "01121",
            "offeringUnitCode": "21",
            "registrationIndex": "19017",
            "subjectCode": "988"
          }
        ],
        "sectionNotes": null,
        "specialPermissionDropCode": null,
        "instructors": [
          {
            "name": "SHALLISH"
          }
        ],
        "number": "01",
        "majors": [],
        "sessionDates": null,
        "specialPermissionDropCodeDescription": null,
        "subtopic": null,
        "openStatus": true,
        "comments": [
          {
            "code": "05",
            "description": "Go to http://canvas.rutgers.edu"
          },
          {
            "code": "63",
            "description": "Hybrid"
          }
        ],
        "minors": [],
        "campusCode": "NK",
        "index": "01121",
        "unitMajors": [],
        "printed": "Y",
        "specialPermissionAddCodeDescription": null,
        "subtitle": null,
        "meetingTimes": [
          {
            "campusLocation": "7",
            "baClassHours": null,
            "roomNumber": "148",
            "pmCode": "A",
            "campusAbbrev": "NWK",
            "campusName": "NEWARK",
            "meetingDay": "M",
            "buildingCode": "WRN",
            "startTime": "1000",
            "endTime": "1120",
            "meetingModeDesc": "LEC",
            "meetingModeCode": "02"
          },
          {
            "campusLocation": "7",
            "baClassHours": null,
            "roomNumber": "148",
            "pmCode": "A",
            "campusAbbrev": "NWK",
            "campusName": "NEWARK",
            "meetingDay": "W",
            "buildingCode": "WRN",
            "startTime": "1000",
            "endTime": "1120",
            "meetingModeDesc": "LEC",
            "meetingModeCode": "02"
          }
        ],
        "legendKey": null,
        "honorPrograms": []
      }
    ],
    "supplementCode": "  ",
    "credits": 3,
    "unitNotes": null,
    "coreCodes": [
      {
        "id": "2024121300305  33",
        "subject": "300",
        "year": "2024",
        "description": "Other Liberal Arts",
        "code": "OLibA",
        "course": "305",
        "offeringUnitCampus": "NK",
        "supplement": "  ",
        "offeringUnitCode": "21",
        "term": "1",
        "coreCode": "OLibA",
        "coreCodeDescription": "Other Liberal Arts",
        "lastUpdated": 1468423885000,
        "effective": "20241",
        "coreCodeReferenceId": "33",
        "unit": "21"
      }
    ],
    "courseNotes": null,
    "expandedTitle": "DECARCERATING DISABILITY AND EDUCATION                                          "
  },
  {
    "subjectNotes": null,
    "courseNumber": "306",
    "subject": "300",
    "campusCode": "NK",
    "openSections": 1,
    "synopsisUrl": null,
    "subjectGroupNotes": null,
    "offeringUnitCode": "21",
    "offeringUnitTitle": null,
    "title": "DISABILITY STUDIES",
    "courseDescription": null,
    "preReqNotes": null,
    "sections": [
      {
        "sectionEligibility": null,
        "sessionDatePrintIndicator": "Y",
        "examCode": "A",
        "specialPermissionAddCode": null,
        "crossListedSections": [],
        "sectionNotes": "NJ STEP",
        "specialPermissionDropCode": null,
        "instructors": [
          {
            "name": "SHALLISH, L"
          },
          {
            "name": "WALLING, C"
          }
        ],
        "number": "01",
        "majors": [],
        "sessionDates": null,
        "specialPermissionDropCodeDescription": null,
        "subtopic": null,
        "openStatus": true,
        "comments": [],
        "minors": [],
        "campusCode": "NK",
        "index": "18802",
        "unitMajors": [],
        "printed": "N",
        "specialPermissionAddCodeDescription": null,
        "subtitle": null,
        "meetingTimes": [
          {
            "campusLocation": "7",
            "baClassHours": "B",
            "roomNumber": null,
            "pmCode": null,
            "campusAbbrev": "NWK",
            "campusName": "NEWARK",
            "meetingDay": null,
            "buildingCode": null,
            "startTime": null,
            "endTime": null,
            "meetingModeDesc": "PROJ-IND",
            "meetingModeCode": "19"
          }
        ],
        "legendKey": null,
        "honorPrograms": []
      }
    ],
    "supplementCode": "  ",
    "credits": 3,
    "unitNotes": null,
    "coreCodes": [],
    "courseNotes": null,
    "expandedTitle": null
  },
  {
    "subjectNotes": null,
    "courseNumber": "320",
    "subject": "300",
    "campusCode": "NK",
    "openSections": 1,
    "synopsisUrl": null,
    "subjectGroupNotes": null,
    "offeringUnitCode": "21",
    "offeringUnitTitle": null,
    "title": "EQUITY IN EDUCATION",
    "courseDescription": null,
    "preReqNotes": null,
    "sections": [
      {
        "sectionEligibility": null,
        "sessionDatePrintIndicator": "N",
        "examCode": "C",
        "specialPermissionAddCode": null,
        "crossListedSections": [],
        "sectionNotes": null,
        "specialPermissionDropCode": null,
        "instructors": [
          {
            "name": "INCE, ROBYN"
          }
        ],
        "number": "01",
        "majors": [],
        "sessionDates": null,
        "specialPermissionDropCodeDescription": null,
        "subtopic": null,
        "openStatus": true,
        "comments": [],
        "minors": [],
        "campusCode": "NK",
        "index": "18016",
        "unitMajors": [],
        "printed": "Y",
        "specialPermissionAddCodeDescription": null,
        "subtitle": null,
        "meetingTimes": [
          {
            "campusLocation": "7",
            "baClassHours": null,
            "roomNumber": "106",
            "pmCode": "P",
            "campusAbbrev": "NWK",
            "campusName": "NEWARK",
            "meetingDay": "T",
            "buildingCode": "HIL",
            "startTime": "0230",
            "endTime": "0520",
            "meetingModeDesc": "LEC",
            "meetingModeCode": "02"
          }
        ],
        "legendKey": null,
        "honorPrograms": []
      }
    ],
    "supplementCode": "  ",
    "credits": 3,
    "unitNotes": null,
    "coreCodes": [],
    "courseNotes": null,
    "expandedTitle": "STRIVING FOR EQUITY IN EDUCATION: POLICIES, PROGRAMS, AND PRACTICES             "
  },
  {
    "subjectNotes": null,
    "courseNumber": "334",
    "subject": "300",
    "campusCode": "NK",
    "openSections": 1,
    "synopsisUrl": null,
    "subjectGroupNotes": null,
    "offeringUnitCode": "21",
    "offeringUnitTitle": null,
    "title": "LDRSHP & INNVTN",
    "courseDescription": null,
    "preReqNotes": "(21:355:102 )<em> OR </em>(21:355:104 )",
    "sections": [
      {
        "sectionEligibility": null,
        "sessionDatePrintIndicator": "N",
        "examCode": "C",
        "specialPermissionAddCode": null,
        "crossListedSections": [],
        "sectionNotes": null,
        "specialPermissionDropCode": null,
        "instructors": [
          {
            "name": "WHITE, CAROLYNE"
          }
        ],
        "number": "Q1",
        "majors": [],
        "sessionDates": null,
        "specialPermissionDropCodeDescription": null,
        "subtopic": null,
        "openStatus": true,
        "comments": [
          {
            "code": "92",
            "description": "Writing Intensive"
          }
        ],
        "minors": [],
        "campusCode": "NK",
        "index": "01122",
        "unitMajors": [],
        "printed": "Y",
        "specialPermissionAddCodeDescription": null,
        "subtitle": null,
        "meetingTimes": [
          {
            "campusLocation": "7",
            "baClassHours": null,
            "roomNumber": "148",
            "pmCode": "A",
            "campusAbbrev": "NWK",
            "campusName": "NEWARK",
            "meetingDay": "TH",
            "buildingCode": "WRN",
            "startTime": "1130",
            "endTime": "1250",
            "meetingModeDesc": "LEC",
            "meetingModeCode": "02"
          },
          {
            "campusLocation": "7",
            "baClassHours": null,
            "roomNumber": "148",
            "pmCode": "A",
            "campusAbbrev": "NWK",
            "campusName": "NEWARK",
            "meetingDay": "T",
            "buildingCode": "WRN",
            "startTime": "1130",
            "endTime": "1250",
            "meetingModeDesc": "LEC",
            "meetingModeCode": "02"
          }
        ],
        "legendKey": null,
        "honorPrograms": []
      }
    ],
    "supplementCode": "  ",
    "credits": 3,
    "unitNotes": null,
    "coreCodes": [
      {
        "id": "2024121300334  33",
        "subject": "300",
        "year": "2024",
        "description": "Other Liberal Arts",
        "code": "OLibA",
        "course": "334",
        "offeringUnitCampus": "NK",
        "supplement": "  ",
        "offeringUnitCode": "21",
        "term": "1",
        "coreCode": "OLibA",
        "coreCodeDescription": "Other Liberal Arts",
        "lastUpdated": 1468423885000,
        "effective": "20241",
        "coreCodeReferenceId": "33",
        "unit": "21"
      }
    ],
    "courseNotes": null,
    "expandedTitle": "COLLABORATIVE LEADERSHIP AND SOCIAL INNOVATION                                  "
  },
  {
    "subjectNotes": null,
    "courseNumber": "335",
    "subject": "300",
    "campusCode": "NK",
    "openSections": 1,
    "synopsisUrl": null,
    "subjectGroupNotes": null,
    "offeringUnitCode": "21",
    "offeringUnitTitle": null,
    "title": "PUBLIC RSRCH&PEDAGOG",
    "courseDescription": null,
    "preReqNotes": "(21:355:102 )<em> OR </em>(21:355:104 )",
    "sections": [
      {
        "sectionEligibility": null,
        "sessionDatePrintIndicator": "N",
        "examCode": "S",
        "specialPermissionAddCode": null,
        "crossListedSections": [],
        "sectionNotes": null,
        "specialPermissionDropCode": null,
        "instructors": [
          {
            "name": "WHITE, CAROLYNE"
          }
        ],
        "number": "Q1",
        "majors": [],
        "sessionDates": null,
        "specialPermissionDropCodeDescription": null,
        "subtopic": null,
        "openStatus": true,
        "comments": [
          {
            "code": "92",
            "description": "Writing Intensive"
          }
        ],
        "minors": [],
        "campusCode": "NK",
        "index": "01123",
        "unitMajors": [],
        "printed": "Y",
        "specialPermissionAddCodeDescription": null,
        "subtitle": null,
        "meetingTimes": [
          {
            "campusLocation": "7",
            "baClassHours": null,
            "roomNumber": "B24",
            "pmCode": "P",
            "campusAbbrev": "NWK",
            "campusName": "NEWARK",
            "meetingDay": "W",
            "buildingCode": "SMT",
            "startTime": "0600",
            "endTime": "0900",
            "meetingModeDesc": "LEC",
            "meetingModeCode": "02"
          }
        ],
        "legendKey": null,
        "honorPrograms": []
      }
    ],
    "supplementCode": "  ",
    "credits": 3,
    "unitNotes": null,
    "coreCodes": [
      {
        "id": "2024121300335  33",
        "subject": "300",
        "year": "2024",
        "description": "Other Liberal Arts",
        "code": "OLibA",
        "course": "335",
        "offeringUnitCampus": "NK",
        "supplement": "  ",
        "offeringUnitCode": "21",
        "term": "1",
        "coreCode": "OLibA",
        "coreCodeDescription": "Other Liberal Arts",
        "lastUpdated": 1468423885000,
        "effective": "20241",
        "coreCodeReferenceId": "33",
        "unit": "21"
      }
    ],
    "courseNotes": null,
    "expandedTitle": "PUBLICLY ENGAGED RESEARCH AND PEDAGOGY                                          "
  },
  {
    "subjectNotes": null,
    "courseNumber": "390",
    "subject": "300",
    "campusCode": "NK",
    "openSections": 1,
    "synopsisUrl": null,
    "subjectGroupNotes": null,
    "offeringUnitCode": "21",
    "offeringUnitTitle": null,
    "title": "CR ASSESSMENT & EVAL",
    "courseDescription": null,
    "preReqNotes": "(21:300:292  and 21:300:295  and 21:300:298  and 21:300:292 ) <em> OR </em> (26:300:500  and 21:300:295  and 21:300:298  and 26:300:500 ) <em> OR </em> (21:300:292  and 26:300:501  and 21:300:298  and 21:300:292 ) <em> OR </em> (26:300:500  and 26:300:501  and 21:300:298  and 26:300:500 )",
    "sections": [
      {
        "sectionEligibility": null,
        "sessionDatePrintIndicator": "N",
        "examCode": "S",
        "specialPermissionAddCode": null,
        "crossListedSections": [],
        "sectionNotes": null,
        "specialPermissionDropCode": null,
        "instructors": [
          {
            "name": "BOWE, ANICA"
          }
        ],
        "number": "60",
        "majors": [],
        "sessionDates": null,
        "specialPermissionDropCodeDescription": null,
        "subtopic": null,
        "openStatus": true,
        "comments": [],
        "minors": [],
        "campusCode": "NK",
        "index": "01124",
        "unitMajors": [],
        "printed": "Y",
        "specialPermissionAddCodeDescription": null,
        "subtitle": "UNDERSTANDING EDUCATIONAL EVALUATION    ",
        "meetingTimes": [
          {
            "campusLocation": "7",
            "baClassHours": null,
            "roomNumber": "B23",
            "pmCode": "P",
            "campusAbbrev": "NWK",
            "campusName": "NEWARK",
            "meetingDay": "M",
            "buildingCode": "SMT",
            "startTime": "0600",
            "endTime": "0900",
            "meetingModeDesc": "LEC",
            "meetingModeCode": "02"
          }
        ],
        "legendKey": null,
        "honorPrograms": []
      }
    ],
    "supplementCode": "  ",
    "credits": 3,
    "unitNotes": null,
    "coreCodes": [],
    "courseNotes": null,
    "expandedTitle": "CULTURALLY RESPONSIVE ASSESSMENT AND EVALUATION                                 "
  },
  {
    "subjectNotes": null,
    "courseNumber": "453",
    "subject": "300",
    "campusCode": "NK",
    "openSections": 1,
    "synopsisUrl": null,
    "subjectGroupNotes": null,
    "offeringUnitCode": "21",
    "offeringUnitTitle": null,
    "title": "ENGLISH TEACHING II",
    "courseDescription": null,
    "preReqNotes": null,
    "sections": [
      {
        "sectionEligibility": null,
        "sessionDatePrintIndicator": "N",
        "examCode": "C",
        "specialPermissionAddCode": null,
        "crossListedSections": [],
        "sectionNotes": null,
        "specialPermissionDropCode": null,
        "instructors": [
          {
            "name": "OWENS, LEAH"
          }
        ],
        "number": "01",
        "majors": [],
        "sessionDates": null,
        "specialPermissionDropCodeDescription": null,
        "subtopic": null,
        "openStatus": true,
        "comments": [],
        "minors": [],
        "campusCode": "NK",
        "index": "01127",
        "unitMajors": [],
        "printed": "Y",
        "specialPermissionAddCodeDescription": null,
        "subtitle": "20                                      ",
        "meetingTimes": [
          {
            "campusLocation": "7",
            "baClassHours": null,
            "roomNumber": "447",
            "pmCode": "A",
            "campusAbbrev": "NWK",
            "campusName": "NEWARK",
            "meetingDay": "TH",
            "buildingCode": "CON",
            "startTime": "1000",
            "endTime": "1225",
            "meetingModeDesc": "LEC",
            "meetingModeCode": "02"
          },
          {
            "campusLocation": "7",
            "baClassHours": null,
            "roomNumber": "447",
            "pmCode": "A",
            "campusAbbrev": "NWK",
            "campusName": "NEWARK",
            "meetingDay": "T",
            "buildingCode": "CON",
            "startTime": "1000",
            "endTime": "1225",
            "meetingModeDesc": "LEC",
            "meetingModeCode": "02"
          }
        ],
        "legendKey": null,
        "honorPrograms": []
      }
    ],
    "supplementCode": "  ",
    "credits": 3,
    "unitNotes": null,
    "coreCodes": [],
    "courseNotes": null,
    "expandedTitle": "ENGLISH CONTENT PLANNING AND TEACHING IN THE URBAN CLASSROOM II"
  },
  {
    "subjectNotes": null,
    "courseNumber": "455",
    "subject": "300",
    "campusCode": "NK",
    "openSections": 1,
    "synopsisUrl": null,
    "subjectGroupNotes": null,
    "offeringUnitCode": "21",
    "offeringUnitTitle": null,
    "title": "SCI&TECH TEACHING II",
    "courseDescription": null,
    "preReqNotes": null,
    "sections": [
      {
        "sectionEligibility": null,
        "sessionDatePrintIndicator": "N",
        "examCode": "C",
        "specialPermissionAddCode": null,
        "crossListedSections": [],
        "sectionNotes": null,
        "specialPermissionDropCode": null,
        "instructors": [
          {
            "name": "BOWE, ANICA"
          }
        ],
        "number": "01",
        "majors": [],
        "sessionDates": null,
        "specialPermissionDropCodeDescription": null,
        "subtopic": null,
        "openStatus": true,
        "comments": [],
        "minors": [],
        "campusCode": "NK",
        "index": "01128",
        "unitMajors": [],
        "printed": "Y",
        "specialPermissionAddCodeDescription": null,
        "subtitle": null,
        "meetingTimes": [
          {
            "campusLocation": "7",
            "baClassHours": null,
            "roomNumber": "445",
            "pmCode": "A",
            "campusAbbrev": "NWK",
            "campusName": "NEWARK",
            "meetingDay": "T",
            "buildingCode": "CON",
            "startTime": "1000",
            "endTime": "1225",
            "meetingModeDesc": "LEC",
            "meetingModeCode": "02"
          },
          {
            "campusLocation": "7",
            "baClassHours": null,
            "roomNumber": "445",
            "pmCode": "A",
            "campusAbbrev": "NWK",
            "campusName": "NEWARK",
            "meetingDay": "TH",
            "buildingCode": "CON",
            "startTime": "1000",
            "endTime": "1225",
            "meetingModeDesc": "LEC",
            "meetingModeCode": "02"
          }
        ],
        "legendKey": null,
        "honorPrograms": []
      }
    ],
    "supplementCode": "  ",
    "credits": 3,
    "unitNotes": null,
    "coreCodes": [],
    "courseNotes": null,
    "expandedTitle": "SCIENCE AND TECHNOLOGY CONTENT PLANNING AND TEACHING IN THE URBAN CLASSROOM II  "
  },
  {
    "subjectNotes": null,
    "courseNumber": "456",
    "subject": "300",
    "campusCode": "NK",
    "openSections": 1,
    "synopsisUrl": null,
    "subjectGroupNotes": null,
    "offeringUnitCode": "21",
    "offeringUnitTitle": null,
    "title": "SOCIAL STUD TEACH I",
    "courseDescription": null,
    "preReqNotes": "(21:300:292  and 21:300:295  and 21:300:298  and 21:300:292 ) <em> OR </em> (21:300:292  and 62:300:295  and 21:300:298  and 21:300:292 )",
    "sections": [
      {
        "sectionEligibility": null,
        "sessionDatePrintIndicator": "Y",
        "examCode": "A",
        "specialPermissionAddCode": null,
        "crossListedSections": [],
        "sectionNotes": null,
        "specialPermissionDropCode": null,
        "instructors": [
          {
            "name": "OWENS, LEAH"
          }
        ],
        "number": "01",
        "majors": [],
        "sessionDates": null,
        "specialPermissionDropCodeDescription": null,
        "subtopic": null,
        "openStatus": true,
        "comments": [],
        "minors": [],
        "campusCode": "NK",
        "index": "18800",
        "unitMajors": [],
        "printed": "Y",
        "specialPermissionAddCodeDescription": null,
        "subtitle": null,
        "meetingTimes": [
          {
            "campusLocation": "7",
            "baClassHours": null,
            "roomNumber": "453",
            "pmCode": "A",
            "campusAbbrev": "NWK",
            "campusName": "NEWARK",
            "meetingDay": "TH",
            "buildingCode": "CON",
            "startTime": "1000",
            "endTime": "1225",
            "meetingModeDesc": "LEC",
            "meetingModeCode": "02"
          },
          {
            "campusLocation": "7",
            "baClassHours": null,
            "roomNumber": "453",
            "pmCode": "A",
            "campusAbbrev": "NWK",
            "campusName": "NEWARK",
            "meetingDay": "T",
            "buildingCode": "CON",
            "startTime": "1000",
            "endTime": "1225",
            "meetingModeDesc": "LEC",
            "meetingModeCode": "02"
          }
        ],
        "legendKey": null,
        "honorPrograms": []
      }
    ],
    "supplementCode": "  ",
    "credits": 3,
    "unitNotes": null,
    "coreCodes": [],
    "courseNotes": null,
    "expandedTitle": "SOCIAL STUDIES CONTENT PLANNING AND TEACHING IN THE URBAN CLASSROOM I           "
  },
  {
    "subjectNotes": null,
    "courseNumber": "471",
    "subject": "300",
    "campusCode": "NK",
    "openSections": 1,
    "synopsisUrl": null,
    "subjectGroupNotes": null,
    "offeringUnitCode": "21",
    "offeringUnitTitle": null,
    "title": "NUMBER SENSE",
    "courseDescription": null,
    "preReqNotes": null,
    "sections": [
      {
        "sectionEligibility": null,
        "sessionDatePrintIndicator": "N",
        "examCode": "C",
        "specialPermissionAddCode": null,
        "crossListedSections": [],
        "sectionNotes": "HYBRID FORMAT. MEETS IN PERSONBI-WEEKLY",
        "specialPermissionDropCode": null,
        "instructors": [
          {
            "name": "POWELL, ARTHUR"
          }
        ],
        "number": "40",
        "majors": [],
        "sessionDates": null,
        "specialPermissionDropCodeDescription": null,
        "subtopic": null,
        "openStatus": true,
        "comments": [
          {
            "code": "63",
            "description": "Hybrid"
          },
          {
            "code": "05",
            "description": "Go to http://canvas.rutgers.edu"
          }
        ],
        "minors": [],
        "campusCode": "NK",
        "index": "01130",
        "unitMajors": [],
        "printed": "Y",
        "specialPermissionAddCodeDescription": null,
        "subtitle": null,
        "meetingTimes": [
          {
            "campusLocation": "7",
            "baClassHours": null,
            "roomNumber": "148",
            "pmCode": "P",
            "campusAbbrev": "NWK",
            "campusName": "NEWARK",
            "meetingDay": "T",
            "buildingCode": "WRN",
            "startTime": "0600",
            "endTime": "0900",
            "meetingModeDesc": "HYBRID SECTION",
            "meetingModeCode": "91"
          }
        ],
        "legendKey": null,
        "honorPrograms": []
      }
    ],
    "supplementCode": "  ",
    "credits": 3,
    "unitNotes": null,
    "coreCodes": [],
    "courseNotes": null,
    "expandedTitle": "NUMBER SENSE AND NUMERICAL OPERATIONS FOR MIDDLE SCHOOL STUDENTS                "
  },
  {
    "subjectNotes": null,
    "courseNumber": "487",
    "subject": "300",
    "campusCode": "NK",
    "openSections": 1,
    "synopsisUrl": null,
    "subjectGroupNotes": null,
    "offeringUnitCode": "21",
    "offeringUnitTitle": null,
    "title": "CLINICAL II PRACTICE",
    "courseDescription": null,
    "preReqNotes": "(21:300:414 )<em> OR </em>(21:300:418 )",
    "sections": [
      {
        "sectionEligibility": null,
        "sessionDatePrintIndicator": "N",
        "examCode": "C",
        "specialPermissionAddCode": null,
        "crossListedSections": [],
        "sectionNotes": null,
        "specialPermissionDropCode": null,
        "instructors": [
          {
            "name": "WINGFIELD"
          }
        ],
        "number": "01",
        "majors": [],
        "sessionDates": null,
        "specialPermissionDropCodeDescription": null,
        "subtopic": null,
        "openStatus": true,
        "comments": [],
        "minors": [],
        "campusCode": "NK",
        "index": "01131",
        "unitMajors": [],
        "printed": "Y",
        "specialPermissionAddCodeDescription": null,
        "subtitle": null,
        "meetingTimes": [
          {
            "campusLocation": "7",
            "baClassHours": null,
            "roomNumber": "148",
            "pmCode": "P",
            "campusAbbrev": "NWK",
            "campusName": "NEWARK",
            "meetingDay": "T",
            "buildingCode": "WRN",
            "startTime": "0230",
            "endTime": "0520",
            "meetingModeDesc": "LEC",
            "meetingModeCode": "02"
          }
        ],
        "legendKey": null,
        "honorPrograms": []
      }
    ],
    "supplementCode": "  ",
    "credits": 3,
    "unitNotes": null,
    "coreCodes": [],
    "courseNotes": null,
    "expandedTitle": "CLINICAL PRACTICE II SEMINAR"
  },
  {
    "subjectNotes": null,
    "courseNumber": "488",
    "subject": "300",
    "campusCode": "NK",
    "openSections": 2,
    "synopsisUrl": null,
    "subjectGroupNotes": null,
    "offeringUnitCode": "21",
    "offeringUnitTitle": null,
    "title": "CLINICAL PRACTICE II",
    "courseDescription": null,
    "preReqNotes": null,
    "sections": [
      {
        "sectionEligibility": null,
        "sessionDatePrintIndicator": "N",
        "examCode": "A",
        "specialPermissionAddCode": null,
        "crossListedSections": [],
        "sectionNotes": null,
        "specialPermissionDropCode": null,
        "instructors": [
          {
            "name": "WINGFIELD"
          }
        ],
        "number": "01",
        "majors": [],
        "sessionDates": null,
        "specialPermissionDropCodeDescription": null,
        "subtopic": null,
        "openStatus": true,
        "comments": [],
        "minors": [],
        "campusCode": "NK",
        "index": "01132",
        "unitMajors": [],
        "printed": "Y",
        "specialPermissionAddCodeDescription": null,
        "subtitle": null,
        "meetingTimes": [
          {
            "campusLocation": "7",
            "baClassHours": "B",
            "roomNumber": null,
            "pmCode": null,
            "campusAbbrev": "NWK",
            "campusName": "NEWARK",
            "meetingDay": null,
            "buildingCode": null,
            "startTime": null,
            "endTime": null,
            "meetingModeDesc": "CLINIC",
            "meetingModeCode": "16"
          }
        ],
        "legendKey": null,
        "honorPrograms": []
      },
      {
        "sectionEligibility": null,
        "sessionDatePrintIndicator": "Y",
        "examCode": "A",
        "specialPermissionAddCode": null,
        "crossListedSections": [],
        "sectionNotes": null,
        "specialPermissionDropCode": null,
        "instructors": [
          {
            "name": "BARNES, CECIL"
          }
        ],
        "number": "02",
        "majors": [],
        "sessionDates": null,
        "specialPermissionDropCodeDescription": null,
        "subtopic": null,
        "openStatus": true,
        "comments": [],
        "minors": [],
        "campusCode": "NK",
        "index": "18995",
        "unitMajors": [],
        "printed": "Y",
        "specialPermissionAddCodeDescription": null,
        "subtitle": null,
        "meetingTimes": [
          {
            "campusLocation": "7",
            "baClassHours": "B",
            "roomNumber": null,
            "pmCode": null,
            "campusAbbrev": "NWK",
            "campusName": "NEWARK",
            "meetingDay": null,
            "buildingCode": null,
            "startTime": null,
            "endTime": null,
            "meetingModeDesc": "PROJ-IND",
            "meetingModeCode": "19"
          }
        ],
        "legendKey": null,
        "honorPrograms": []
      }
    ],
    "supplementCode": "  ",
    "credits": 9,
    "unitNotes": null,
    "coreCodes": [],
    "courseNotes": null,
    "expandedTitle": "CLINICAL PRACTICE II"
  },
  {
    "subjectNotes": null,
    "courseNumber": "490",
    "subject": "300",
    "campusCode": "NK",
    "openSections": 1,
    "synopsisUrl": null,
    "subjectGroupNotes": null,
    "offeringUnitCode": "21",
    "offeringUnitTitle": null,
    "title": "BILINGUAL/BICULTURAL",
    "courseDescription": null,
    "preReqNotes": null,
    "sections": [
      {
        "sectionEligibility": null,
        "sessionDatePrintIndicator": "N",
        "examCode": "A",
        "specialPermissionAddCode": null,
        "crossListedSections": [],
        "sectionNotes": null,
        "specialPermissionDropCode": null,
        "instructors": [],
        "number": "90",
        "majors": [],
        "sessionDates": null,
        "specialPermissionDropCodeDescription": null,
        "subtopic": null,
        "openStatus": false,
        "comments": [
          {
            "code": "05",
            "description": "Go to http://canvas.rutgers.edu"
          },
          {
            "code": "56",
            "description": "Online Course"
          }
        ],
        "minors": [],
        "campusCode": "NK",
        "index": "01133",
        "unitMajors": [],
        "printed": "Y",
        "specialPermissionAddCodeDescription": null,
        "subtitle": null,
        "meetingTimes": [
          {
            "campusLocation": "7",
            "baClassHours": "B",
            "roomNumber": null,
            "pmCode": null,
            "campusAbbrev": "NWK",
            "campusName": "NEWARK",
            "meetingDay": null,
            "buildingCode": null,
            "startTime": null,
            "endTime": null,
            "meetingModeDesc": "ONLINE INSTRUCTION(INTERNET)",
            "meetingModeCode": "90"
          }
        ],
        "legendKey": null,
        "honorPrograms": []
      },
      {
        "sectionEligibility": null,
        "sessionDatePrintIndicator": "N",
        "examCode": "A",
        "specialPermissionAddCode": null,
        "crossListedSections": [],
        "sectionNotes": null,
        "specialPermissionDropCode": null,
        "instructors": [],
        "number": "91",
        "majors": [],
        "sessionDates": null,
        "specialPermissionDropCodeDescription": null,
        "subtopic": null,
        "openStatus": true,
        "comments": [
          {
            "code": "05",
            "description": "Go to http://canvas.rutgers.edu"
          },
          {
            "code": "56",
            "description": "Online Course"
          }
        ],
        "minors": [],
        "campusCode": "NK",
        "index": "01134",
        "unitMajors": [],
        "printed": "Y",
        "specialPermissionAddCodeDescription": null,
        "subtitle": null,
        "meetingTimes": [
          {
            "campusLocation": "7",
            "baClassHours": "B",
            "roomNumber": null,
            "pmCode": null,
            "campusAbbrev": "NWK",
            "campusName": "NEWARK",
            "meetingDay": null,
            "buildingCode": null,
            "startTime": null,
            "endTime": null,
            "meetingModeDesc": "ONLINE INSTRUCTION(INTERNET)",
            "meetingModeCode": "90"
          }
        ],
        "legendKey": null,
        "honorPrograms": []
      }
    ],
    "supplementCode": "  ",
    "credits": 3,
    "unitNotes": null,
    "coreCodes": [],
    "courseNotes": null,
    "expandedTitle": "BILINGUAL/BICULTURAL EDUCATION                                                  "
  },
  {
    "subjectNotes": null,
    "courseNumber": "491",
    "subject": "300",
    "campusCode": "NK",
    "openSections": 1,
    "synopsisUrl": null,
    "subjectGroupNotes": null,
    "offeringUnitCode": "21",
    "offeringUnitTitle": null,
    "title": "LANGUAGE AND CULTURE",
    "courseDescription": null,
    "preReqNotes": null,
    "sections": [
      {
        "sectionEligibility": null,
        "sessionDatePrintIndicator": "N",
        "examCode": "A",
        "specialPermissionAddCode": null,
        "crossListedSections": [],
        "sectionNotes": "HYBRID FORMAT. MEETS IN PERSONBI-WEEKLY",
        "specialPermissionDropCode": null,
        "instructors": [
          {
            "name": "AUSTIN"
          }
        ],
        "number": "40",
        "majors": [],
        "sessionDates": null,
        "specialPermissionDropCodeDescription": null,
        "subtopic": null,
        "openStatus": true,
        "comments": [
          {
            "code": "63",
            "description": "Hybrid"
          },
          {
            "code": "05",
            "description": "Go to http://canvas.rutgers.edu"
          }
        ],
        "minors": [],
        "campusCode": "NK",
        "index": "01135",
        "unitMajors": [],
        "printed": "Y",
        "specialPermissionAddCodeDescription": null,
        "subtitle": null,
        "meetingTimes": [
          {
            "campusLocation": "7",
            "baClassHours": null,
            "roomNumber": "203",
            "pmCode": "P",
            "campusAbbrev": "NWK",
            "campusName": "NEWARK",
            "meetingDay": "M",
            "buildingCode": "HIL",
            "startTime": "0600",
            "endTime": "0900",
            "meetingModeDesc": "HYBRID SECTION",
            "meetingModeCode": "91"
          }
        ],
        "legendKey": null,
        "honorPrograms": []
      }
    ],
    "supplementCode": "  ",
    "credits": 3,
    "unitNotes": null,
    "coreCodes": [],
    "courseNotes": null,
    "expandedTitle": "LANGUAGE AND CULTURE                                                            "
  },
  {
    "subjectNotes": null,
    "courseNumber": "495",
    "subject": "300",
    "campusCode": "NK",
    "openSections": 1,
    "synopsisUrl": null,
    "subjectGroupNotes": null,
    "offeringUnitCode": "21",
    "offeringUnitTitle": null,
    "title": "INTRODUCTION TO ESL",
    "courseDescription": null,
    "preReqNotes": null,
    "sections": [
      {
        "sectionEligibility": null,
        "sessionDatePrintIndicator": "Y",
        "examCode": "C",
        "specialPermissionAddCode": null,
        "crossListedSections": [],
        "sectionNotes": null,
        "specialPermissionDropCode": null,
        "instructors": [],
        "number": "01",
        "majors": [],
        "sessionDates": null,
        "specialPermissionDropCodeDescription": null,
        "subtopic": null,
        "openStatus": true,
        "comments": [],
        "minors": [],
        "campusCode": "NK",
        "index": "03318",
        "unitMajors": [],
        "printed": "Y",
        "specialPermissionAddCodeDescription": null,
        "subtitle": null,
        "meetingTimes": [
          {
            "campusLocation": "7",
            "baClassHours": null,
            "roomNumber": "312",
            "pmCode": "P",
            "campusAbbrev": "NWK",
            "campusName": "NEWARK",
            "meetingDay": "T",
            "buildingCode": "WRN",
            "startTime": "0600",
            "endTime": "0900",
            "meetingModeDesc": "HYBRID SECTION",
            "meetingModeCode": "91"
          }
        ],
        "legendKey": null,
        "honorPrograms": []
      }
    ],
    "supplementCode": "  ",
    "credits": 3,
    "unitNotes": null,
    "coreCodes": [],
    "courseNotes": null,
    "expandedTitle": "INTRODUCTION TO ESL                                                             "
  },
  {
    "subjectNotes": null,
    "courseNumber": "496",
    "subject": "300",
    "campusCode": "NK",
    "openSections": 1,
    "synopsisUrl": null,
    "subjectGroupNotes": null,
    "offeringUnitCode": "21",
    "offeringUnitTitle": null,
    "title": "ENGLISH LITERACY",
    "courseDescription": null,
    "preReqNotes": null,
    "sections": [
      {
        "sectionEligibility": null,
        "sessionDatePrintIndicator": "N",
        "examCode": "C",
        "specialPermissionAddCode": "03",
        "crossListedSections": [],
        "sectionNotes": "HYBRID FORMAT. MEETS IN PERSONBI-WEEKLY",
        "specialPermissionDropCode": null,
        "instructors": [
          {
            "name": "TIAN, ZHONGFENG"
          }
        ],
        "number": "40",
        "majors": [],
        "sessionDates": null,
        "specialPermissionDropCodeDescription": null,
        "subtopic": null,
        "openStatus": true,
        "comments": [
          {
            "code": "75",
            "description": "Course meets 50% In-Class/50% Online"
          },
          {
            "code": "63",
            "description": "Hybrid"
          },
          {
            "code": "05",
            "description": "Go to http://canvas.rutgers.edu"
          }
        ],
        "minors": [],
        "campusCode": "NK",
        "index": "01137",
        "unitMajors": [],
        "printed": "Y",
        "specialPermissionAddCodeDescription": "Department staff",
        "subtitle": null,
        "meetingTimes": [
          {
            "campusLocation": "7",
            "baClassHours": null,
            "roomNumber": "B23",
            "pmCode": "P",
            "campusAbbrev": "NWK",
            "campusName": "NEWARK",
            "meetingDay": "W",
            "buildingCode": "SMT",
            "startTime": "0600",
            "endTime": "0900",
            "meetingModeDesc": "HYBRID SECTION",
            "meetingModeCode": "91"
          }
        ],
        "legendKey": null,
        "honorPrograms": []
      }
    ],
    "supplementCode": "  ",
    "credits": 3,
    "unitNotes": null,
    "coreCodes": [],
    "courseNotes": null,
    "expandedTitle": "ENGLISH LITERACY IN ACADEMIC CONTENT AREAS                                      "
  }
]