[
  {
    "subjectNotes": null,
    "courseNumber": "501",
    "subject": "834",
    "campusCode": "CM",
    "openSections": 1,
    "synopsisUrl": null,
    "subjectGroupNotes": null,
    "offeringUnitCode": "56",
    "offeringUnitTitle": null,
    "title": "FDTNS POLICY ANALYS",
    "courseDescription": null,
    "preReqNotes": null,
    "sections": [
      {
        "sectionEligibility": null,
        "sessionDatePrintIndicator": "N",
        "examCode": "C",
        "specialPermissionAddCode": null,
        "crossListedSections": [],
        "sectionNotes": "ADDITIONAL TIME BY ARRANGEMENT.",
        "specialPermissionDropCode": null,
        "instructors": [
          {
            "name": "HADLEY, SEAN"
          }
        ],
        "number": "91",
        "majors": [],
        "sessionDates": null,
        "specialPermissionDropCodeDescription": null,
        "subtopic": null,
        "openStatus": true,
        "comments": [
          {
            "code": "63",
            "description": "Hybrid"
          },
          {
            "code": "05",
            "description": "Go to http://canvas.rutgers.edu"
          }
        ],
        "minors": [],
        "campusCode": "CM",
        "index": "04838",
        "unitMajors": [
          {
            "unitCode": "56",
            "majorCode": "834"
          }
        ],
        "printed": "Y",
        "specialPermissionAddCodeDescription": null,
        "subtitle": null,
        "meetingTimes": [
          {
            "campusLocation": "6",
            "baClassHours": null,
            "roomNumber": "206",
            "pmCode": "P",
            "campusAbbrev": "CAM",
            "campusName": "CAMDEN",
            "meetingDay": "M",
            "buildingCode": "ATG",
            "startTime": "0600",
            "endTime": "0850",
            "meetingModeDesc": "HYBRID SECTION",
            "meetingModeCode": "91"
          }
        ],
        "legendKey": null,
        "honorPrograms": []
      }
    ],
    "supplementCode": "  ",
    "credits": 3,
    "unitNotes": null,
    "coreCodes": [],
    "courseNotes": null,
    "expandedTitle": null
  },
  {
    "subjectNotes": null,
    "courseNumber": "515",
    "subject": "834",
    "campusCode": "CM",
    "openSections": 1,
    "synopsisUrl": null,
    "subjectGroupNotes": null,
    "offeringUnitCode": "56",
    "offeringUnitTitle": null,
    "title": "INTRO PUB BUDGET/FIN",
    "courseDescription": null,
    "preReqNotes": null,
    "sections": [
      {
        "sectionEligibility": null,
        "sessionDatePrintIndicator": "N",
        "examCode": "C",
        "specialPermissionAddCode": null,
        "crossListedSections": [],
        "sectionNotes": "ADDITIONAL TIME BY ARRANGEMENT.",
        "specialPermissionDropCode": null,
        "instructors": [
          {
            "name": "BEZICH, LOUIS"
          }
        ],
        "number": "91",
        "majors": [
          {
            "code": "834",
            "isUnitCode": false,
            "isMajorCode": true
          }
        ],
        "sessionDates": null,
        "specialPermissionDropCodeDescription": null,
        "subtopic": null,
        "openStatus": true,
        "comments": [
          {
            "code": "23",
            "description": "Hybrid Section - Some Meetings Online"
          },
          {
            "code": "05",
            "description": "Go to http://canvas.rutgers.edu"
          }
        ],
        "minors": [],
        "campusCode": "CM",
        "index": "04839",
        "unitMajors": [
          {
            "unitCode": "56",
            "majorCode": "834"
          }
        ],
        "printed": "Y",
        "specialPermissionAddCodeDescription": null,
        "subtitle": null,
        "meetingTimes": [
          {
            "campusLocation": "6",
            "baClassHours": null,
            "roomNumber": "124",
            "pmCode": "P",
            "campusAbbrev": "CAM",
            "campusName": "CAMDEN",
            "meetingDay": "W",
            "buildingCode": "ATG",
            "startTime": "0600",
            "endTime": "0850",
            "meetingModeDesc": "HYBRID SECTION",
            "meetingModeCode": "91"
          }
        ],
        "legendKey": null,
        "honorPrograms": []
      }
    ],
    "supplementCode": "  ",
    "credits": 3,
    "unitNotes": null,
    "coreCodes": [],
    "courseNotes": null,
    "expandedTitle": null
  },
  {
    "subjectNotes": null,
    "courseNumber": "521",
    "subject": "834",
    "campusCode": "CM",
    "openSections": 10,
    "synopsisUrl": null,
    "subjectGroupNotes": null,
    "offeringUnitCode": "56",
    "offeringUnitTitle": null,
    "title": "DIRECTED STUDY",
    "courseDescription": null,
    "preReqNotes": null,
    "sections": [
      {
        "sectionEligibility": null,
        "sessionDatePrintIndicator": "N",
        "examCode": "A",
        "specialPermissionAddCode": "03",
        "crossListedSections": [],
        "sectionNotes": null,
        "specialPermissionDropCode": null,
        "instructors": [
          {
            "name": "BONILLA, GLORIA"
          }
        ],
        "number": "01",
        "majors": [
          {
            "code": "834",
            "isUnitCode": false,
            "isMajorCode": true
          }
        ],
        "sessionDates": null,
        "specialPermissionDropCodeDescription": null,
        "subtopic": null,
        "openStatus": true,
        "comments": [],
        "minors": [],
        "campusCode": "CM",
        "index": "04840",
        "unitMajors": [
          {
            "unitCode": "56",
            "majorCode": "834"
          }
        ],
        "printed": "Y",
        "specialPermissionAddCodeDescription": "Department staff",
        "subtitle": null,
        "meetingTimes": [
          {
            "campusLocation": "6",
            "baClassHours": "B",
            "roomNumber": null,
            "pmCode": null,
            "campusAbbrev": "CAM",
            "campusName": "CAMDEN",
            "meetingDay": null,
            "buildingCode": null,
            "startTime": null,
            "endTime": null,
            "meetingModeDesc": "PROJ-IND",
            "meetingModeCode": "19"
          }
        ],
        "legendKey": null,
        "honorPrograms": []
      },
      {
        "sectionEligibility": null,
        "sessionDatePrintIndicator": "N",
        "examCode": "A",
        "specialPermissionAddCode": "03",
        "crossListedSections": [],
        "sectionNotes": null,
        "specialPermissionDropCode": null,
        "instructors": [
          {
            "name": "DANLEY, STEPHEN"
          }
        ],
        "number": "02",
        "majors": [
          {
            "code": "834",
            "isUnitCode": false,
            "isMajorCode": true
          }
        ],
        "sessionDates": null,
        "specialPermissionDropCodeDescription": null,
        "subtopic": null,
        "openStatus": true,
        "comments": [],
        "minors": [],
        "campusCode": "CM",
        "index": "04841",
        "unitMajors": [
          {
            "unitCode": "56",
            "majorCode": "834"
          }
        ],
        "printed": "Y",
        "specialPermissionAddCodeDescription": "Department staff",
        "subtitle": null,
        "meetingTimes": [
          {
            "campusLocation": "6",
            "baClassHours": "B",
            "roomNumber": null,
            "pmCode": null,
            "campusAbbrev": "CAM",
            "campusName": "CAMDEN",
            "meetingDay": null,
            "buildingCode": null,
            "startTime": null,
            "endTime": null,
            "meetingModeDesc": "PROJ-IND",
            "meetingModeCode": "19"
          }
        ],
        "legendKey": null,
        "honorPrograms": []
      },
      {
        "sectionEligibility": null,
        "sessionDatePrintIndicator": "N",
        "examCode": "A",
        "specialPermissionAddCode": "03",
        "crossListedSections": [],
        "sectionNotes": null,
        "specialPermissionDropCode": null,
        "instructors": [
          {
            "name": "DONAGHY"
          }
        ],
        "number": "03",
        "majors": [
          {
            "code": "834",
            "isUnitCode": false,
            "isMajorCode": true
          }
        ],
        "sessionDates": null,
        "specialPermissionDropCodeDescription": null,
        "subtopic": null,
        "openStatus": true,
        "comments": [],
        "minors": [],
        "campusCode": "CM",
        "index": "04842",
        "unitMajors": [
          {
            "unitCode": "56",
            "majorCode": "834"
          }
        ],
        "printed": "Y",
        "specialPermissionAddCodeDescription": "Department staff",
        "subtitle": null,
        "meetingTimes": [
          {
            "campusLocation": "6",
            "baClassHours": "B",
            "roomNumber": null,
            "pmCode": null,
            "campusAbbrev": "CAM",
            "campusName": "CAMDEN",
            "meetingDay": null,
            "buildingCode": null,
            "startTime": null,
            "endTime": null,
            "meetingModeDesc": "PROJ-IND",
            "meetingModeCode": "19"
          }
        ],
        "legendKey": null,
        "honorPrograms": []
      },
      {
        "sectionEligibility": null,
        "sessionDatePrintIndicator": "N",
        "examCode": "A",
        "specialPermissionAddCode": "03",
        "crossListedSections": [],
        "sectionNotes": null,
        "specialPermissionDropCode": null,
        "instructors": [
          {
            "name": "HAYES, MICHAEL"
          }
        ],
        "number": "04",
        "majors": [
          {
            "code": "834",
            "isUnitCode": false,
            "isMajorCode": true
          }
        ],
        "sessionDates": null,
        "specialPermissionDropCodeDescription": null,
        "subtopic": null,
        "openStatus": true,
        "comments": [],
        "minors": [],
        "campusCode": "CM",
        "index": "04843",
        "unitMajors": [
          {
            "unitCode": "56",
            "majorCode": "834"
          }
        ],
        "printed": "Y",
        "specialPermissionAddCodeDescription": "Department staff",
        "subtitle": null,
        "meetingTimes": [
          {
            "campusLocation": "6",
            "baClassHours": "B",
            "roomNumber": null,
            "pmCode": null,
            "campusAbbrev": "CAM",
            "campusName": "CAMDEN",
            "meetingDay": null,
            "buildingCode": null,
            "startTime": null,
            "endTime": null,
            "meetingModeDesc": "PROJ-IND",
            "meetingModeCode": "19"
          }
        ],
        "legendKey": null,
        "honorPrograms": []
      },
      {
        "sectionEligibility": null,
        "sessionDatePrintIndicator": "N",
        "examCode": "A",
        "specialPermissionAddCode": "03",
        "crossListedSections": [],
        "sectionNotes": null,
        "specialPermissionDropCode": null,
        "instructors": [
          {
            "name": "JARGOWSKY, PAUL"
          }
        ],
        "number": "05",
        "majors": [
          {
            "code": "834",
            "isUnitCode": false,
            "isMajorCode": true
          }
        ],
        "sessionDates": null,
        "specialPermissionDropCodeDescription": null,
        "subtopic": null,
        "openStatus": true,
        "comments": [],
        "minors": [],
        "campusCode": "CM",
        "index": "04844",
        "unitMajors": [
          {
            "unitCode": "56",
            "majorCode": "834"
          }
        ],
        "printed": "Y",
        "specialPermissionAddCodeDescription": "Department staff",
        "subtitle": null,
        "meetingTimes": [
          {
            "campusLocation": "6",
            "baClassHours": "B",
            "roomNumber": null,
            "pmCode": null,
            "campusAbbrev": "CAM",
            "campusName": "CAMDEN",
            "meetingDay": null,
            "buildingCode": null,
            "startTime": null,
            "endTime": null,
            "meetingModeDesc": "PROJ-IND",
            "meetingModeCode": "19"
          }
        ],
        "legendKey": null,
        "honorPrograms": []
      },
      {
        "sectionEligibility": null,
        "sessionDatePrintIndicator": "N",
        "examCode": "A",
        "specialPermissionAddCode": "03",
        "crossListedSections": [],
        "sectionNotes": null,
        "specialPermissionDropCode": null,
        "instructors": [
          {
            "name": "MARESCHAL"
          }
        ],
        "number": "06",
        "majors": [
          {
            "code": "834",
            "isUnitCode": false,
            "isMajorCode": true
          }
        ],
        "sessionDates": null,
        "specialPermissionDropCodeDescription": null,
        "subtopic": null,
        "openStatus": true,
        "comments": [],
        "minors": [],
        "campusCode": "CM",
        "index": "04845",
        "unitMajors": [
          {
            "unitCode": "56",
            "majorCode": "834"
          }
        ],
        "printed": "Y",
        "specialPermissionAddCodeDescription": "Department staff",
        "subtitle": null,
        "meetingTimes": [
          {
            "campusLocation": "6",
            "baClassHours": "B",
            "roomNumber": null,
            "pmCode": null,
            "campusAbbrev": "CAM",
            "campusName": "CAMDEN",
            "meetingDay": null,
            "buildingCode": null,
            "startTime": null,
            "endTime": null,
            "meetingModeDesc": "PROJ-IND",
            "meetingModeCode": "19"
          }
        ],
        "legendKey": null,
        "honorPrograms": []
      },
      {
        "sectionEligibility": null,
        "sessionDatePrintIndicator": "N",
        "examCode": "A",
        "specialPermissionAddCode": "03",
        "crossListedSections": [],
        "sectionNotes": null,
        "specialPermissionDropCode": null,
        "instructors": [
          {
            "name": "MINNITE"
          }
        ],
        "number": "07",
        "majors": [
          {
            "code": "834",
            "isUnitCode": false,
            "isMajorCode": true
          }
        ],
        "sessionDates": null,
        "specialPermissionDropCodeDescription": null,
        "subtopic": null,
        "openStatus": true,
        "comments": [],
        "minors": [],
        "campusCode": "CM",
        "index": "04846",
        "unitMajors": [
          {
            "unitCode": "56",
            "majorCode": "834"
          }
        ],
        "printed": "Y",
        "specialPermissionAddCodeDescription": "Department staff",
        "subtitle": null,
        "meetingTimes": [
          {
            "campusLocation": "6",
            "baClassHours": "B",
            "roomNumber": null,
            "pmCode": null,
            "campusAbbrev": "CAM",
            "campusName": "CAMDEN",
            "meetingDay": null,
            "buildingCode": null,
            "startTime": null,
            "endTime": null,
            "meetingModeDesc": "PROJ-IND",
            "meetingModeCode": "19"
          }
        ],
        "legendKey": null,
        "honorPrograms": []
      },
      {
        "sectionEligibility": null,
        "sessionDatePrintIndicator": "N",
        "examCode": "A",
        "specialPermissionAddCode": "03",
        "crossListedSections": [],
        "sectionNotes": "INSTRUCTOR: DR. NATHANIEL WRIGHT",
        "specialPermissionDropCode": null,
        "instructors": [
          {
            "name": "OKULICZ-KOZARYN"
          }
        ],
        "number": "08",
        "majors": [
          {
            "code": "834",
            "isUnitCode": false,
            "isMajorCode": true
          }
        ],
        "sessionDates": null,
        "specialPermissionDropCodeDescription": null,
        "subtopic": null,
        "openStatus": true,
        "comments": [],
        "minors": [],
        "campusCode": "CM",
        "index": "04847",
        "unitMajors": [
          {
            "unitCode": "56",
            "majorCode": "834"
          }
        ],
        "printed": "Y",
        "specialPermissionAddCodeDescription": "Department staff",
        "subtitle": null,
        "meetingTimes": [
          {
            "campusLocation": "6",
            "baClassHours": "B",
            "roomNumber": null,
            "pmCode": null,
            "campusAbbrev": "CAM",
            "campusName": "CAMDEN",
            "meetingDay": null,
            "buildingCode": null,
            "startTime": null,
            "endTime": null,
            "meetingModeDesc": "PROJ-IND",
            "meetingModeCode": "19"
          }
        ],
        "legendKey": null,
        "honorPrograms": []
      },
      {
        "sectionEligibility": null,
        "sessionDatePrintIndicator": "N",
        "examCode": "A",
        "specialPermissionAddCode": "03",
        "crossListedSections": [],
        "sectionNotes": null,
        "specialPermissionDropCode": null,
        "instructors": [
          {
            "name": "RABINOWITZ"
          }
        ],
        "number": "09",
        "majors": [
          {
            "code": "834",
            "isUnitCode": false,
            "isMajorCode": true
          }
        ],
        "sessionDates": null,
        "specialPermissionDropCodeDescription": null,
        "subtopic": null,
        "openStatus": true,
        "comments": [],
        "minors": [],
        "campusCode": "CM",
        "index": "04848",
        "unitMajors": [
          {
            "unitCode": "56",
            "majorCode": "834"
          }
        ],
        "printed": "Y",
        "specialPermissionAddCodeDescription": "Department staff",
        "subtitle": null,
        "meetingTimes": [
          {
            "campusLocation": "6",
            "baClassHours": "B",
            "roomNumber": null,
            "pmCode": null,
            "campusAbbrev": "CAM",
            "campusName": "CAMDEN",
            "meetingDay": null,
            "buildingCode": null,
            "startTime": null,
            "endTime": null,
            "meetingModeDesc": "PROJ-IND",
            "meetingModeCode": "19"
          }
        ],
        "legendKey": null,
        "honorPrograms": []
      },
      {
        "sectionEligibility": null,
        "sessionDatePrintIndicator": "N",
        "examCode": "A",
        "specialPermissionAddCode": null,
        "crossListedSections": [],
        "sectionNotes": "INSTRUCTOR: DR. NATHANIEL WRIGHT",
        "specialPermissionDropCode": null,
        "instructors": [],
        "number": "10",
        "majors": [
          {
            "code": "834",
            "isUnitCode": false,
            "isMajorCode": true
          }
        ],
        "sessionDates": null,
        "specialPermissionDropCodeDescription": null,
        "subtopic": null,
        "openStatus": true,
        "comments": [],
        "minors": [],
        "campusCode": "CM",
        "index": "04849",
        "unitMajors": [
          {
            "unitCode": "56",
            "majorCode": "834"
          }
        ],
        "printed": "Y",
        "specialPermissionAddCodeDescription": null,
        "subtitle": null,
        "meetingTimes": [
          {
            "campusLocation": "6",
            "baClassHours": "B",
            "roomNumber": null,
            "pmCode": null,
            "campusAbbrev": "CAM",
            "campusName": "CAMDEN",
            "meetingDay": null,
            "buildingCode": null,
            "startTime": null,
            "endTime": null,
            "meetingModeDesc": "PROJ-IND",
            "meetingModeCode": "19"
          }
        ],
        "legendKey": null,
        "honorPrograms": []
      }
    ],
    "supplementCode": "  ",
    "credits": 3,
    "unitNotes": null,
    "coreCodes": [],
    "courseNotes": null,
    "expandedTitle": null
  },
  {
    "subjectNotes": null,
    "courseNumber": "530",
    "subject": "834",
    "campusCode": "CM",
    "openSections": 1,
    "synopsisUrl": null,
    "subjectGroupNotes": null,
    "offeringUnitCode": "56",
    "offeringUnitTitle": null,
    "title": "DES MNG NONPRFT ORGS",
    "courseDescription": null,
    "preReqNotes": null,
    "sections": [
      {
        "sectionEligibility": null,
        "sessionDatePrintIndicator": "N",
        "examCode": "C",
        "specialPermissionAddCode": null,
        "crossListedSections": [
          {
            "courseNumber": "712",
            "supplementCode": "  ",
            "sectionNumber": "01",
            "offeringUnitCampus": "CM",
            "primaryRegistrationIndex": "04800",
            "offeringUnitCode": "56",
            "registrationIndex": "04799",
            "subjectCode": "824"
          }
        ],
        "sectionNotes": "INSTRUCTOR: DR. NATHANIEL WRIGHT",
        "specialPermissionDropCode": null,
        "instructors": [],
        "number": "01",
        "majors": [
          {
            "code": "824",
            "isUnitCode": false,
            "isMajorCode": true
          },
          {
            "code": "834",
            "isUnitCode": false,
            "isMajorCode": true
          }
        ],
        "sessionDates": null,
        "specialPermissionDropCodeDescription": null,
        "subtopic": null,
        "openStatus": true,
        "comments": [],
        "minors": [],
        "campusCode": "CM",
        "index": "04800",
        "unitMajors": [
          {
            "unitCode": "56",
            "majorCode": "834"
          },
          {
            "unitCode": "56",
            "majorCode": "824"
          }
        ],
        "printed": "Y",
        "specialPermissionAddCodeDescription": null,
        "subtitle": null,
        "meetingTimes": [
          {
            "campusLocation": "6",
            "baClassHours": null,
            "roomNumber": "109",
            "pmCode": "P",
            "campusAbbrev": "CAM",
            "campusName": "CAMDEN",
            "meetingDay": "TH",
            "buildingCode": "ATG",
            "startTime": "0600",
            "endTime": "0850",
            "meetingModeDesc": "LEC",
            "meetingModeCode": "02"
          }
        ],
        "legendKey": null,
        "honorPrograms": []
      }
    ],
    "supplementCode": "  ",
    "credits": 3,
    "unitNotes": null,
    "coreCodes": [],
    "courseNotes": null,
    "expandedTitle": "DESIGNING, LEADING, AND MANAGING PRODUCTIVE NONPROFIT ORGANIZATIONS             "
  },
  {
    "subjectNotes": null,
    "courseNumber": "531",
    "subject": "834",
    "campusCode": "CM",
    "openSections": 1,
    "synopsisUrl": null,
    "subjectGroupNotes": null,
    "offeringUnitCode": "56",
    "offeringUnitTitle": null,
    "title": "PUBLIC ADMIN GERMANY",
    "courseDescription": null,
    "preReqNotes": null,
    "sections": [
      {
        "sectionEligibility": null,
        "sessionDatePrintIndicator": "N",
        "examCode": "A",
        "specialPermissionAddCode": "04",
        "crossListedSections": [
          {
            "courseNumber": "351",
            "supplementCode": "  ",
            "sectionNumber": "I1",
            "offeringUnitCampus": "CM",
            "primaryRegistrationIndex": "04374",
            "offeringUnitCode": "50",
            "registrationIndex": "04373",
            "subjectCode": "975"
          }
        ],
        "sectionNotes": "LEARNING ABROAD WITH REQUIREDTRIP.  ADDITIONAL FEES APPLY.TRIP DATES: TBD.",
        "specialPermissionDropCode": "2",
        "instructors": [
          {
            "name": "FLETCHER"
          }
        ],
        "number": "I1",
        "majors": [
          {
            "code": "824",
            "isUnitCode": false,
            "isMajorCode": true
          },
          {
            "code": "834",
            "isUnitCode": false,
            "isMajorCode": true
          },
          {
            "code": "975",
            "isUnitCode": false,
            "isMajorCode": true
          }
        ],
        "sessionDates": null,
        "specialPermissionDropCodeDescription": "2",
        "subtopic": null,
        "openStatus": true,
        "comments": [
          {
            "code": "79",
            "description": "Study Abroad application required; please visit global.rutgers.edu/study-abroad"
          }
        ],
        "minors": [
          {
            "code": "975"
          }
        ],
        "campusCode": "CM",
        "index": "04374",
        "unitMajors": [
          {
            "unitCode": "56",
            "majorCode": "824"
          },
          {
            "unitCode": "50",
            "majorCode": "975"
          },
          {
            "unitCode": "56",
            "majorCode": "834"
          }
        ],
        "printed": "Y",
        "specialPermissionAddCodeDescription": "Instructor",
        "subtitle": null,
        "meetingTimes": [
          {
            "campusLocation": "6",
            "baClassHours": null,
            "roomNumber": "225",
            "pmCode": "P",
            "campusAbbrev": "CAM",
            "campusName": "CAMDEN",
            "meetingDay": "TH",
            "buildingCode": "FA",
            "startTime": "0200",
            "endTime": "0450",
            "meetingModeDesc": "LEC",
            "meetingModeCode": "02"
          }
        ],
        "legendKey": null,
        "honorPrograms": []
      }
    ],
    "supplementCode": "  ",
    "credits": null,
    "unitNotes": null,
    "coreCodes": [],
    "courseNotes": null,
    "expandedTitle": "PUBLIC ADMINISTRATION IN GERMANY-       LEARNING ABROAD                         "
  },
  {
    "subjectNotes": null,
    "courseNumber": "532",
    "subject": "834",
    "campusCode": "CM",
    "openSections": 1,
    "synopsisUrl": null,
    "subjectGroupNotes": null,
    "offeringUnitCode": "56",
    "offeringUnitTitle": null,
    "title": "COMMUNITY DEV GLOBAL",
    "courseDescription": null,
    "preReqNotes": null,
    "sections": [
      {
        "sectionEligibility": null,
        "sessionDatePrintIndicator": "N",
        "examCode": "C",
        "specialPermissionAddCode": null,
        "crossListedSections": [
          {
            "courseNumber": "712",
            "supplementCode": "  ",
            "sectionNumber": "03",
            "offeringUnitCampus": "CM",
            "primaryRegistrationIndex": "04803",
            "offeringUnitCode": "56",
            "registrationIndex": "04802",
            "subjectCode": "824"
          }
        ],
        "sectionNotes": null,
        "specialPermissionDropCode": null,
        "instructors": [
          {
            "name": "BONILLA, GLORIA"
          }
        ],
        "number": "03",
        "majors": [
          {
            "code": "834",
            "isUnitCode": false,
            "isMajorCode": true
          }
        ],
        "sessionDates": null,
        "specialPermissionDropCodeDescription": null,
        "subtopic": null,
        "openStatus": true,
        "comments": [],
        "minors": [],
        "campusCode": "CM",
        "index": "04803",
        "unitMajors": [
          {
            "unitCode": "56",
            "majorCode": "824"
          },
          {
            "unitCode": "56",
            "majorCode": "834"
          }
        ],
        "printed": "Y",
        "specialPermissionAddCodeDescription": null,
        "subtitle": null,
        "meetingTimes": [
          {
            "campusLocation": "6",
            "baClassHours": null,
            "roomNumber": "207",
            "pmCode": "P",
            "campusAbbrev": "CAM",
            "campusName": "CAMDEN",
            "meetingDay": "T",
            "buildingCode": "ATG",
            "startTime": "0600",
            "endTime": "0850",
            "meetingModeDesc": "LEC",
            "meetingModeCode": "02"
          }
        ],
        "legendKey": null,
        "honorPrograms": []
      }
    ],
    "supplementCode": "  ",
    "credits": 3,
    "unitNotes": null,
    "coreCodes": [],
    "courseNotes": null,
    "expandedTitle": "SUSTAINABLE COMMUNITY DEVELOPMENT AND GLOBALIZATION                             "
  },
  {
    "subjectNotes": null,
    "courseNumber": "536",
    "subject": "834",
    "campusCode": "CM",
    "openSections": 1,
    "synopsisUrl": null,
    "subjectGroupNotes": null,
    "offeringUnitCode": "56",
    "offeringUnitTitle": null,
    "title": "PUBLIC MNGT INFO SYS",
    "courseDescription": null,
    "preReqNotes": null,
    "sections": [
      {
        "sectionEligibility": null,
        "sessionDatePrintIndicator": "N",
        "examCode": "C",
        "specialPermissionAddCode": null,
        "crossListedSections": [],
        "sectionNotes": "COURSE MEETS THURS. 6-8:50PM INATG 105 ALTERNATE WEEKS.ADDITIONAL TIME BY ARRANGEMENT.CONTACT INSTRUCTOR FOR MORE INFO",
        "specialPermissionDropCode": null,
        "instructors": [
          {
            "name": "NOLFI, PATRICIA"
          }
        ],
        "number": "91",
        "majors": [],
        "sessionDates": null,
        "specialPermissionDropCodeDescription": null,
        "subtopic": null,
        "openStatus": true,
        "comments": [
          {
            "code": "23",
            "description": "Hybrid Section - Some Meetings Online"
          },
          {
            "code": "05",
            "description": "Go to http://canvas.rutgers.edu"
          }
        ],
        "minors": [],
        "campusCode": "CM",
        "index": "04850",
        "unitMajors": [
          {
            "unitCode": "56",
            "majorCode": "834"
          },
          {
            "unitCode": "56",
            "majorCode": "824"
          }
        ],
        "printed": "Y",
        "specialPermissionAddCodeDescription": null,
        "subtitle": null,
        "meetingTimes": [
          {
            "campusLocation": "6",
            "baClassHours": "B",
            "roomNumber": null,
            "pmCode": null,
            "campusAbbrev": "CAM",
            "campusName": "CAMDEN",
            "meetingDay": null,
            "buildingCode": null,
            "startTime": null,
            "endTime": null,
            "meetingModeDesc": "HYBRID SECTION",
            "meetingModeCode": "91"
          }
        ],
        "legendKey": null,
        "honorPrograms": []
      }
    ],
    "supplementCode": "  ",
    "credits": 3,
    "unitNotes": null,
    "coreCodes": [],
    "courseNotes": null,
    "expandedTitle": "PUBLIC MANAGEMENT INFORMATION SYSTEMS                                           "
  },
  {
    "subjectNotes": null,
    "courseNumber": "557",
    "subject": "834",
    "campusCode": "CM",
    "openSections": 1,
    "synopsisUrl": null,
    "subjectGroupNotes": null,
    "offeringUnitCode": "56",
    "offeringUnitTitle": null,
    "title": "HUMAN RESOURCES MGMT",
    "courseDescription": null,
    "preReqNotes": null,
    "sections": [
      {
        "sectionEligibility": null,
        "sessionDatePrintIndicator": "N",
        "examCode": "C",
        "specialPermissionAddCode": null,
        "crossListedSections": [],
        "sectionNotes": "COURSE MEETS ON ALTERNATE WEEKSCONTACT INSTRUCTOR FOR INFOMEETS W 6-8:60PM IN ATG 124.SOME MEETINGS ONLINE",
        "specialPermissionDropCode": null,
        "instructors": [
          {
            "name": "IMMORDINO"
          }
        ],
        "number": "91",
        "majors": [],
        "sessionDates": null,
        "specialPermissionDropCodeDescription": null,
        "subtopic": null,
        "openStatus": true,
        "comments": [
          {
            "code": "05",
            "description": "Go to http://canvas.rutgers.edu"
          },
          {
            "code": "23",
            "description": "Hybrid Section - Some Meetings Online"
          }
        ],
        "minors": [],
        "campusCode": "CM",
        "index": "04851",
        "unitMajors": [
          {
            "unitCode": "56",
            "majorCode": "834"
          }
        ],
        "printed": "Y",
        "specialPermissionAddCodeDescription": null,
        "subtitle": null,
        "meetingTimes": [
          {
            "campusLocation": "6",
            "baClassHours": "B",
            "roomNumber": null,
            "pmCode": null,
            "campusAbbrev": "CAM",
            "campusName": "CAMDEN",
            "meetingDay": null,
            "buildingCode": null,
            "startTime": null,
            "endTime": null,
            "meetingModeDesc": "LEC",
            "meetingModeCode": "02"
          }
        ],
        "legendKey": null,
        "honorPrograms": []
      }
    ],
    "supplementCode": "  ",
    "credits": 3,
    "unitNotes": null,
    "coreCodes": [],
    "courseNotes": null,
    "expandedTitle": null
  },
  {
    "subjectNotes": null,
    "courseNumber": "570",
    "subject": "834",
    "campusCode": "CM",
    "openSections": 0,
    "synopsisUrl": null,
    "subjectGroupNotes": null,
    "offeringUnitCode": "56",
    "offeringUnitTitle": null,
    "title": "LABOR/MANAGEMENT REL",
    "courseDescription": null,
    "preReqNotes": null,
    "sections": [
      {
        "sectionEligibility": null,
        "sessionDatePrintIndicator": "N",
        "examCode": "C",
        "specialPermissionAddCode": null,
        "crossListedSections": [
          {
            "courseNumber": "724",
            "supplementCode": "  ",
            "sectionNumber": "91",
            "offeringUnitCampus": "CM",
            "primaryRegistrationIndex": "04818",
            "offeringUnitCode": "56",
            "registrationIndex": "04817",
            "subjectCode": "824"
          }
        ],
        "sectionNotes": null,
        "specialPermissionDropCode": null,
        "instructors": [
          {
            "name": "MARESCHAL"
          }
        ],
        "number": "91",
        "majors": [],
        "sessionDates": null,
        "specialPermissionDropCodeDescription": null,
        "subtopic": null,
        "openStatus": false,
        "comments": [
          {
            "code": "05",
            "description": "Go to http://canvas.rutgers.edu"
          },
          {
            "code": "23",
            "description": "Hybrid Section - Some Meetings Online"
          }
        ],
        "minors": [],
        "campusCode": "CM",
        "index": "04818",
        "unitMajors": [
          {
            "unitCode": "56",
            "majorCode": "824"
          },
          {
            "unitCode": "56",
            "majorCode": "834"
          }
        ],
        "printed": "Y",
        "specialPermissionAddCodeDescription": null,
        "subtitle": null,
        "meetingTimes": [
          {
            "campusLocation": "6",
            "baClassHours": null,
            "roomNumber": "205",
            "pmCode": "P",
            "campusAbbrev": "CAM",
            "campusName": "CAMDEN",
            "meetingDay": "T",
            "buildingCode": "ATG",
            "startTime": "0600",
            "endTime": "0850",
            "meetingModeDesc": "HYBRID SECTION",
            "meetingModeCode": "91"
          }
        ],
        "legendKey": null,
        "honorPrograms": []
      }
    ],
    "supplementCode": "  ",
    "credits": 3,
    "unitNotes": null,
    "coreCodes": [],
    "courseNotes": null,
    "expandedTitle": "LABOR MANAGEMENT RELATIONS IN THE       PRIVATE AND PUBLIC SECTORS              "
  },
  {
    "subjectNotes": null,
    "courseNumber": "603",
    "subject": "834",
    "campusCode": "CM",
    "openSections": 1,
    "synopsisUrl": null,
    "subjectGroupNotes": null,
    "offeringUnitCode": "56",
    "offeringUnitTitle": null,
    "title": "HIST & PRCTCE OF CD",
    "courseDescription": null,
    "preReqNotes": null,
    "sections": [
      {
        "sectionEligibility": null,
        "sessionDatePrintIndicator": "N",
        "examCode": "C",
        "specialPermissionAddCode": null,
        "crossListedSections": [
          {
            "courseNumber": "701",
            "supplementCode": "  ",
            "sectionNumber": "01",
            "offeringUnitCampus": "CM",
            "primaryRegistrationIndex": "04796",
            "offeringUnitCode": "56",
            "registrationIndex": "04795",
            "subjectCode": "824"
          }
        ],
        "sectionNotes": null,
        "specialPermissionDropCode": null,
        "instructors": [
          {
            "name": "ROSEN, JOVANNA"
          }
        ],
        "number": "01",
        "majors": [
          {
            "code": "834",
            "isUnitCode": false,
            "isMajorCode": true
          },
          {
            "code": "824",
            "isUnitCode": false,
            "isMajorCode": true
          }
        ],
        "sessionDates": null,
        "specialPermissionDropCodeDescription": null,
        "subtopic": null,
        "openStatus": true,
        "comments": [],
        "minors": [],
        "campusCode": "CM",
        "index": "04796",
        "unitMajors": [
          {
            "unitCode": "56",
            "majorCode": "824"
          },
          {
            "unitCode": "56",
            "majorCode": "834"
          }
        ],
        "printed": "Y",
        "specialPermissionAddCodeDescription": null,
        "subtitle": null,
        "meetingTimes": [
          {
            "campusLocation": "6",
            "baClassHours": null,
            "roomNumber": "109",
            "pmCode": "P",
            "campusAbbrev": "CAM",
            "campusName": "CAMDEN",
            "meetingDay": "W",
            "buildingCode": "CS",
            "startTime": "0600",
            "endTime": "0850",
            "meetingModeDesc": "LEC",
            "meetingModeCode": "02"
          }
        ],
        "legendKey": null,
        "honorPrograms": []
      }
    ],
    "supplementCode": "  ",
    "credits": 3,
    "unitNotes": null,
    "coreCodes": [],
    "courseNotes": null,
    "expandedTitle": "HISTORY AND PRACTICE OF COMMUNITY DEVELOPMENT                                   "
  },
  {
    "subjectNotes": null,
    "courseNumber": "607",
    "subject": "834",
    "campusCode": "CM",
    "openSections": 1,
    "synopsisUrl": null,
    "subjectGroupNotes": null,
    "offeringUnitCode": "56",
    "offeringUnitTitle": null,
    "title": "PLAN MRKTS&COM DEVLP",
    "courseDescription": null,
    "preReqNotes": null,
    "sections": [
      {
        "sectionEligibility": null,
        "sessionDatePrintIndicator": "N",
        "examCode": "C",
        "specialPermissionAddCode": null,
        "crossListedSections": [
          {
            "courseNumber": "710",
            "supplementCode": "  ",
            "sectionNumber": "01",
            "offeringUnitCampus": "CM",
            "primaryRegistrationIndex": "04798",
            "offeringUnitCode": "56",
            "registrationIndex": "04797",
            "subjectCode": "824"
          }
        ],
        "sectionNotes": null,
        "specialPermissionDropCode": null,
        "instructors": [
          {
            "name": "ROSEN, JOVANNA"
          }
        ],
        "number": "01",
        "majors": [
          {
            "code": "834",
            "isUnitCode": false,
            "isMajorCode": true
          },
          {
            "code": "824",
            "isUnitCode": false,
            "isMajorCode": true
          }
        ],
        "sessionDates": null,
        "specialPermissionDropCodeDescription": null,
        "subtopic": null,
        "openStatus": true,
        "comments": [],
        "minors": [],
        "campusCode": "CM",
        "index": "04798",
        "unitMajors": [
          {
            "unitCode": "56",
            "majorCode": "834"
          },
          {
            "unitCode": "56",
            "majorCode": "824"
          }
        ],
        "printed": "Y",
        "specialPermissionAddCodeDescription": null,
        "subtitle": null,
        "meetingTimes": [
          {
            "campusLocation": "6",
            "baClassHours": null,
            "roomNumber": "105",
            "pmCode": "P",
            "campusAbbrev": "CAM",
            "campusName": "CAMDEN",
            "meetingDay": "M",
            "buildingCode": "ATG",
            "startTime": "0600",
            "endTime": "0850",
            "meetingModeDesc": "LEC",
            "meetingModeCode": "02"
          }
        ],
        "legendKey": null,
        "honorPrograms": []
      }
    ],
    "supplementCode": "  ",
    "credits": 3,
    "unitNotes": null,
    "coreCodes": [],
    "courseNotes": null,
    "expandedTitle": "PLANNING MARKETS AND COMMUNITY DEVELOPMENT                                      "
  },
  {
    "subjectNotes": null,
    "courseNumber": "650",
    "subject": "834",
    "campusCode": "CM",
    "openSections": 1,
    "synopsisUrl": null,
    "subjectGroupNotes": null,
    "offeringUnitCode": "56",
    "offeringUnitTitle": null,
    "title": "SP PROBS PUB POL/ADM",
    "courseDescription": null,
    "preReqNotes": null,
    "sections": [
      {
        "sectionEligibility": null,
        "sessionDatePrintIndicator": "N",
        "examCode": "C",
        "specialPermissionAddCode": null,
        "crossListedSections": [
          {
            "courseNumber": "712",
            "supplementCode": "  ",
            "sectionNumber": "91",
            "offeringUnitCampus": "CM",
            "primaryRegistrationIndex": "04805",
            "offeringUnitCode": "56",
            "registrationIndex": "04804",
            "subjectCode": "824"
          }
        ],
        "sectionNotes": "MEETS ALTERNATE WEEKS WITHADDITIONAL TIME BY ARRANGEMENT.",
        "specialPermissionDropCode": null,
        "instructors": [
          {
            "name": "ROSSI"
          }
        ],
        "number": "91",
        "majors": [
          {
            "code": "834",
            "isUnitCode": false,
            "isMajorCode": true
          },
          {
            "code": "824",
            "isUnitCode": false,
            "isMajorCode": true
          }
        ],
        "sessionDates": null,
        "specialPermissionDropCodeDescription": null,
        "subtopic": null,
        "openStatus": true,
        "comments": [],
        "minors": [],
        "campusCode": "CM",
        "index": "04805",
        "unitMajors": [
          {
            "unitCode": "56",
            "majorCode": "824"
          },
          {
            "unitCode": "56",
            "majorCode": "834"
          }
        ],
        "printed": "Y",
        "specialPermissionAddCodeDescription": null,
        "subtitle": "GRANT WRITING                           ",
        "meetingTimes": [
          {
            "campusLocation": "6",
            "baClassHours": null,
            "roomNumber": "105",
            "pmCode": "P",
            "campusAbbrev": "CAM",
            "campusName": "CAMDEN",
            "meetingDay": "TH",
            "buildingCode": "ATG",
            "startTime": "0600",
            "endTime": "0850",
            "meetingModeDesc": "HYBRID SECTION",
            "meetingModeCode": "91"
          }
        ],
        "legendKey": null,
        "honorPrograms": []
      }
    ],
    "supplementCode": "  ",
    "credits": 3,
    "unitNotes": null,
    "coreCodes": [],
    "courseNotes": null,
    "expandedTitle": "SPECIAL PROBLEMS IN PUBLIC POLICY AND   ADMINISTRATION                          "
  },
  {
    "subjectNotes": null,
    "courseNumber": "675",
    "subject": "834",
    "campusCode": "CM",
    "openSections": 1,
    "synopsisUrl": null,
    "subjectGroupNotes": null,
    "offeringUnitCode": "56",
    "offeringUnitTitle": null,
    "title": "RESEARCH WORKSHOP",
    "courseDescription": null,
    "preReqNotes": "(56:834:501 )<em> AND </em>(56:834:503 )<em> AND </em>(56:834:515 )<em> AND </em>(56:834:525 )<em> AND </em>(56:834:535 )<em> AND </em>(56:834:536 )",
    "sections": [
      {
        "sectionEligibility": null,
        "sessionDatePrintIndicator": "N",
        "examCode": "C",
        "specialPermissionAddCode": null,
        "crossListedSections": [],
        "sectionNotes": null,
        "specialPermissionDropCode": null,
        "instructors": [],
        "number": "40",
        "majors": [
          {
            "code": "834",
            "isUnitCode": false,
            "isMajorCode": true
          }
        ],
        "sessionDates": null,
        "specialPermissionDropCodeDescription": null,
        "subtopic": null,
        "openStatus": true,
        "comments": [],
        "minors": [],
        "campusCode": "CM",
        "index": "04852",
        "unitMajors": [
          {
            "unitCode": "56",
            "majorCode": "834"
          }
        ],
        "printed": "Y",
        "specialPermissionAddCodeDescription": null,
        "subtitle": null,
        "meetingTimes": [
          {
            "campusLocation": "6",
            "baClassHours": null,
            "roomNumber": "207",
            "pmCode": "P",
            "campusAbbrev": "CAM",
            "campusName": "CAMDEN",
            "meetingDay": "M",
            "buildingCode": "ATG",
            "startTime": "0600",
            "endTime": "0850",
            "meetingModeDesc": "LEC",
            "meetingModeCode": "02"
          }
        ],
        "legendKey": null,
        "honorPrograms": []
      }
    ],
    "supplementCode": "  ",
    "credits": 3,
    "unitNotes": null,
    "coreCodes": [],
    "courseNotes": null,
    "expandedTitle": "RESEARCH WORKSHOP                                                               "
  },
  {
    "subjectNotes": null,
    "courseNumber": "800",
    "subject": "834",
    "campusCode": "CM",
    "openSections": 1,
    "synopsisUrl": null,
    "subjectGroupNotes": null,
    "offeringUnitCode": "56",
    "offeringUnitTitle": null,
    "title": "MATRICULATION CONTD",
    "courseDescription": null,
    "preReqNotes": null,
    "sections": [
      {
        "sectionEligibility": null,
        "sessionDatePrintIndicator": "N",
        "examCode": "C",
        "specialPermissionAddCode": null,
        "crossListedSections": [],
        "sectionNotes": null,
        "specialPermissionDropCode": null,
        "instructors": [
          {
            "name": "HAYES, MICHAEL"
          }
        ],
        "number": "01",
        "majors": [],
        "sessionDates": null,
        "specialPermissionDropCodeDescription": null,
        "subtopic": null,
        "openStatus": true,
        "comments": [],
        "minors": [],
        "campusCode": "CM",
        "index": "04853",
        "unitMajors": [
          {
            "unitCode": "56",
            "majorCode": "834"
          }
        ],
        "printed": "Y",
        "specialPermissionAddCodeDescription": null,
        "subtitle": null,
        "meetingTimes": [
          {
            "campusLocation": "6",
            "baClassHours": "B",
            "roomNumber": null,
            "pmCode": null,
            "campusAbbrev": "CAM",
            "campusName": "CAMDEN",
            "meetingDay": null,
            "buildingCode": null,
            "startTime": null,
            "endTime": null,
            "meetingModeDesc": "NONINSTR",
            "meetingModeCode": "99"
          }
        ],
        "legendKey": null,
        "honorPrograms": []
      }
    ],
    "supplementCode": "  ",
    "credits": 0,
    "unitNotes": null,
    "coreCodes": [],
    "courseNotes": null,
    "expandedTitle": "MATRICULATION CONTINUATION                                                      "
  }
]