[
  {
    "subjectNotes": null,
    "courseNumber": "897",
    "subject": "001",
    "campusCode": "CM",
    "openSections": 3,
    "synopsisUrl": null,
    "subjectGroupNotes": null,
    "offeringUnitCode": "56",
    "offeringUnitTitle": null,
    "title": "FT STUDY ON CAMPUS",
    "courseDescription": null,
    "preReqNotes": null,
    "sections": [
      {
        "sectionEligibility": null,
        "sessionDatePrintIndicator": "Y",
        "examCode": "C",
        "specialPermissionAddCode": "03",
        "crossListedSections": [],
        "sectionNotes": "FOR CCIB STUDENTS",
        "specialPermissionDropCode": null,
        "instructors": [],
        "number": "01",
        "majors": [
          {
            "code": "56",
            "isUnitCode": true,
            "isMajorCode": false
          }
        ],
        "sessionDates": null,
        "specialPermissionDropCodeDescription": null,
        "subtopic": null,
        "openStatus": true,
        "comments": [],
        "minors": [],
        "campusCode": "CM",
        "index": "18968",
        "unitMajors": [],
        "printed": "N",
        "specialPermissionAddCodeDescription": "Department staff",
        "subtitle": null,
        "meetingTimes": [
          {
            "campusLocation": "6",
            "baClassHours": "B",
            "roomNumber": null,
            "pmCode": null,
            "campusAbbrev": "CAM",
            "campusName": "CAMDEN",
            "meetingDay": null,
            "buildingCode": null,
            "startTime": null,
            "endTime": null,
            "meetingModeDesc": "NONINSTR",
            "meetingModeCode": "99"
          }
        ],
        "legendKey": null,
        "honorPrograms": []
      },
      {
        "sectionEligibility": null,
        "sessionDatePrintIndicator": "Y",
        "examCode": "C",
        "specialPermissionAddCode": "03",
        "crossListedSections": [],
        "sectionNotes": "CHILDHOOD STUDIES STUDENTS",
        "specialPermissionDropCode": null,
        "instructors": [],
        "number": "02",
        "majors": [
          {
            "code": "56",
            "isUnitCode": true,
            "isMajorCode": false
          }
        ],
        "sessionDates": null,
        "specialPermissionDropCodeDescription": null,
        "subtopic": null,
        "openStatus": true,
        "comments": [],
        "minors": [],
        "campusCode": "CM",
        "index": "18971",
        "unitMajors": [],
        "printed": "N",
        "specialPermissionAddCodeDescription": "Department staff",
        "subtitle": null,
        "meetingTimes": [
          {
            "campusLocation": "6",
            "baClassHours": "B",
            "roomNumber": null,
            "pmCode": null,
            "campusAbbrev": "CAM",
            "campusName": "CAMDEN",
            "meetingDay": null,
            "buildingCode": null,
            "startTime": null,
            "endTime": null,
            "meetingModeDesc": "NONINSTR",
            "meetingModeCode": "99"
          }
        ],
        "legendKey": null,
        "honorPrograms": []
      },
      {
        "sectionEligibility": null,
        "sessionDatePrintIndicator": "Y",
        "examCode": "C",
        "specialPermissionAddCode": "03",
        "crossListedSections": [],
        "sectionNotes": "PUBLIC AFFAIRS STUDENTS",
        "specialPermissionDropCode": null,
        "instructors": [],
        "number": "03",
        "majors": [
          {
            "code": "56",
            "isUnitCode": true,
            "isMajorCode": false
          }
        ],
        "sessionDates": null,
        "specialPermissionDropCodeDescription": null,
        "subtopic": null,
        "openStatus": true,
        "comments": [],
        "minors": [],
        "campusCode": "CM",
        "index": "18972",
        "unitMajors": [],
        "printed": "N",
        "specialPermissionAddCodeDescription": "Department staff",
        "subtitle": null,
        "meetingTimes": [
          {
            "campusLocation": "6",
            "baClassHours": "B",
            "roomNumber": null,
            "pmCode": null,
            "campusAbbrev": "CAM",
            "campusName": "CAMDEN",
            "meetingDay": null,
            "buildingCode": null,
            "startTime": null,
            "endTime": null,
            "meetingModeDesc": "NONINSTR",
            "meetingModeCode": "99"
          }
        ],
        "legendKey": null,
        "honorPrograms": []
      }
    ],
    "supplementCode": "  ",
    "credits": 0,
    "unitNotes": null,
    "coreCodes": [],
    "courseNotes": null,
    "expandedTitle": "FULL-TIME STUDY ON CAMPUS                                                       "
  },
  {
    "subjectNotes": null,
    "courseNumber": "898",
    "subject": "001",
    "campusCode": "CM",
    "openSections": 2,
    "synopsisUrl": null,
    "subjectGroupNotes": null,
    "offeringUnitCode": "56",
    "offeringUnitTitle": null,
    "title": "FULL-TIME STUDY",
    "courseDescription": null,
    "preReqNotes": null,
    "sections": [
      {
        "sectionEligibility": null,
        "sessionDatePrintIndicator": "Y",
        "examCode": "C",
        "specialPermissionAddCode": "03",
        "crossListedSections": [],
        "sectionNotes": "CCIB STUDENTS",
        "specialPermissionDropCode": null,
        "instructors": [],
        "number": "01",
        "majors": [
          {
            "code": "56",
            "isUnitCode": true,
            "isMajorCode": false
          }
        ],
        "sessionDates": null,
        "specialPermissionDropCodeDescription": null,
        "subtopic": null,
        "openStatus": false,
        "comments": [],
        "minors": [],
        "campusCode": "CM",
        "index": "18969",
        "unitMajors": [],
        "printed": "N",
        "specialPermissionAddCodeDescription": "Department staff",
        "subtitle": null,
        "meetingTimes": [
          {
            "campusLocation": "6",
            "baClassHours": "B",
            "roomNumber": null,
            "pmCode": null,
            "campusAbbrev": "CAM",
            "campusName": "CAMDEN",
            "meetingDay": null,
            "buildingCode": null,
            "startTime": null,
            "endTime": null,
            "meetingModeDesc": "NONINSTR",
            "meetingModeCode": "99"
          }
        ],
        "legendKey": null,
        "honorPrograms": []
      },
      {
        "sectionEligibility": null,
        "sessionDatePrintIndicator": "Y",
        "examCode": "C",
        "specialPermissionAddCode": "03",
        "crossListedSections": [],
        "sectionNotes": "CHILDHOOD STUDIES STUDENTS",
        "specialPermissionDropCode": null,
        "instructors": [],
        "number": "02",
        "majors": [
          {
            "code": "56",
            "isUnitCode": true,
            "isMajorCode": false
          }
        ],
        "sessionDates": null,
        "specialPermissionDropCodeDescription": null,
        "subtopic": null,
        "openStatus": true,
        "comments": [],
        "minors": [],
        "campusCode": "CM",
        "index": "18973",
        "unitMajors": [],
        "printed": "N",
        "specialPermissionAddCodeDescription": "Department staff",
        "subtitle": null,
        "meetingTimes": [
          {
            "campusLocation": "6",
            "baClassHours": "B",
            "roomNumber": null,
            "pmCode": null,
            "campusAbbrev": "CAM",
            "campusName": "CAMDEN",
            "meetingDay": null,
            "buildingCode": null,
            "startTime": null,
            "endTime": null,
            "meetingModeDesc": "NONINSTR",
            "meetingModeCode": "99"
          }
        ],
        "legendKey": null,
        "honorPrograms": []
      },
      {
        "sectionEligibility": null,
        "sessionDatePrintIndicator": "Y",
        "examCode": "C",
        "specialPermissionAddCode": "03",
        "crossListedSections": [],
        "sectionNotes": "PUBLIC AFFAIRS STUDENTS",
        "specialPermissionDropCode": null,
        "instructors": [],
        "number": "03",
        "majors": [
          {
            "code": "56",
            "isUnitCode": true,
            "isMajorCode": false
          }
        ],
        "sessionDates": null,
        "specialPermissionDropCodeDescription": null,
        "subtopic": null,
        "openStatus": true,
        "comments": [],
        "minors": [],
        "campusCode": "CM",
        "index": "18975",
        "unitMajors": [],
        "printed": "N",
        "specialPermissionAddCodeDescription": "Department staff",
        "subtitle": null,
        "meetingTimes": [
          {
            "campusLocation": "6",
            "baClassHours": "B",
            "roomNumber": null,
            "pmCode": null,
            "campusAbbrev": "CAM",
            "campusName": "CAMDEN",
            "meetingDay": null,
            "buildingCode": null,
            "startTime": null,
            "endTime": null,
            "meetingModeDesc": "NONINSTR",
            "meetingModeCode": "99"
          }
        ],
        "legendKey": null,
        "honorPrograms": []
      }
    ],
    "supplementCode": "  ",
    "credits": 0,
    "unitNotes": null,
    "coreCodes": [],
    "courseNotes": null,
    "expandedTitle": "FULL-TIME STUDY                                                                 "
  },
  {
    "subjectNotes": null,
    "courseNumber": "899",
    "subject": "001",
    "campusCode": "CM",
    "openSections": 3,
    "synopsisUrl": null,
    "subjectGroupNotes": null,
    "offeringUnitCode": "56",
    "offeringUnitTitle": null,
    "title": "FT STUDY MATRIC CONT",
    "courseDescription": null,
    "preReqNotes": null,
    "sections": [
      {
        "sectionEligibility": null,
        "sessionDatePrintIndicator": "Y",
        "examCode": "C",
        "specialPermissionAddCode": "03",
        "crossListedSections": [],
        "sectionNotes": "CCIB STUDENTS",
        "specialPermissionDropCode": null,
        "instructors": [],
        "number": "01",
        "majors": [
          {
            "code": "56",
            "isUnitCode": true,
            "isMajorCode": false
          }
        ],
        "sessionDates": null,
        "specialPermissionDropCodeDescription": null,
        "subtopic": null,
        "openStatus": true,
        "comments": [],
        "minors": [],
        "campusCode": "CM",
        "index": "18970",
        "unitMajors": [],
        "printed": "N",
        "specialPermissionAddCodeDescription": "Department staff",
        "subtitle": null,
        "meetingTimes": [
          {
            "campusLocation": "6",
            "baClassHours": "B",
            "roomNumber": null,
            "pmCode": null,
            "campusAbbrev": "CAM",
            "campusName": "CAMDEN",
            "meetingDay": null,
            "buildingCode": null,
            "startTime": null,
            "endTime": null,
            "meetingModeDesc": "NONINSTR",
            "meetingModeCode": "99"
          }
        ],
        "legendKey": null,
        "honorPrograms": []
      },
      {
        "sectionEligibility": null,
        "sessionDatePrintIndicator": "Y",
        "examCode": "C",
        "specialPermissionAddCode": "03",
        "crossListedSections": [],
        "sectionNotes": "CHILDHOOD STUDIES STUDENTS",
        "specialPermissionDropCode": null,
        "instructors": [],
        "number": "02",
        "majors": [
          {
            "code": "56",
            "isUnitCode": true,
            "isMajorCode": false
          }
        ],
        "sessionDates": null,
        "specialPermissionDropCodeDescription": null,
        "subtopic": null,
        "openStatus": true,
        "comments": [],
        "minors": [],
        "campusCode": "CM",
        "index": "18976",
        "unitMajors": [],
        "printed": "N",
        "specialPermissionAddCodeDescription": "Department staff",
        "subtitle": null,
        "meetingTimes": [
          {
            "campusLocation": "6",
            "baClassHours": "B",
            "roomNumber": null,
            "pmCode": null,
            "campusAbbrev": "CAM",
            "campusName": "CAMDEN",
            "meetingDay": null,
            "buildingCode": null,
            "startTime": null,
            "endTime": null,
            "meetingModeDesc": "NONINSTR",
            "meetingModeCode": "99"
          }
        ],
        "legendKey": null,
        "honorPrograms": []
      },
      {
        "sectionEligibility": null,
        "sessionDatePrintIndicator": "Y",
        "examCode": "C",
        "specialPermissionAddCode": "03",
        "crossListedSections": [],
        "sectionNotes": "PUBLIC AFFAIRS STUDENTS",
        "specialPermissionDropCode": null,
        "instructors": [],
        "number": "03",
        "majors": [
          {
            "code": "56",
            "isUnitCode": true,
            "isMajorCode": false
          }
        ],
        "sessionDates": null,
        "specialPermissionDropCodeDescription": null,
        "subtopic": null,
        "openStatus": true,
        "comments": [],
        "minors": [],
        "campusCode": "CM",
        "index": "18977",
        "unitMajors": [],
        "printed": "N",
        "specialPermissionAddCodeDescription": "Department staff",
        "subtitle": null,
        "meetingTimes": [
          {
            "campusLocation": "6",
            "baClassHours": "B",
            "roomNumber": null,
            "pmCode": null,
            "campusAbbrev": "CAM",
            "campusName": "CAMDEN",
            "meetingDay": null,
            "buildingCode": null,
            "startTime": null,
            "endTime": null,
            "meetingModeDesc": "NONINSTR",
            "meetingModeCode": "99"
          }
        ],
        "legendKey": null,
        "honorPrograms": []
      }
    ],
    "supplementCode": "  ",
    "credits": 0,
    "unitNotes": null,
    "coreCodes": [],
    "courseNotes": null,
    "expandedTitle": "FULL-TIME STUDY MATRICULATION           CONTINUED                               "
  }
]