[
  {
    "subjectNotes": null,
    "courseNumber": "502",
    "subject": "716",
    "campusCode": "CM",
    "openSections": 2,
    "synopsisUrl": null,
    "subjectGroupNotes": null,
    "offeringUnitCode": "53",
    "offeringUnitTitle": null,
    "title": "BUSINESS ANALYTICS",
    "courseDescription": null,
    "preReqNotes": null,
    "sections": [
      {
        "sectionEligibility": null,
        "sessionDatePrintIndicator": "N",
        "examCode": "A",
        "specialPermissionAddCode": null,
        "crossListedSections": [],
        "sectionNotes": "OPEN TO ONLINE MBA STUDENTS",
        "specialPermissionDropCode": null,
        "instructors": [
          {
            "name": "TAVANA, MADJID"
          }
        ],
        "number": "90",
        "majors": [],
        "sessionDates": null,
        "specialPermissionDropCodeDescription": null,
        "subtopic": null,
        "openStatus": false,
        "comments": [
          {
            "code": "05",
            "description": "Go to http://canvas.rutgers.edu"
          },
          {
            "code": "56",
            "description": "Online Course"
          }
        ],
        "minors": [],
        "campusCode": "CM",
        "index": "04585",
        "unitMajors": [
          {
            "unitCode": "53",
            "majorCode": "135"
          }
        ],
        "printed": "Y",
        "specialPermissionAddCodeDescription": null,
        "subtitle": null,
        "meetingTimes": [
          {
            "campusLocation": "6",
            "baClassHours": "B",
            "roomNumber": null,
            "pmCode": null,
            "campusAbbrev": "CAM",
            "campusName": "CAMDEN",
            "meetingDay": null,
            "buildingCode": null,
            "startTime": null,
            "endTime": null,
            "meetingModeDesc": "ONLINE INSTRUCTION(INTERNET)",
            "meetingModeCode": "90"
          }
        ],
        "legendKey": null,
        "honorPrograms": []
      },
      {
        "sectionEligibility": null,
        "sessionDatePrintIndicator": "N",
        "examCode": "A",
        "specialPermissionAddCode": null,
        "crossListedSections": [],
        "sectionNotes": null,
        "specialPermissionDropCode": null,
        "instructors": [
          {
            "name": "PETERS"
          }
        ],
        "number": "92",
        "majors": [],
        "sessionDates": null,
        "specialPermissionDropCodeDescription": null,
        "subtopic": null,
        "openStatus": true,
        "comments": [
          {
            "code": "56",
            "description": "Online Course"
          },
          {
            "code": "05",
            "description": "Go to http://canvas.rutgers.edu"
          }
        ],
        "minors": [],
        "campusCode": "CM",
        "index": "04586",
        "unitMajors": [
          {
            "unitCode": "53",
            "majorCode": "985"
          },
          {
            "unitCode": "53",
            "majorCode": "141"
          },
          {
            "unitCode": "53",
            "majorCode": "054"
          }
        ],
        "printed": "Y",
        "specialPermissionAddCodeDescription": null,
        "subtitle": null,
        "meetingTimes": [
          {
            "campusLocation": "6",
            "baClassHours": "B",
            "roomNumber": null,
            "pmCode": null,
            "campusAbbrev": "CAM",
            "campusName": "CAMDEN",
            "meetingDay": null,
            "buildingCode": null,
            "startTime": null,
            "endTime": null,
            "meetingModeDesc": "ONLINE INSTRUCTION(INTERNET)",
            "meetingModeCode": "90"
          }
        ],
        "legendKey": null,
        "honorPrograms": []
      },
      {
        "sectionEligibility": null,
        "sessionDatePrintIndicator": "N",
        "examCode": "A",
        "specialPermissionAddCode": null,
        "crossListedSections": [],
        "sectionNotes": null,
        "specialPermissionDropCode": null,
        "instructors": [],
        "number": "94",
        "majors": [],
        "sessionDates": null,
        "specialPermissionDropCodeDescription": null,
        "subtopic": null,
        "openStatus": true,
        "comments": [
          {
            "code": "56",
            "description": "Online Course"
          },
          {
            "code": "05",
            "description": "Go to http://canvas.rutgers.edu"
          }
        ],
        "minors": [],
        "campusCode": "CM",
        "index": "04587",
        "unitMajors": [
          {
            "unitCode": "53",
            "majorCode": "985"
          },
          {
            "unitCode": "53",
            "majorCode": "054"
          },
          {
            "unitCode": "53",
            "majorCode": "141"
          },
          {
            "unitCode": "53",
            "majorCode": "135"
          }
        ],
        "printed": "N",
        "specialPermissionAddCodeDescription": null,
        "subtitle": null,
        "meetingTimes": [
          {
            "campusLocation": "6",
            "baClassHours": "B",
            "roomNumber": null,
            "pmCode": null,
            "campusAbbrev": "CAM",
            "campusName": "CAMDEN",
            "meetingDay": null,
            "buildingCode": null,
            "startTime": null,
            "endTime": null,
            "meetingModeDesc": "ONLINE INSTRUCTION(INTERNET)",
            "meetingModeCode": "90"
          }
        ],
        "legendKey": null,
        "honorPrograms": []
      }
    ],
    "supplementCode": "  ",
    "credits": 3,
    "unitNotes": null,
    "coreCodes": [],
    "courseNotes": null,
    "expandedTitle": "BUSINESS ANALYTICS                                                              "
  },
  {
    "subjectNotes": null,
    "courseNumber": "513",
    "subject": "716",
    "campusCode": "CM",
    "openSections": 1,
    "synopsisUrl": null,
    "subjectGroupNotes": null,
    "offeringUnitCode": "53",
    "offeringUnitTitle": null,
    "title": "OPT&SUPPLY CHAIN MGT",
    "courseDescription": null,
    "preReqNotes": null,
    "sections": [
      {
        "sectionEligibility": null,
        "sessionDatePrintIndicator": "N",
        "examCode": "A",
        "specialPermissionAddCode": null,
        "crossListedSections": [],
        "sectionNotes": null,
        "specialPermissionDropCode": null,
        "instructors": [
          {
            "name": "KHANJARI, NEDA"
          }
        ],
        "number": "90",
        "majors": [],
        "sessionDates": null,
        "specialPermissionDropCodeDescription": null,
        "subtopic": null,
        "openStatus": false,
        "comments": [
          {
            "code": "05",
            "description": "Go to http://canvas.rutgers.edu"
          }
        ],
        "minors": [],
        "campusCode": "CM",
        "index": "04588",
        "unitMajors": [
          {
            "unitCode": "53",
            "majorCode": "135"
          }
        ],
        "printed": "Y",
        "specialPermissionAddCodeDescription": null,
        "subtitle": null,
        "meetingTimes": [
          {
            "campusLocation": "6",
            "baClassHours": "B",
            "roomNumber": null,
            "pmCode": null,
            "campusAbbrev": "CAM",
            "campusName": "CAMDEN",
            "meetingDay": null,
            "buildingCode": null,
            "startTime": null,
            "endTime": null,
            "meetingModeDesc": "ONLINE INSTRUCTION(INTERNET)",
            "meetingModeCode": "90"
          }
        ],
        "legendKey": null,
        "honorPrograms": []
      },
      {
        "sectionEligibility": null,
        "sessionDatePrintIndicator": "N",
        "examCode": "A",
        "specialPermissionAddCode": null,
        "crossListedSections": [],
        "sectionNotes": null,
        "specialPermissionDropCode": null,
        "instructors": [
          {
            "name": "JAMIL, MAMNOON"
          }
        ],
        "number": "92",
        "majors": [],
        "sessionDates": null,
        "specialPermissionDropCodeDescription": null,
        "subtopic": null,
        "openStatus": true,
        "comments": [
          {
            "code": "05",
            "description": "Go to http://canvas.rutgers.edu"
          },
          {
            "code": "56",
            "description": "Online Course"
          }
        ],
        "minors": [],
        "campusCode": "CM",
        "index": "04589",
        "unitMajors": [
          {
            "unitCode": "53",
            "majorCode": "054"
          }
        ],
        "printed": "Y",
        "specialPermissionAddCodeDescription": null,
        "subtitle": null,
        "meetingTimes": [
          {
            "campusLocation": "6",
            "baClassHours": "B",
            "roomNumber": null,
            "pmCode": null,
            "campusAbbrev": "CAM",
            "campusName": "CAMDEN",
            "meetingDay": null,
            "buildingCode": null,
            "startTime": null,
            "endTime": null,
            "meetingModeDesc": "ONLINE INSTRUCTION(INTERNET)",
            "meetingModeCode": "90"
          }
        ],
        "legendKey": null,
        "honorPrograms": []
      }
    ],
    "supplementCode": "  ",
    "credits": 3,
    "unitNotes": null,
    "coreCodes": [],
    "courseNotes": null,
    "expandedTitle": "OPERATIONS AND SUPPLY CHAIN MANAGEMENT                                          "
  },
  {
    "subjectNotes": null,
    "courseNumber": "521",
    "subject": "716",
    "campusCode": "CM",
    "openSections": 1,
    "synopsisUrl": null,
    "subjectGroupNotes": null,
    "offeringUnitCode": "53",
    "offeringUnitTitle": null,
    "title": "DIRECT STY OPTS MGMT",
    "courseDescription": null,
    "preReqNotes": "(56:716:513 )",
    "sections": [
      {
        "sectionEligibility": null,
        "sessionDatePrintIndicator": "N",
        "examCode": "A",
        "specialPermissionAddCode": "03",
        "crossListedSections": [],
        "sectionNotes": null,
        "specialPermissionDropCode": null,
        "instructors": [],
        "number": "01",
        "majors": [
          {
            "code": "53",
            "isUnitCode": true,
            "isMajorCode": false
          }
        ],
        "sessionDates": null,
        "specialPermissionDropCodeDescription": null,
        "subtopic": null,
        "openStatus": true,
        "comments": [
          {
            "code": "05",
            "description": "Go to http://canvas.rutgers.edu"
          }
        ],
        "minors": [],
        "campusCode": "CM",
        "index": "04590",
        "unitMajors": [],
        "printed": "N",
        "specialPermissionAddCodeDescription": "Department staff",
        "subtitle": null,
        "meetingTimes": [
          {
            "campusLocation": "6",
            "baClassHours": "B",
            "roomNumber": null,
            "pmCode": null,
            "campusAbbrev": "CAM",
            "campusName": "CAMDEN",
            "meetingDay": null,
            "buildingCode": null,
            "startTime": null,
            "endTime": null,
            "meetingModeDesc": "PROJ-IND",
            "meetingModeCode": "19"
          }
        ],
        "legendKey": null,
        "honorPrograms": []
      }
    ],
    "supplementCode": "  ",
    "credits": null,
    "unitNotes": null,
    "coreCodes": [],
    "courseNotes": null,
    "expandedTitle": "DIRECTED STUDY IN OPERATIONS            MANAGEMENT                              "
  },
  {
    "subjectNotes": null,
    "courseNumber": "535",
    "subject": "716",
    "campusCode": "CM",
    "openSections": 1,
    "synopsisUrl": null,
    "subjectGroupNotes": null,
    "offeringUnitCode": "53",
    "offeringUnitTitle": null,
    "title": "BIG DATA ANALYTICS",
    "courseDescription": null,
    "preReqNotes": "(53:716:502 )",
    "sections": [
      {
        "sectionEligibility": null,
        "sessionDatePrintIndicator": "Y",
        "examCode": "A",
        "specialPermissionAddCode": null,
        "crossListedSections": [
          {
            "courseNumber": "535",
            "supplementCode": "  ",
            "sectionNumber": "92",
            "offeringUnitCampus": "CM",
            "primaryRegistrationIndex": "18605",
            "offeringUnitCode": "53",
            "registrationIndex": "18606",
            "subjectCode": "716"
          }
        ],
        "sectionNotes": "OPEN TO ONLINE MSBA STUDENTS.",
        "specialPermissionDropCode": null,
        "instructors": [
          {
            "name": "KUCUKGUL, CAN"
          }
        ],
        "number": "90",
        "majors": [],
        "sessionDates": null,
        "specialPermissionDropCodeDescription": null,
        "subtopic": null,
        "openStatus": false,
        "comments": [
          {
            "code": "05",
            "description": "Go to http://canvas.rutgers.edu"
          },
          {
            "code": "56",
            "description": "Online Course"
          }
        ],
        "minors": [],
        "campusCode": "CM",
        "index": "18605",
        "unitMajors": [],
        "printed": "Y",
        "specialPermissionAddCodeDescription": null,
        "subtitle": null,
        "meetingTimes": [
          {
            "campusLocation": "6",
            "baClassHours": "B",
            "roomNumber": null,
            "pmCode": null,
            "campusAbbrev": "CAM",
            "campusName": "CAMDEN",
            "meetingDay": null,
            "buildingCode": null,
            "startTime": null,
            "endTime": null,
            "meetingModeDesc": "ONLINE INSTRUCTION(INTERNET)",
            "meetingModeCode": "90"
          }
        ],
        "legendKey": null,
        "honorPrograms": []
      },
      {
        "sectionEligibility": null,
        "sessionDatePrintIndicator": "Y",
        "examCode": "A",
        "specialPermissionAddCode": null,
        "crossListedSections": [
          {
            "courseNumber": "535",
            "supplementCode": "  ",
            "sectionNumber": "90",
            "offeringUnitCampus": "CM",
            "primaryRegistrationIndex": "18606",
            "offeringUnitCode": "53",
            "registrationIndex": "18605",
            "subjectCode": "716"
          }
        ],
        "sectionNotes": "OPEN TO MBA AND MACC STUDENTS.",
        "specialPermissionDropCode": null,
        "instructors": [
          {
            "name": "KUCUKGUL, CAN"
          }
        ],
        "number": "92",
        "majors": [],
        "sessionDates": null,
        "specialPermissionDropCodeDescription": null,
        "subtopic": null,
        "openStatus": true,
        "comments": [
          {
            "code": "56",
            "description": "Online Course"
          },
          {
            "code": "05",
            "description": "Go to http://canvas.rutgers.edu"
          }
        ],
        "minors": [],
        "campusCode": "CM",
        "index": "18606",
        "unitMajors": [
          {
            "unitCode": "53",
            "majorCode": "054"
          },
          {
            "unitCode": "53",
            "majorCode": "135"
          }
        ],
        "printed": "Y",
        "specialPermissionAddCodeDescription": null,
        "subtitle": null,
        "meetingTimes": [
          {
            "campusLocation": "6",
            "baClassHours": "B",
            "roomNumber": null,
            "pmCode": null,
            "campusAbbrev": "CAM",
            "campusName": "CAMDEN",
            "meetingDay": null,
            "buildingCode": null,
            "startTime": null,
            "endTime": null,
            "meetingModeDesc": "ONLINE INSTRUCTION(INTERNET)",
            "meetingModeCode": "90"
          }
        ],
        "legendKey": null,
        "honorPrograms": []
      }
    ],
    "supplementCode": "  ",
    "credits": 3,
    "unitNotes": null,
    "coreCodes": [],
    "courseNotes": null,
    "expandedTitle": "BIG DATA ANALYTICS                                                              "
  },
  {
    "subjectNotes": null,
    "courseNumber": "545",
    "subject": "716",
    "campusCode": "CM",
    "openSections": 1,
    "synopsisUrl": null,
    "subjectGroupNotes": null,
    "offeringUnitCode": "53",
    "offeringUnitTitle": null,
    "title": "MACHINE LRNG APPLIC",
    "courseDescription": null,
    "preReqNotes": "(53:716:502 )",
    "sections": [
      {
        "sectionEligibility": null,
        "sessionDatePrintIndicator": "N",
        "examCode": "S",
        "specialPermissionAddCode": null,
        "crossListedSections": [],
        "sectionNotes": null,
        "specialPermissionDropCode": null,
        "instructors": [
          {
            "name": "GOPALAN"
          }
        ],
        "number": "01",
        "majors": [
          {
            "code": "53",
            "isUnitCode": true,
            "isMajorCode": false
          }
        ],
        "sessionDates": null,
        "specialPermissionDropCodeDescription": null,
        "subtopic": null,
        "openStatus": true,
        "comments": [
          {
            "code": "05",
            "description": "Go to http://canvas.rutgers.edu"
          }
        ],
        "minors": [],
        "campusCode": "CM",
        "index": "04591",
        "unitMajors": [],
        "printed": "Y",
        "specialPermissionAddCodeDescription": null,
        "subtitle": null,
        "meetingTimes": [
          {
            "campusLocation": "6",
            "baClassHours": null,
            "roomNumber": "336",
            "pmCode": "P",
            "campusAbbrev": "CAM",
            "campusName": "CAMDEN",
            "meetingDay": "T",
            "buildingCode": "BSB",
            "startTime": "0600",
            "endTime": "0850",
            "meetingModeDesc": "LEC",
            "meetingModeCode": "02"
          }
        ],
        "legendKey": null,
        "honorPrograms": []
      }
    ],
    "supplementCode": "  ",
    "credits": 3,
    "unitNotes": null,
    "coreCodes": [],
    "courseNotes": null,
    "expandedTitle": "MACHINE LEARNING APPLICATIONS IN BUSINESS                                       "
  },
  {
    "subjectNotes": null,
    "courseNumber": "550",
    "subject": "716",
    "campusCode": "CM",
    "openSections": 1,
    "synopsisUrl": null,
    "subjectGroupNotes": null,
    "offeringUnitCode": "53",
    "offeringUnitTitle": null,
    "title": "SUPPLYCHAIN ANALYTIC",
    "courseDescription": null,
    "preReqNotes": "(53:716:502 )",
    "sections": [
      {
        "sectionEligibility": null,
        "sessionDatePrintIndicator": "N",
        "examCode": "A",
        "specialPermissionAddCode": null,
        "crossListedSections": [],
        "sectionNotes": null,
        "specialPermissionDropCode": null,
        "instructors": [
          {
            "name": "PURANAM"
          }
        ],
        "number": "90",
        "majors": [
          {
            "code": "53",
            "isUnitCode": true,
            "isMajorCode": false
          }
        ],
        "sessionDates": null,
        "specialPermissionDropCodeDescription": null,
        "subtopic": null,
        "openStatus": true,
        "comments": [
          {
            "code": "56",
            "description": "Online Course"
          },
          {
            "code": "05",
            "description": "Go to http://canvas.rutgers.edu"
          }
        ],
        "minors": [],
        "campusCode": "CM",
        "index": "04592",
        "unitMajors": [],
        "printed": "Y",
        "specialPermissionAddCodeDescription": null,
        "subtitle": null,
        "meetingTimes": [
          {
            "campusLocation": "6",
            "baClassHours": "B",
            "roomNumber": null,
            "pmCode": null,
            "campusAbbrev": "CAM",
            "campusName": "CAMDEN",
            "meetingDay": null,
            "buildingCode": null,
            "startTime": null,
            "endTime": null,
            "meetingModeDesc": "ONLINE INSTRUCTION(INTERNET)",
            "meetingModeCode": "90"
          }
        ],
        "legendKey": null,
        "honorPrograms": []
      }
    ],
    "supplementCode": "  ",
    "credits": 3,
    "unitNotes": null,
    "coreCodes": [],
    "courseNotes": null,
    "expandedTitle": "SUPPLY CHAIN ANALYTICS                                                          "
  },
  {
    "subjectNotes": null,
    "courseNumber": "597",
    "subject": "716",
    "campusCode": "CM",
    "openSections": 1,
    "synopsisUrl": null,
    "subjectGroupNotes": null,
    "offeringUnitCode": "53",
    "offeringUnitTitle": null,
    "title": "INTRN OPERATION MGMT",
    "courseDescription": null,
    "preReqNotes": null,
    "sections": [
      {
        "sectionEligibility": null,
        "sessionDatePrintIndicator": "N",
        "examCode": "A",
        "specialPermissionAddCode": null,
        "crossListedSections": [],
        "sectionNotes": null,
        "specialPermissionDropCode": null,
        "instructors": [],
        "number": "01",
        "majors": [
          {
            "code": "53",
            "isUnitCode": true,
            "isMajorCode": false
          }
        ],
        "sessionDates": null,
        "specialPermissionDropCodeDescription": null,
        "subtopic": null,
        "openStatus": true,
        "comments": [
          {
            "code": "05",
            "description": "Go to http://canvas.rutgers.edu"
          }
        ],
        "minors": [],
        "campusCode": "CM",
        "index": "04593",
        "unitMajors": [],
        "printed": "N",
        "specialPermissionAddCodeDescription": null,
        "subtitle": null,
        "meetingTimes": [
          {
            "campusLocation": "6",
            "baClassHours": "B",
            "roomNumber": null,
            "pmCode": null,
            "campusAbbrev": "CAM",
            "campusName": "CAMDEN",
            "meetingDay": null,
            "buildingCode": null,
            "startTime": null,
            "endTime": null,
            "meetingModeDesc": "INTERNSP",
            "meetingModeCode": "15"
          }
        ],
        "legendKey": null,
        "honorPrograms": []
      }
    ],
    "supplementCode": "  ",
    "credits": null,
    "unitNotes": null,
    "coreCodes": [],
    "courseNotes": null,
    "expandedTitle": "INTERNSHIP IN OPERATIONS MANAGEMENT                                             "
  }
]