[
  {
    "subjectNotes": null,
    "courseNumber": "590",
    "subject": "830",
    "campusCode": "CM",
    "openSections": 1,
    "synopsisUrl": null,
    "subjectGroupNotes": null,
    "offeringUnitCode": "56",
    "offeringUnitTitle": null,
    "title": "INDEP STDY-THES PROP",
    "courseDescription": null,
    "preReqNotes": null,
    "sections": [
      {
        "sectionEligibility": null,
        "sessionDatePrintIndicator": "N",
        "examCode": "C",
        "specialPermissionAddCode": "04",
        "crossListedSections": [],
        "sectionNotes": null,
        "specialPermissionDropCode": null,
        "instructors": [
          {
            "name": "ROSEMAN, IRA"
          }
        ],
        "number": "40",
        "majors": [],
        "sessionDates": null,
        "specialPermissionDropCodeDescription": null,
        "subtopic": null,
        "openStatus": true,
        "comments": [],
        "minors": [],
        "campusCode": "CM",
        "index": "17808",
        "unitMajors": [],
        "printed": "Y",
        "specialPermissionAddCodeDescription": "Instructor",
        "subtitle": null,
        "meetingTimes": [
          {
            "campusLocation": "6",
            "baClassHours": "B",
            "roomNumber": null,
            "pmCode": null,
            "campusAbbrev": "CAM",
            "campusName": "CAMDEN",
            "meetingDay": null,
            "buildingCode": null,
            "startTime": null,
            "endTime": null,
            "meetingModeDesc": "PROJ-IND",
            "meetingModeCode": "19"
          }
        ],
        "legendKey": null,
        "honorPrograms": []
      }
    ],
    "supplementCode": "  ",
    "credits": 3,
    "unitNotes": null,
    "coreCodes": [],
    "courseNotes": null,
    "expandedTitle": "INDEPENDENT STUDY:  THESIS PROPOSAL                                             "
  },
  {
    "subjectNotes": null,
    "courseNumber": "640",
    "subject": "830",
    "campusCode": "CM",
    "openSections": 1,
    "synopsisUrl": null,
    "subjectGroupNotes": null,
    "offeringUnitCode": "56",
    "offeringUnitTitle": null,
    "title": "GRAD ABNORMAL PSYC",
    "courseDescription": null,
    "preReqNotes": null,
    "sections": [
      {
        "sectionEligibility": null,
        "sessionDatePrintIndicator": "N",
        "examCode": "C",
        "specialPermissionAddCode": null,
        "crossListedSections": [],
        "sectionNotes": null,
        "specialPermissionDropCode": null,
        "instructors": [
          {
            "name": "NELSON, TAMARA"
          }
        ],
        "number": "40",
        "majors": [],
        "sessionDates": null,
        "specialPermissionDropCodeDescription": null,
        "subtopic": null,
        "openStatus": true,
        "comments": [],
        "minors": [],
        "campusCode": "CM",
        "index": "04830",
        "unitMajors": [
          {
            "unitCode": "56",
            "majorCode": "830"
          }
        ],
        "printed": "Y",
        "specialPermissionAddCodeDescription": null,
        "subtitle": null,
        "meetingTimes": [
          {
            "campusLocation": "6",
            "baClassHours": null,
            "roomNumber": "221",
            "pmCode": "P",
            "campusAbbrev": "CAM",
            "campusName": "CAMDEN",
            "meetingDay": "W",
            "buildingCode": "FA",
            "startTime": "0600",
            "endTime": "0850",
            "meetingModeDesc": "LEC",
            "meetingModeCode": "02"
          }
        ],
        "legendKey": null,
        "honorPrograms": []
      }
    ],
    "supplementCode": "  ",
    "credits": 3,
    "unitNotes": null,
    "coreCodes": [],
    "courseNotes": null,
    "expandedTitle": "GRADUATE ABNORMAL PSYCHOLOGY                                                    "
  },
  {
    "subjectNotes": null,
    "courseNumber": "674",
    "subject": "830",
    "campusCode": "CM",
    "openSections": 1,
    "synopsisUrl": null,
    "subjectGroupNotes": null,
    "offeringUnitCode": "56",
    "offeringUnitTitle": null,
    "title": "ST IN PSYCHOLOGY",
    "courseDescription": null,
    "preReqNotes": null,
    "sections": [
      {
        "sectionEligibility": null,
        "sessionDatePrintIndicator": "N",
        "examCode": "C",
        "specialPermissionAddCode": null,
        "crossListedSections": [],
        "sectionNotes": null,
        "specialPermissionDropCode": null,
        "instructors": [
          {
            "name": "ABEYTA, ANDREW"
          }
        ],
        "number": "40",
        "majors": [],
        "sessionDates": null,
        "specialPermissionDropCodeDescription": null,
        "subtopic": null,
        "openStatus": true,
        "comments": [],
        "minors": [],
        "campusCode": "CM",
        "index": "04831",
        "unitMajors": [
          {
            "unitCode": "56",
            "majorCode": "830"
          }
        ],
        "printed": "Y",
        "specialPermissionAddCodeDescription": null,
        "subtitle": "EXISTENTIAL PSYCHOLOGY                  ",
        "meetingTimes": [
          {
            "campusLocation": "6",
            "baClassHours": null,
            "roomNumber": "109",
            "pmCode": "P",
            "campusAbbrev": "CAM",
            "campusName": "CAMDEN",
            "meetingDay": "TH",
            "buildingCode": "BSB",
            "startTime": "0600",
            "endTime": "0850",
            "meetingModeDesc": "LEC",
            "meetingModeCode": "02"
          }
        ],
        "legendKey": null,
        "honorPrograms": []
      }
    ],
    "supplementCode": "  ",
    "credits": 3,
    "unitNotes": null,
    "coreCodes": [],
    "courseNotes": null,
    "expandedTitle": "SPECIAL TOPICS IN PSYCHOLOGY                                                    "
  },
  {
    "subjectNotes": null,
    "courseNumber": "690",
    "subject": "830",
    "campusCode": "CM",
    "openSections": 1,
    "synopsisUrl": null,
    "subjectGroupNotes": null,
    "offeringUnitCode": "56",
    "offeringUnitTitle": null,
    "title": "INDEP STDY-THES.RESE",
    "courseDescription": null,
    "preReqNotes": null,
    "sections": [
      {
        "sectionEligibility": null,
        "sessionDatePrintIndicator": "N",
        "examCode": "C",
        "specialPermissionAddCode": "04",
        "crossListedSections": [],
        "sectionNotes": null,
        "specialPermissionDropCode": null,
        "instructors": [
          {
            "name": "ROSEMAN, IRA"
          }
        ],
        "number": "40",
        "majors": [],
        "sessionDates": null,
        "specialPermissionDropCodeDescription": null,
        "subtopic": null,
        "openStatus": true,
        "comments": [],
        "minors": [],
        "campusCode": "CM",
        "index": "17809",
        "unitMajors": [],
        "printed": "Y",
        "specialPermissionAddCodeDescription": "Instructor",
        "subtitle": null,
        "meetingTimes": [
          {
            "campusLocation": "6",
            "baClassHours": "B",
            "roomNumber": null,
            "pmCode": null,
            "campusAbbrev": "CAM",
            "campusName": "CAMDEN",
            "meetingDay": null,
            "buildingCode": null,
            "startTime": null,
            "endTime": null,
            "meetingModeDesc": "PROJ-IND",
            "meetingModeCode": "19"
          }
        ],
        "legendKey": null,
        "honorPrograms": []
      }
    ],
    "supplementCode": "  ",
    "credits": 3,
    "unitNotes": null,
    "coreCodes": [],
    "courseNotes": null,
    "expandedTitle": "INDEPENDENT STUDY:  THESIS RESEARCH                                             "
  },
  {
    "subjectNotes": null,
    "courseNumber": "701",
    "subject": "830",
    "campusCode": "CM",
    "openSections": 1,
    "synopsisUrl": null,
    "subjectGroupNotes": null,
    "offeringUnitCode": "56",
    "offeringUnitTitle": null,
    "title": "RESEARCH IN PSYCH",
    "courseDescription": null,
    "preReqNotes": null,
    "sections": [
      {
        "sectionEligibility": null,
        "sessionDatePrintIndicator": "N",
        "examCode": "C",
        "specialPermissionAddCode": "04",
        "crossListedSections": [],
        "sectionNotes": "BY PERMISSION OF INSTRUCTOR.",
        "specialPermissionDropCode": null,
        "instructors": [
          {
            "name": "ROSEMAN, IRA"
          }
        ],
        "number": "01",
        "majors": [
          {
            "code": "56",
            "isUnitCode": true,
            "isMajorCode": false
          }
        ],
        "sessionDates": null,
        "specialPermissionDropCodeDescription": null,
        "subtopic": null,
        "openStatus": true,
        "comments": [],
        "minors": [],
        "campusCode": "CM",
        "index": "18295",
        "unitMajors": [],
        "printed": "Y",
        "specialPermissionAddCodeDescription": "Instructor",
        "subtitle": null,
        "meetingTimes": [
          {
            "campusLocation": "6",
            "baClassHours": "B",
            "roomNumber": null,
            "pmCode": null,
            "campusAbbrev": "CAM",
            "campusName": "CAMDEN",
            "meetingDay": null,
            "buildingCode": null,
            "startTime": null,
            "endTime": null,
            "meetingModeDesc": "PROJ-IND",
            "meetingModeCode": "19"
          }
        ],
        "legendKey": null,
        "honorPrograms": []
      }
    ],
    "supplementCode": "  ",
    "credits": null,
    "unitNotes": null,
    "coreCodes": [],
    "courseNotes": null,
    "expandedTitle": " RESEARCH IN PSYCHOLOGY                                                         "
  },
  {
    "subjectNotes": null,
    "courseNumber": "703",
    "subject": "830",
    "campusCode": "CM",
    "openSections": 1,
    "synopsisUrl": null,
    "subjectGroupNotes": null,
    "offeringUnitCode": "56",
    "offeringUnitTitle": null,
    "title": "READINGS IN PSYCH",
    "courseDescription": null,
    "preReqNotes": null,
    "sections": [
      {
        "sectionEligibility": null,
        "sessionDatePrintIndicator": "N",
        "examCode": "C",
        "specialPermissionAddCode": null,
        "crossListedSections": [],
        "sectionNotes": null,
        "specialPermissionDropCode": null,
        "instructors": [
          {
            "name": "ROSEMAN, IRA"
          }
        ],
        "number": "40",
        "majors": [
          {
            "code": "56",
            "isUnitCode": true,
            "isMajorCode": false
          }
        ],
        "sessionDates": null,
        "specialPermissionDropCodeDescription": null,
        "subtopic": null,
        "openStatus": true,
        "comments": [],
        "minors": [],
        "campusCode": "CM",
        "index": "04832",
        "unitMajors": [
          {
            "unitCode": "56",
            "majorCode": "830"
          }
        ],
        "printed": "Y",
        "specialPermissionAddCodeDescription": null,
        "subtitle": null,
        "meetingTimes": [
          {
            "campusLocation": "6",
            "baClassHours": null,
            "roomNumber": "133",
            "pmCode": "P",
            "campusAbbrev": "CAM",
            "campusName": "CAMDEN",
            "meetingDay": "TH",
            "buildingCode": "BSB",
            "startTime": "0445",
            "endTime": "0545",
            "meetingModeDesc": "LEC",
            "meetingModeCode": "02"
          }
        ],
        "legendKey": null,
        "honorPrograms": []
      }
    ],
    "supplementCode": "  ",
    "credits": null,
    "unitNotes": null,
    "coreCodes": [],
    "courseNotes": null,
    "expandedTitle": "READINGS IN PSYCHOLOGY                                                          "
  },
  {
    "subjectNotes": null,
    "courseNumber": "800",
    "subject": "830",
    "campusCode": "CM",
    "openSections": 1,
    "synopsisUrl": null,
    "subjectGroupNotes": null,
    "offeringUnitCode": "56",
    "offeringUnitTitle": null,
    "title": "MATRICULATION CONTD",
    "courseDescription": null,
    "preReqNotes": null,
    "sections": [
      {
        "sectionEligibility": null,
        "sessionDatePrintIndicator": "N",
        "examCode": "C",
        "specialPermissionAddCode": "04",
        "crossListedSections": [],
        "sectionNotes": null,
        "specialPermissionDropCode": null,
        "instructors": [
          {
            "name": "ROSEMAN, IRA"
          }
        ],
        "number": "40",
        "majors": [],
        "sessionDates": null,
        "specialPermissionDropCodeDescription": null,
        "subtopic": null,
        "openStatus": true,
        "comments": [],
        "minors": [],
        "campusCode": "CM",
        "index": "17810",
        "unitMajors": [],
        "printed": "Y",
        "specialPermissionAddCodeDescription": "Instructor",
        "subtitle": null,
        "meetingTimes": [
          {
            "campusLocation": "6",
            "baClassHours": "B",
            "roomNumber": null,
            "pmCode": null,
            "campusAbbrev": "CAM",
            "campusName": "CAMDEN",
            "meetingDay": null,
            "buildingCode": null,
            "startTime": null,
            "endTime": null,
            "meetingModeDesc": "PROJ-IND",
            "meetingModeCode": "19"
          }
        ],
        "legendKey": null,
        "honorPrograms": []
      }
    ],
    "supplementCode": "  ",
    "credits": 0,
    "unitNotes": null,
    "coreCodes": [],
    "courseNotes": null,
    "expandedTitle": "MATRICULATION CONTINUATION                                                      "
  }
]