[
  {
    "subjectNotes": null,
    "courseNumber": "513",
    "subject": "200",
    "campusCode": "CM",
    "openSections": 1,
    "synopsisUrl": null,
    "subjectGroupNotes": null,
    "offeringUnitCode": "56",
    "offeringUnitTitle": null,
    "title": "SPEC TOPICS:  POETRY",
    "courseDescription": null,
    "preReqNotes": null,
    "sections": [
      {
        "sectionEligibility": null,
        "sessionDatePrintIndicator": "N",
        "examCode": "C",
        "specialPermissionAddCode": null,
        "crossListedSections": [],
        "sectionNotes": null,
        "specialPermissionDropCode": null,
        "instructors": [
          {
            "name": "ROSAL, PATRICK"
          }
        ],
        "number": "01",
        "majors": [
          {
            "code": "56",
            "isUnitCode": true,
            "isMajorCode": false
          }
        ],
        "sessionDates": null,
        "specialPermissionDropCodeDescription": null,
        "subtopic": null,
        "openStatus": true,
        "comments": [],
        "minors": [],
        "campusCode": "CM",
        "index": "05282",
        "unitMajors": [],
        "printed": "Y",
        "specialPermissionAddCodeDescription": null,
        "subtitle": null,
        "meetingTimes": [
          {
            "campusLocation": "6",
            "baClassHours": null,
            "roomNumber": "202",
            "pmCode": "P",
            "campusAbbrev": "CAM",
            "campusName": "CAMDEN",
            "meetingDay": "M",
            "buildingCode": "WRT",
            "startTime": "0205",
            "endTime": "0505",
            "meetingModeDesc": "LEC",
            "meetingModeCode": "02"
          }
        ],
        "legendKey": null,
        "honorPrograms": []
      }
    ],
    "supplementCode": "  ",
    "credits": 3,
    "unitNotes": null,
    "coreCodes": [],
    "courseNotes": null,
    "expandedTitle": "SPECIAL TOPICS IN POETRY                                                        "
  },
  {
    "subjectNotes": null,
    "courseNumber": "518",
    "subject": "200",
    "campusCode": "CM",
    "openSections": 1,
    "synopsisUrl": null,
    "subjectGroupNotes": null,
    "offeringUnitCode": "56",
    "offeringUnitTitle": null,
    "title": "FICTION",
    "courseDescription": null,
    "preReqNotes": null,
    "sections": [
      {
        "sectionEligibility": null,
        "sessionDatePrintIndicator": "Y",
        "examCode": "C",
        "specialPermissionAddCode": null,
        "crossListedSections": [],
        "sectionNotes": null,
        "specialPermissionDropCode": null,
        "instructors": [
          {
            "name": "MCALLISTER"
          }
        ],
        "number": "01",
        "majors": [],
        "sessionDates": null,
        "specialPermissionDropCodeDescription": null,
        "subtopic": null,
        "openStatus": true,
        "comments": [],
        "minors": [],
        "campusCode": "CM",
        "index": "18861",
        "unitMajors": [
          {
            "unitCode": "56",
            "majorCode": "200"
          }
        ],
        "printed": "Y",
        "specialPermissionAddCodeDescription": null,
        "subtitle": null,
        "meetingTimes": [
          {
            "campusLocation": "6",
            "baClassHours": null,
            "roomNumber": "202",
            "pmCode": "P",
            "campusAbbrev": "CAM",
            "campusName": "CAMDEN",
            "meetingDay": "W",
            "buildingCode": "WRT",
            "startTime": "0330",
            "endTime": "0620",
            "meetingModeDesc": "LEC",
            "meetingModeCode": "02"
          }
        ],
        "legendKey": null,
        "honorPrograms": []
      }
    ],
    "supplementCode": "  ",
    "credits": 3,
    "unitNotes": null,
    "coreCodes": [],
    "courseNotes": null,
    "expandedTitle": "FICTION                                                                         "
  },
  {
    "subjectNotes": null,
    "courseNumber": "528",
    "subject": "200",
    "campusCode": "CM",
    "openSections": 1,
    "synopsisUrl": null,
    "subjectGroupNotes": null,
    "offeringUnitCode": "56",
    "offeringUnitTitle": null,
    "title": "CREAT NON-FIC WKSP",
    "courseDescription": null,
    "preReqNotes": null,
    "sections": [
      {
        "sectionEligibility": null,
        "sessionDatePrintIndicator": "N",
        "examCode": "C",
        "specialPermissionAddCode": null,
        "crossListedSections": [],
        "sectionNotes": null,
        "specialPermissionDropCode": null,
        "instructors": [
          {
            "name": "LISICKY, PAUL"
          }
        ],
        "number": "01",
        "majors": [
          {
            "code": "56",
            "isUnitCode": true,
            "isMajorCode": false
          }
        ],
        "sessionDates": null,
        "specialPermissionDropCodeDescription": null,
        "subtopic": null,
        "openStatus": true,
        "comments": [],
        "minors": [],
        "campusCode": "CM",
        "index": "05284",
        "unitMajors": [],
        "printed": "Y",
        "specialPermissionAddCodeDescription": null,
        "subtitle": null,
        "meetingTimes": [
          {
            "campusLocation": "6",
            "baClassHours": null,
            "roomNumber": "202",
            "pmCode": "P",
            "campusAbbrev": "CAM",
            "campusName": "CAMDEN",
            "meetingDay": "T",
            "buildingCode": "WRT",
            "startTime": "0200",
            "endTime": "0450",
            "meetingModeDesc": "LEC",
            "meetingModeCode": "02"
          }
        ],
        "legendKey": null,
        "honorPrograms": []
      }
    ],
    "supplementCode": "  ",
    "credits": 3,
    "unitNotes": null,
    "coreCodes": [],
    "courseNotes": null,
    "expandedTitle": "CREATIVE NON-FICTION WORKSHOP                                                   "
  },
  {
    "subjectNotes": null,
    "courseNumber": "570",
    "subject": "200",
    "campusCode": "CM",
    "openSections": 1,
    "synopsisUrl": null,
    "subjectGroupNotes": null,
    "offeringUnitCode": "56",
    "offeringUnitTitle": null,
    "title": "CRAFT:SCREENWRITING",
    "courseDescription": null,
    "preReqNotes": null,
    "sections": [
      {
        "sectionEligibility": null,
        "sessionDatePrintIndicator": "N",
        "examCode": "C",
        "specialPermissionAddCode": null,
        "crossListedSections": [],
        "sectionNotes": null,
        "specialPermissionDropCode": null,
        "instructors": [
          {
            "name": "MOKHBERI, EMUD"
          }
        ],
        "number": "01",
        "majors": [
          {
            "code": "56",
            "isUnitCode": true,
            "isMajorCode": false
          }
        ],
        "sessionDates": null,
        "specialPermissionDropCodeDescription": null,
        "subtopic": null,
        "openStatus": true,
        "comments": [],
        "minors": [],
        "campusCode": "CM",
        "index": "05286",
        "unitMajors": [],
        "printed": "Y",
        "specialPermissionAddCodeDescription": null,
        "subtitle": null,
        "meetingTimes": [
          {
            "campusLocation": "6",
            "baClassHours": null,
            "roomNumber": "302",
            "pmCode": "P",
            "campusAbbrev": "CAM",
            "campusName": "CAMDEN",
            "meetingDay": "TH",
            "buildingCode": "WRT",
            "startTime": "0200",
            "endTime": "0455",
            "meetingModeDesc": "LEC",
            "meetingModeCode": "02"
          }
        ],
        "legendKey": null,
        "honorPrograms": []
      }
    ],
    "supplementCode": "  ",
    "credits": 3,
    "unitNotes": null,
    "coreCodes": [],
    "courseNotes": null,
    "expandedTitle": "CRAFT:  SCREENWRITING                                                           "
  },
  {
    "subjectNotes": null,
    "courseNumber": "651",
    "subject": "200",
    "campusCode": "CM",
    "openSections": 4,
    "synopsisUrl": null,
    "subjectGroupNotes": null,
    "offeringUnitCode": "56",
    "offeringUnitTitle": null,
    "title": "FINAL CRTIVE THESIS",
    "courseDescription": null,
    "preReqNotes": null,
    "sections": [
      {
        "sectionEligibility": null,
        "sessionDatePrintIndicator": "N",
        "examCode": "C",
        "specialPermissionAddCode": "04",
        "crossListedSections": [],
        "sectionNotes": null,
        "specialPermissionDropCode": null,
        "instructors": [
          {
            "name": "GRODSTEIN"
          }
        ],
        "number": "01",
        "majors": [],
        "sessionDates": null,
        "specialPermissionDropCodeDescription": null,
        "subtopic": null,
        "openStatus": true,
        "comments": [],
        "minors": [],
        "campusCode": "CM",
        "index": "18314",
        "unitMajors": [
          {
            "unitCode": "56",
            "majorCode": "200"
          }
        ],
        "printed": "Y",
        "specialPermissionAddCodeDescription": "Instructor",
        "subtitle": null,
        "meetingTimes": [
          {
            "campusLocation": "6",
            "baClassHours": "B",
            "roomNumber": null,
            "pmCode": null,
            "campusAbbrev": "CAM",
            "campusName": "CAMDEN",
            "meetingDay": null,
            "buildingCode": null,
            "startTime": null,
            "endTime": null,
            "meetingModeDesc": "RSCH-MA",
            "meetingModeCode": "23"
          }
        ],
        "legendKey": null,
        "honorPrograms": []
      },
      {
        "sectionEligibility": null,
        "sessionDatePrintIndicator": "Y",
        "examCode": "C",
        "specialPermissionAddCode": "04",
        "crossListedSections": [],
        "sectionNotes": null,
        "specialPermissionDropCode": null,
        "instructors": [
          {
            "name": "LISICKY, PAUL"
          }
        ],
        "number": "02",
        "majors": [],
        "sessionDates": null,
        "specialPermissionDropCodeDescription": null,
        "subtopic": null,
        "openStatus": true,
        "comments": [],
        "minors": [],
        "campusCode": "CM",
        "index": "18805",
        "unitMajors": [
          {
            "unitCode": "56",
            "majorCode": "200"
          }
        ],
        "printed": "Y",
        "specialPermissionAddCodeDescription": "Instructor",
        "subtitle": null,
        "meetingTimes": [
          {
            "campusLocation": "6",
            "baClassHours": "B",
            "roomNumber": null,
            "pmCode": null,
            "campusAbbrev": "CAM",
            "campusName": "CAMDEN",
            "meetingDay": null,
            "buildingCode": null,
            "startTime": null,
            "endTime": null,
            "meetingModeDesc": "RSCH-MA",
            "meetingModeCode": "23"
          }
        ],
        "legendKey": null,
        "honorPrograms": []
      },
      {
        "sectionEligibility": null,
        "sessionDatePrintIndicator": "Y",
        "examCode": "C",
        "specialPermissionAddCode": "04",
        "crossListedSections": [],
        "sectionNotes": null,
        "specialPermissionDropCode": null,
        "instructors": [
          {
            "name": "BROWN, JAMES"
          }
        ],
        "number": "03",
        "majors": [],
        "sessionDates": null,
        "specialPermissionDropCodeDescription": null,
        "subtopic": null,
        "openStatus": true,
        "comments": [],
        "minors": [],
        "campusCode": "CM",
        "index": "18984",
        "unitMajors": [
          {
            "unitCode": "56",
            "majorCode": "200"
          }
        ],
        "printed": "Y",
        "specialPermissionAddCodeDescription": "Instructor",
        "subtitle": null,
        "meetingTimes": [
          {
            "campusLocation": "6",
            "baClassHours": "B",
            "roomNumber": null,
            "pmCode": null,
            "campusAbbrev": "CAM",
            "campusName": "CAMDEN",
            "meetingDay": null,
            "buildingCode": null,
            "startTime": null,
            "endTime": null,
            "meetingModeDesc": "RSCH-MA",
            "meetingModeCode": "23"
          }
        ],
        "legendKey": null,
        "honorPrograms": []
      },
      {
        "sectionEligibility": null,
        "sessionDatePrintIndicator": "Y",
        "examCode": "C",
        "specialPermissionAddCode": "04",
        "crossListedSections": [],
        "sectionNotes": null,
        "specialPermissionDropCode": null,
        "instructors": [
          {
            "name": "MCALLISTER"
          }
        ],
        "number": "04",
        "majors": [],
        "sessionDates": null,
        "specialPermissionDropCodeDescription": null,
        "subtopic": null,
        "openStatus": true,
        "comments": [],
        "minors": [],
        "campusCode": "CM",
        "index": "19048",
        "unitMajors": [
          {
            "unitCode": "56",
            "majorCode": "200"
          }
        ],
        "printed": "Y",
        "specialPermissionAddCodeDescription": "Instructor",
        "subtitle": null,
        "meetingTimes": [
          {
            "campusLocation": "6",
            "baClassHours": "B",
            "roomNumber": null,
            "pmCode": null,
            "campusAbbrev": "CAM",
            "campusName": "CAMDEN",
            "meetingDay": null,
            "buildingCode": null,
            "startTime": null,
            "endTime": null,
            "meetingModeDesc": "RSCH-MA",
            "meetingModeCode": "23"
          }
        ],
        "legendKey": null,
        "honorPrograms": []
      }
    ],
    "supplementCode": "  ",
    "credits": 3,
    "unitNotes": null,
    "coreCodes": [],
    "courseNotes": null,
    "expandedTitle": "FINAL CREATIVE THESIS                                                           "
  }
]