[
  {
    "subjectNotes": null,
    "courseNumber": "183",
    "subject": "960",
    "campusCode": "CM",
    "openSections": 2,
    "synopsisUrl": null,
    "subjectGroupNotes": null,
    "offeringUnitCode": "50",
    "offeringUnitTitle": null,
    "title": "ELEM APPL STATISTICS",
    "courseDescription": null,
    "preReqNotes": null,
    "sections": [
      {
        "sectionEligibility": null,
        "sessionDatePrintIndicator": "N",
        "examCode": "C",
        "specialPermissionAddCode": null,
        "crossListedSections": [],
        "sectionNotes": "NO PREREQ",
        "specialPermissionDropCode": null,
        "instructors": [
          {
            "name": "CHENG, KITTY"
          }
        ],
        "number": "01",
        "majors": [],
        "sessionDates": null,
        "specialPermissionDropCodeDescription": null,
        "subtopic": null,
        "openStatus": false,
        "comments": [],
        "minors": [],
        "campusCode": "CM",
        "index": "04331",
        "unitMajors": [],
        "printed": "Y",
        "specialPermissionAddCodeDescription": null,
        "subtitle": null,
        "meetingTimes": [
          {
            "campusLocation": "6",
            "baClassHours": null,
            "roomNumber": "225",
            "pmCode": "A",
            "campusAbbrev": "CAM",
            "campusName": "CAMDEN",
            "meetingDay": "M",
            "buildingCode": "ATG",
            "startTime": "0935",
            "endTime": "1055",
            "meetingModeDesc": "LEC",
            "meetingModeCode": "02"
          },
          {
            "campusLocation": "6",
            "baClassHours": null,
            "roomNumber": "225",
            "pmCode": "A",
            "campusAbbrev": "CAM",
            "campusName": "CAMDEN",
            "meetingDay": "W",
            "buildingCode": "ATG",
            "startTime": "0935",
            "endTime": "1055",
            "meetingModeDesc": "LEC",
            "meetingModeCode": "02"
          }
        ],
        "legendKey": null,
        "honorPrograms": []
      },
      {
        "sectionEligibility": null,
        "sessionDatePrintIndicator": "N",
        "examCode": "A",
        "specialPermissionAddCode": null,
        "crossListedSections": [],
        "sectionNotes": null,
        "specialPermissionDropCode": null,
        "instructors": [
          {
            "name": "YOO, YUN"
          }
        ],
        "number": "02",
        "majors": [],
        "sessionDates": null,
        "specialPermissionDropCodeDescription": null,
        "subtopic": null,
        "openStatus": true,
        "comments": [],
        "minors": [],
        "campusCode": "CM",
        "index": "04332",
        "unitMajors": [],
        "printed": "Y",
        "specialPermissionAddCodeDescription": null,
        "subtitle": null,
        "meetingTimes": [
          {
            "campusLocation": "6",
            "baClassHours": null,
            "roomNumber": "220",
            "pmCode": "P",
            "campusAbbrev": "CAM",
            "campusName": "CAMDEN",
            "meetingDay": "T",
            "buildingCode": "ATG",
            "startTime": "0200",
            "endTime": "0320",
            "meetingModeDesc": "LEC",
            "meetingModeCode": "02"
          },
          {
            "campusLocation": "6",
            "baClassHours": null,
            "roomNumber": "220",
            "pmCode": "P",
            "campusAbbrev": "CAM",
            "campusName": "CAMDEN",
            "meetingDay": "TH",
            "buildingCode": "ATG",
            "startTime": "0200",
            "endTime": "0320",
            "meetingModeDesc": "LEC",
            "meetingModeCode": "02"
          }
        ],
        "legendKey": null,
        "honorPrograms": []
      },
      {
        "sectionEligibility": null,
        "sessionDatePrintIndicator": "N",
        "examCode": "A",
        "specialPermissionAddCode": null,
        "crossListedSections": [],
        "sectionNotes": null,
        "specialPermissionDropCode": null,
        "instructors": [
          {
            "name": "YOO, YUN"
          }
        ],
        "number": "90",
        "majors": [],
        "sessionDates": null,
        "specialPermissionDropCodeDescription": null,
        "subtopic": null,
        "openStatus": false,
        "comments": [
          {
            "code": "56",
            "description": "Online Course"
          },
          {
            "code": "05",
            "description": "Go to http://canvas.rutgers.edu"
          }
        ],
        "minors": [],
        "campusCode": "CM",
        "index": "04333",
        "unitMajors": [],
        "printed": "Y",
        "specialPermissionAddCodeDescription": null,
        "subtitle": null,
        "meetingTimes": [
          {
            "campusLocation": "6",
            "baClassHours": "B",
            "roomNumber": null,
            "pmCode": null,
            "campusAbbrev": "CAM",
            "campusName": "CAMDEN",
            "meetingDay": null,
            "buildingCode": null,
            "startTime": null,
            "endTime": null,
            "meetingModeDesc": "ONLINE INSTRUCTION(INTERNET)",
            "meetingModeCode": "90"
          }
        ],
        "legendKey": null,
        "honorPrograms": []
      },
      {
        "sectionEligibility": null,
        "sessionDatePrintIndicator": "Y",
        "examCode": "A",
        "specialPermissionAddCode": null,
        "crossListedSections": [],
        "sectionNotes": null,
        "specialPermissionDropCode": null,
        "instructors": [
          {
            "name": "DOUGHERTY"
          }
        ],
        "number": "92",
        "majors": [],
        "sessionDates": null,
        "specialPermissionDropCodeDescription": null,
        "subtopic": null,
        "openStatus": true,
        "comments": [
          {
            "code": "05",
            "description": "Go to http://canvas.rutgers.edu"
          },
          {
            "code": "56",
            "description": "Online Course"
          }
        ],
        "minors": [],
        "campusCode": "CM",
        "index": "19343",
        "unitMajors": [],
        "printed": "Y",
        "specialPermissionAddCodeDescription": null,
        "subtitle": null,
        "meetingTimes": [
          {
            "campusLocation": "6",
            "baClassHours": "B",
            "roomNumber": null,
            "pmCode": null,
            "campusAbbrev": "CAM",
            "campusName": "CAMDEN",
            "meetingDay": null,
            "buildingCode": null,
            "startTime": null,
            "endTime": null,
            "meetingModeDesc": "ONLINE INSTRUCTION(INTERNET)",
            "meetingModeCode": "90"
          }
        ],
        "legendKey": null,
        "honorPrograms": []
      }
    ],
    "supplementCode": "  ",
    "credits": 3,
    "unitNotes": null,
    "coreCodes": [
      {
        "id": "2024150960183  47",
        "year": "2024",
        "description": "Business Statistics",
        "subject": "960",
        "unit": "50",
        "code": "BS",
        "term": "1",
        "course": "183",
        "offeringUnitCampus": "CM",
        "supplement": "  ",
        "offeringUnitCode": "50",
        "coreCode": "BS",
        "coreCodeDescription": "Business Statistics",
        "lastUpdated": 1470759413000,
        "effective": "20241",
        "coreCodeReferenceId": "47"
      },
      {
        "id": "2024150960183  9",
        "year": "2024",
        "description": "Logical and Quantitative Reasoning",
        "subject": "960",
        "unit": "50",
        "code": "LQR",
        "term": "1",
        "course": "183",
        "offeringUnitCampus": "CM",
        "supplement": "  ",
        "offeringUnitCode": "50",
        "coreCode": "LQR",
        "coreCodeDescription": "Logical and Quantitative Reasoning",
        "lastUpdated": 1468423650000,
        "effective": "20241",
        "coreCodeReferenceId": "9"
      },
      {
        "id": "2024150960183  57",
        "year": "2024",
        "description": "Second Quantitative",
        "subject": "960",
        "unit": "50",
        "code": "QNT",
        "term": "1",
        "course": "183",
        "offeringUnitCampus": "CM",
        "supplement": "  ",
        "offeringUnitCode": "50",
        "coreCode": "QNT",
        "coreCodeDescription": "Second Quantitative",
        "lastUpdated": 1470759503000,
        "effective": "20241",
        "coreCodeReferenceId": "57"
      }
    ],
    "courseNotes": null,
    "expandedTitle": "ELEMENTARY APPLIED STATISTICS                                                   "
  },
  {
    "subjectNotes": null,
    "courseNumber": "283",
    "subject": "960",
    "campusCode": "CM",
    "openSections": 2,
    "synopsisUrl": null,
    "subjectGroupNotes": null,
    "offeringUnitCode": "50",
    "offeringUnitTitle": null,
    "title": "INTRO STATISTICS I",
    "courseDescription": null,
    "preReqNotes": "Any Course EQUAL or GREATER Than: (50:640:113 )",
    "sections": [
      {
        "sectionEligibility": null,
        "sessionDatePrintIndicator": "N",
        "examCode": "C",
        "specialPermissionAddCode": null,
        "crossListedSections": [],
        "sectionNotes": null,
        "specialPermissionDropCode": null,
        "instructors": [
          {
            "name": "DOUGHERTY"
          }
        ],
        "number": "01",
        "majors": [],
        "sessionDates": null,
        "specialPermissionDropCodeDescription": null,
        "subtopic": null,
        "openStatus": false,
        "comments": [],
        "minors": [],
        "campusCode": "CM",
        "index": "04334",
        "unitMajors": [],
        "printed": "Y",
        "specialPermissionAddCodeDescription": null,
        "subtitle": null,
        "meetingTimes": [
          {
            "campusLocation": "6",
            "baClassHours": null,
            "roomNumber": "219",
            "pmCode": "A",
            "campusAbbrev": "CAM",
            "campusName": "CAMDEN",
            "meetingDay": "T",
            "buildingCode": "ATG",
            "startTime": "0935",
            "endTime": "1055",
            "meetingModeDesc": "LEC",
            "meetingModeCode": "02"
          },
          {
            "campusLocation": "6",
            "baClassHours": null,
            "roomNumber": "219",
            "pmCode": "A",
            "campusAbbrev": "CAM",
            "campusName": "CAMDEN",
            "meetingDay": "TH",
            "buildingCode": "ATG",
            "startTime": "0935",
            "endTime": "1055",
            "meetingModeDesc": "LEC",
            "meetingModeCode": "02"
          }
        ],
        "legendKey": null,
        "honorPrograms": []
      },
      {
        "sectionEligibility": null,
        "sessionDatePrintIndicator": "N",
        "examCode": "C",
        "specialPermissionAddCode": null,
        "crossListedSections": [],
        "sectionNotes": null,
        "specialPermissionDropCode": null,
        "instructors": [
          {
            "name": "YOO, YUN"
          }
        ],
        "number": "02",
        "majors": [],
        "sessionDates": null,
        "specialPermissionDropCodeDescription": null,
        "subtopic": null,
        "openStatus": false,
        "comments": [],
        "minors": [],
        "campusCode": "CM",
        "index": "04335",
        "unitMajors": [],
        "printed": "Y",
        "specialPermissionAddCodeDescription": null,
        "subtitle": null,
        "meetingTimes": [
          {
            "campusLocation": "6",
            "baClassHours": null,
            "roomNumber": "219",
            "pmCode": "P",
            "campusAbbrev": "CAM",
            "campusName": "CAMDEN",
            "meetingDay": "W",
            "buildingCode": "ATG",
            "startTime": "1230",
            "endTime": "0150",
            "meetingModeDesc": "LEC",
            "meetingModeCode": "02"
          },
          {
            "campusLocation": "6",
            "baClassHours": null,
            "roomNumber": "219",
            "pmCode": "P",
            "campusAbbrev": "CAM",
            "campusName": "CAMDEN",
            "meetingDay": "M",
            "buildingCode": "ATG",
            "startTime": "1230",
            "endTime": "0150",
            "meetingModeDesc": "LEC",
            "meetingModeCode": "02"
          }
        ],
        "legendKey": null,
        "honorPrograms": []
      },
      {
        "sectionEligibility": null,
        "sessionDatePrintIndicator": "Y",
        "examCode": "C",
        "specialPermissionAddCode": null,
        "crossListedSections": [],
        "sectionNotes": null,
        "specialPermissionDropCode": null,
        "instructors": [
          {
            "name": "KANKAM, SAMUEL"
          }
        ],
        "number": "03",
        "majors": [],
        "sessionDates": null,
        "specialPermissionDropCodeDescription": null,
        "subtopic": null,
        "openStatus": true,
        "comments": [],
        "minors": [],
        "campusCode": "CM",
        "index": "19313",
        "unitMajors": [],
        "printed": "Y",
        "specialPermissionAddCodeDescription": null,
        "subtitle": null,
        "meetingTimes": [
          {
            "campusLocation": "6",
            "baClassHours": null,
            "roomNumber": "108",
            "pmCode": "A",
            "campusAbbrev": "CAM",
            "campusName": "CAMDEN",
            "meetingDay": "W",
            "buildingCode": "ATG",
            "startTime": "0935",
            "endTime": "1055",
            "meetingModeDesc": "LEC",
            "meetingModeCode": "02"
          },
          {
            "campusLocation": "6",
            "baClassHours": null,
            "roomNumber": "108",
            "pmCode": "A",
            "campusAbbrev": "CAM",
            "campusName": "CAMDEN",
            "meetingDay": "M",
            "buildingCode": "ATG",
            "startTime": "0935",
            "endTime": "1055",
            "meetingModeDesc": "LEC",
            "meetingModeCode": "02"
          }
        ],
        "legendKey": null,
        "honorPrograms": []
      },
      {
        "sectionEligibility": null,
        "sessionDatePrintIndicator": "N",
        "examCode": "C",
        "specialPermissionAddCode": null,
        "crossListedSections": [],
        "sectionNotes": "ADDITIONAL TIME BY ARRANGEMENT.",
        "specialPermissionDropCode": null,
        "instructors": [
          {
            "name": "SAMRA, NABIHA"
          }
        ],
        "number": "91",
        "majors": [],
        "sessionDates": null,
        "specialPermissionDropCodeDescription": null,
        "subtopic": null,
        "openStatus": true,
        "comments": [
          {
            "code": "23",
            "description": "Hybrid Section - Some Meetings Online"
          },
          {
            "code": "05",
            "description": "Go to http://canvas.rutgers.edu"
          }
        ],
        "minors": [],
        "campusCode": "CM",
        "index": "04336",
        "unitMajors": [],
        "printed": "Y",
        "specialPermissionAddCodeDescription": null,
        "subtitle": null,
        "meetingTimes": [
          {
            "campusLocation": "6",
            "baClassHours": null,
            "roomNumber": "224",
            "pmCode": "P",
            "campusAbbrev": "CAM",
            "campusName": "CAMDEN",
            "meetingDay": "TH",
            "buildingCode": "ATG",
            "startTime": "0600",
            "endTime": "0720",
            "meetingModeDesc": "HYBRID SECTION",
            "meetingModeCode": "91"
          }
        ],
        "legendKey": null,
        "honorPrograms": []
      }
    ],
    "supplementCode": "  ",
    "credits": 3,
    "unitNotes": null,
    "coreCodes": [
      {
        "id": "2024150960283  47",
        "year": "2024",
        "description": "Business Statistics",
        "subject": "960",
        "unit": "50",
        "code": "BS",
        "term": "1",
        "course": "283",
        "offeringUnitCampus": "CM",
        "supplement": "  ",
        "offeringUnitCode": "50",
        "coreCode": "BS",
        "coreCodeDescription": "Business Statistics",
        "lastUpdated": 1470759413000,
        "effective": "20241",
        "coreCodeReferenceId": "47"
      },
      {
        "id": "2024150960283  9",
        "year": "2024",
        "description": "Logical and Quantitative Reasoning",
        "subject": "960",
        "unit": "50",
        "code": "LQR",
        "term": "1",
        "course": "283",
        "offeringUnitCampus": "CM",
        "supplement": "  ",
        "offeringUnitCode": "50",
        "coreCode": "LQR",
        "coreCodeDescription": "Logical and Quantitative Reasoning",
        "lastUpdated": 1468423650000,
        "effective": "20241",
        "coreCodeReferenceId": "9"
      },
      {
        "id": "2024150960283  57",
        "year": "2024",
        "description": "Second Quantitative",
        "subject": "960",
        "unit": "50",
        "code": "QNT",
        "term": "1",
        "course": "283",
        "offeringUnitCampus": "CM",
        "supplement": "  ",
        "offeringUnitCode": "50",
        "coreCode": "QNT",
        "coreCodeDescription": "Second Quantitative",
        "lastUpdated": 1470759503000,
        "effective": "20241",
        "coreCodeReferenceId": "57"
      }
    ],
    "courseNotes": null,
    "expandedTitle": "INTRODUCTION TO STATISTICS I                                                    "
  },
  {
    "subjectNotes": null,
    "courseNumber": "284",
    "subject": "960",
    "campusCode": "CM",
    "openSections": 2,
    "synopsisUrl": null,
    "subjectGroupNotes": null,
    "offeringUnitCode": "50",
    "offeringUnitTitle": null,
    "title": "INTRO STATISTICS II",
    "courseDescription": null,
    "preReqNotes": "(50:960:283 )<em> OR </em>(01:960:211 )",
    "sections": [
      {
        "sectionEligibility": null,
        "sessionDatePrintIndicator": "N",
        "examCode": "C",
        "specialPermissionAddCode": null,
        "crossListedSections": [],
        "sectionNotes": "PREREQ-960 283",
        "specialPermissionDropCode": null,
        "instructors": [
          {
            "name": "GOHAGAN, JOHN"
          }
        ],
        "number": "01",
        "majors": [],
        "sessionDates": null,
        "specialPermissionDropCodeDescription": null,
        "subtopic": null,
        "openStatus": true,
        "comments": [],
        "minors": [],
        "campusCode": "CM",
        "index": "04337",
        "unitMajors": [],
        "printed": "Y",
        "specialPermissionAddCodeDescription": null,
        "subtitle": null,
        "meetingTimes": [
          {
            "campusLocation": "6",
            "baClassHours": null,
            "roomNumber": "212",
            "pmCode": "P",
            "campusAbbrev": "CAM",
            "campusName": "CAMDEN",
            "meetingDay": "M",
            "buildingCode": "ATG",
            "startTime": "0205",
            "endTime": "0325",
            "meetingModeDesc": "LEC",
            "meetingModeCode": "02"
          },
          {
            "campusLocation": "6",
            "baClassHours": null,
            "roomNumber": "212",
            "pmCode": "P",
            "campusAbbrev": "CAM",
            "campusName": "CAMDEN",
            "meetingDay": "W",
            "buildingCode": "ATG",
            "startTime": "0205",
            "endTime": "0325",
            "meetingModeDesc": "LEC",
            "meetingModeCode": "02"
          }
        ],
        "legendKey": null,
        "honorPrograms": []
      },
      {
        "sectionEligibility": null,
        "sessionDatePrintIndicator": "N",
        "examCode": "C",
        "specialPermissionAddCode": null,
        "crossListedSections": [],
        "sectionNotes": "PREREQ-960 283",
        "specialPermissionDropCode": null,
        "instructors": [
          {
            "name": "YOO, YUN"
          }
        ],
        "number": "02",
        "majors": [],
        "sessionDates": null,
        "specialPermissionDropCodeDescription": null,
        "subtopic": null,
        "openStatus": false,
        "comments": [],
        "minors": [],
        "campusCode": "CM",
        "index": "04338",
        "unitMajors": [],
        "printed": "Y",
        "specialPermissionAddCodeDescription": null,
        "subtitle": null,
        "meetingTimes": [
          {
            "campusLocation": "6",
            "baClassHours": null,
            "roomNumber": "212",
            "pmCode": "P",
            "campusAbbrev": "CAM",
            "campusName": "CAMDEN",
            "meetingDay": "T",
            "buildingCode": "ATG",
            "startTime": "0420",
            "endTime": "0540",
            "meetingModeDesc": "LEC",
            "meetingModeCode": "02"
          },
          {
            "campusLocation": "6",
            "baClassHours": null,
            "roomNumber": "212",
            "pmCode": "P",
            "campusAbbrev": "CAM",
            "campusName": "CAMDEN",
            "meetingDay": "TH",
            "buildingCode": "ATG",
            "startTime": "0420",
            "endTime": "0540",
            "meetingModeDesc": "LEC",
            "meetingModeCode": "02"
          }
        ],
        "legendKey": null,
        "honorPrograms": []
      },
      {
        "sectionEligibility": null,
        "sessionDatePrintIndicator": "N",
        "examCode": "C",
        "specialPermissionAddCode": null,
        "crossListedSections": [],
        "sectionNotes": null,
        "specialPermissionDropCode": null,
        "instructors": [
          {
            "name": "LEIDERMAN"
          }
        ],
        "number": "91",
        "majors": [],
        "sessionDates": null,
        "specialPermissionDropCodeDescription": null,
        "subtopic": null,
        "openStatus": true,
        "comments": [
          {
            "code": "56",
            "description": "Online Course"
          },
          {
            "code": "05",
            "description": "Go to http://canvas.rutgers.edu"
          }
        ],
        "minors": [],
        "campusCode": "CM",
        "index": "04339",
        "unitMajors": [],
        "printed": "Y",
        "specialPermissionAddCodeDescription": null,
        "subtitle": null,
        "meetingTimes": [
          {
            "campusLocation": "6",
            "baClassHours": null,
            "roomNumber": "201",
            "pmCode": "P",
            "campusAbbrev": "CAM",
            "campusName": "CAMDEN",
            "meetingDay": "M",
            "buildingCode": "ATG",
            "startTime": "0600",
            "endTime": "0720",
            "meetingModeDesc": "HYBRID SECTION",
            "meetingModeCode": "91"
          }
        ],
        "legendKey": null,
        "honorPrograms": []
      }
    ],
    "supplementCode": "  ",
    "credits": 3,
    "unitNotes": null,
    "coreCodes": [
      {
        "id": "2024150960284  47",
        "year": "2024",
        "description": "Business Statistics",
        "subject": "960",
        "unit": "50",
        "code": "BS",
        "term": "1",
        "course": "284",
        "offeringUnitCampus": "CM",
        "supplement": "  ",
        "offeringUnitCode": "50",
        "coreCode": "BS",
        "coreCodeDescription": "Business Statistics",
        "lastUpdated": 1470759413000,
        "effective": "20241",
        "coreCodeReferenceId": "47"
      },
      {
        "id": "2024150960284  57",
        "year": "2024",
        "description": "Second Quantitative",
        "subject": "960",
        "unit": "50",
        "code": "QNT",
        "term": "1",
        "course": "284",
        "offeringUnitCampus": "CM",
        "supplement": "  ",
        "offeringUnitCode": "50",
        "coreCode": "QNT",
        "coreCodeDescription": "Second Quantitative",
        "lastUpdated": 1470759503000,
        "effective": "20241",
        "coreCodeReferenceId": "57"
      }
    ],
    "courseNotes": null,
    "expandedTitle": "INTRODUCTION TO STATISTICS II                                                   "
  },
  {
    "subjectNotes": null,
    "courseNumber": "491",
    "subject": "960",
    "campusCode": "CM",
    "openSections": 1,
    "synopsisUrl": null,
    "subjectGroupNotes": null,
    "offeringUnitCode": "50",
    "offeringUnitTitle": null,
    "title": "REGRESSION& TIME SER",
    "courseDescription": null,
    "preReqNotes": "(50:960:489 )",
    "sections": [
      {
        "sectionEligibility": null,
        "sessionDatePrintIndicator": "N",
        "examCode": "A",
        "specialPermissionAddCode": null,
        "crossListedSections": [
          {
            "courseNumber": "513",
            "supplementCode": "  ",
            "sectionNumber": "01",
            "offeringUnitCampus": "CM",
            "primaryRegistrationIndex": "04340",
            "offeringUnitCode": "56",
            "registrationIndex": "04341",
            "subjectCode": "219"
          },
          {
            "courseNumber": "557",
            "supplementCode": "  ",
            "sectionNumber": "01",
            "offeringUnitCampus": "CM",
            "primaryRegistrationIndex": "04340",
            "offeringUnitCode": "56",
            "registrationIndex": "04342",
            "subjectCode": "645"
          }
        ],
        "sectionNotes": null,
        "specialPermissionDropCode": null,
        "instructors": [
          {
            "name": "KUSHARY"
          }
        ],
        "number": "01",
        "majors": [],
        "sessionDates": null,
        "specialPermissionDropCodeDescription": null,
        "subtopic": null,
        "openStatus": true,
        "comments": [],
        "minors": [],
        "campusCode": "CM",
        "index": "04340",
        "unitMajors": [],
        "printed": "Y",
        "specialPermissionAddCodeDescription": null,
        "subtitle": null,
        "meetingTimes": [
          {
            "campusLocation": "6",
            "baClassHours": null,
            "roomNumber": "201",
            "pmCode": "P",
            "campusAbbrev": "CAM",
            "campusName": "CAMDEN",
            "meetingDay": "W",
            "buildingCode": "ATG",
            "startTime": "0600",
            "endTime": "0850",
            "meetingModeDesc": "LEC",
            "meetingModeCode": "02"
          }
        ],
        "legendKey": null,
        "honorPrograms": []
      }
    ],
    "supplementCode": "  ",
    "credits": 3,
    "unitNotes": null,
    "coreCodes": [
      {
        "id": "2024150960491  57",
        "year": "2024",
        "description": "Second Quantitative",
        "subject": "960",
        "unit": "50",
        "code": "QNT",
        "term": "1",
        "course": "491",
        "offeringUnitCampus": "CM",
        "supplement": "  ",
        "offeringUnitCode": "50",
        "coreCode": "QNT",
        "coreCodeDescription": "Second Quantitative",
        "lastUpdated": 1470759503000,
        "effective": "20241",
        "coreCodeReferenceId": "57"
      }
    ],
    "courseNotes": null,
    "expandedTitle": "APPLIED REGRESSION AND TIME SERIES                                              "
  }
]