[
  {
    "subjectNotes": null,
    "courseNumber": "280",
    "subject": "516",
    "campusCode": "CM",
    "openSections": 1,
    "synopsisUrl": "http://history.camden.rutgers.edu/undergraduate-program/undergraduate-course-offerings/",
    "subjectGroupNotes": null,
    "offeringUnitCode": "50",
    "offeringUnitTitle": null,
    "title": "INTRO TOP WORLD HIST",
    "courseDescription": null,
    "preReqNotes": null,
    "sections": [
      {
        "sectionEligibility": null,
        "sessionDatePrintIndicator": "N",
        "examCode": "S",
        "specialPermissionAddCode": null,
        "crossListedSections": [],
        "sectionNotes": null,
        "specialPermissionDropCode": null,
        "instructors": [
          {
            "name": "FINGER, SIMON"
          }
        ],
        "number": "01",
        "majors": [],
        "sessionDates": null,
        "specialPermissionDropCodeDescription": null,
        "subtopic": null,
        "openStatus": true,
        "comments": [],
        "minors": [],
        "campusCode": "CM",
        "index": "03797",
        "unitMajors": [],
        "printed": "Y",
        "specialPermissionAddCodeDescription": null,
        "subtitle": "DISEASE DEATH & HEALTH IN ATLANTIC WORLD",
        "meetingTimes": [
          {
            "campusLocation": "6",
            "baClassHours": null,
            "roomNumber": "123",
            "pmCode": "P",
            "campusAbbrev": "CAM",
            "campusName": "CAMDEN",
            "meetingDay": "M",
            "buildingCode": "ATG",
            "startTime": "0205",
            "endTime": "0325",
            "meetingModeDesc": "LEC",
            "meetingModeCode": "02"
          },
          {
            "campusLocation": "6",
            "baClassHours": null,
            "roomNumber": "123",
            "pmCode": "P",
            "campusAbbrev": "CAM",
            "campusName": "CAMDEN",
            "meetingDay": "W",
            "buildingCode": "ATG",
            "startTime": "0205",
            "endTime": "0325",
            "meetingModeDesc": "LEC",
            "meetingModeCode": "02"
          }
        ],
        "legendKey": null,
        "honorPrograms": []
      }
    ],
    "supplementCode": "  ",
    "credits": 3,
    "unitNotes": null,
    "coreCodes": [
      {
        "id": "2024150516280  44",
        "year": "2024",
        "description": "Global Studies",
        "subject": "516",
        "term": "1",
        "code": "G",
        "course": "280",
        "offeringUnitCampus": "CM",
        "supplement": "  ",
        "unit": "50",
        "offeringUnitCode": "50",
        "coreCode": "G",
        "coreCodeDescription": "Global Studies",
        "lastUpdated": 1470759303000,
        "effective": "20241",
        "coreCodeReferenceId": "44"
      },
      {
        "id": "2024150516280  8",
        "year": "2024",
        "description": "Heritages and Civilizations",
        "subject": "516",
        "term": "1",
        "code": "HAC",
        "course": "280",
        "offeringUnitCampus": "CM",
        "supplement": "  ",
        "unit": "50",
        "offeringUnitCode": "50",
        "coreCode": "HAC",
        "coreCodeDescription": "Heritages and Civilizations",
        "lastUpdated": 1468423642000,
        "effective": "20241",
        "coreCodeReferenceId": "8"
      },
      {
        "id": "2024150516280  51",
        "year": "2024",
        "description": "History, Philosophy, Religion",
        "subject": "516",
        "term": "1",
        "code": "HPR",
        "course": "280",
        "offeringUnitCampus": "CM",
        "supplement": "  ",
        "unit": "50",
        "offeringUnitCode": "50",
        "coreCode": "HPR",
        "coreCodeDescription": "History, Philosophy, Religion",
        "lastUpdated": 1470759458000,
        "effective": "20241",
        "coreCodeReferenceId": "51"
      }
    ],
    "courseNotes": null,
    "expandedTitle": "INTRODUCTORY TOPICS IN WORLD HISTORY                                            "
  },
  {
    "subjectNotes": null,
    "courseNumber": "342",
    "subject": "516",
    "campusCode": "CM",
    "openSections": 1,
    "synopsisUrl": "http://history.camden.rutgers.edu/undergraduate-program/undergraduate-course-offerings/",
    "subjectGroupNotes": null,
    "offeringUnitCode": "50",
    "offeringUnitTitle": null,
    "title": "MODERN JAPAN",
    "courseDescription": null,
    "preReqNotes": null,
    "sections": [
      {
        "sectionEligibility": null,
        "sessionDatePrintIndicator": "N",
        "examCode": "S",
        "specialPermissionAddCode": null,
        "crossListedSections": [],
        "sectionNotes": null,
        "specialPermissionDropCode": null,
        "instructors": [
          {
            "name": "KAPUR, NICK"
          }
        ],
        "number": "01",
        "majors": [],
        "sessionDates": null,
        "specialPermissionDropCodeDescription": null,
        "subtopic": null,
        "openStatus": true,
        "comments": [],
        "minors": [],
        "campusCode": "CM",
        "index": "03798",
        "unitMajors": [],
        "printed": "Y",
        "specialPermissionAddCodeDescription": null,
        "subtitle": null,
        "meetingTimes": [
          {
            "campusLocation": "6",
            "baClassHours": null,
            "roomNumber": "123",
            "pmCode": "P",
            "campusAbbrev": "CAM",
            "campusName": "CAMDEN",
            "meetingDay": "M",
            "buildingCode": "ATG",
            "startTime": "0345",
            "endTime": "0505",
            "meetingModeDesc": "LEC",
            "meetingModeCode": "02"
          },
          {
            "campusLocation": "6",
            "baClassHours": null,
            "roomNumber": "123",
            "pmCode": "P",
            "campusAbbrev": "CAM",
            "campusName": "CAMDEN",
            "meetingDay": "W",
            "buildingCode": "ATG",
            "startTime": "0345",
            "endTime": "0505",
            "meetingModeDesc": "LEC",
            "meetingModeCode": "02"
          }
        ],
        "legendKey": null,
        "honorPrograms": []
      }
    ],
    "supplementCode": "  ",
    "credits": 3,
    "unitNotes": null,
    "coreCodes": [
      {
        "id": "2024150516342  44",
        "year": "2024",
        "description": "Global Studies",
        "subject": "516",
        "term": "1",
        "code": "G",
        "course": "342",
        "offeringUnitCampus": "CM",
        "supplement": "  ",
        "unit": "50",
        "offeringUnitCode": "50",
        "coreCode": "G",
        "coreCodeDescription": "Global Studies",
        "lastUpdated": 1470759303000,
        "effective": "20241",
        "coreCodeReferenceId": "44"
      },
      {
        "id": "2024150516342  7",
        "year": "2024",
        "description": "Global Communities",
        "subject": "516",
        "term": "1",
        "code": "GCM",
        "course": "342",
        "offeringUnitCampus": "CM",
        "supplement": "  ",
        "unit": "50",
        "offeringUnitCode": "50",
        "coreCode": "GCM",
        "coreCodeDescription": "Global Communities",
        "lastUpdated": 1468423635000,
        "effective": "20241",
        "coreCodeReferenceId": "7"
      },
      {
        "id": "2024150516342  51",
        "year": "2024",
        "description": "History, Philosophy, Religion",
        "subject": "516",
        "term": "1",
        "code": "HPR",
        "course": "342",
        "offeringUnitCampus": "CM",
        "supplement": "  ",
        "unit": "50",
        "offeringUnitCode": "50",
        "coreCode": "HPR",
        "coreCodeDescription": "History, Philosophy, Religion",
        "lastUpdated": 1470759458000,
        "effective": "20241",
        "coreCodeReferenceId": "51"
      }
    ],
    "courseNotes": null,
    "expandedTitle": "MODERN JAPAN: FROM SAMURAI TO ANIME                                             "
  }
]