[
  {
    "subjectNotes": null,
    "courseNumber": "501",
    "subject": "501",
    "campusCode": "NB",
    "openSections": 1,
    "synopsisUrl": "https://bloustein.rutgers.edu/graduate/health-administration/",
    "subjectGroupNotes": null,
    "offeringUnitCode": "34",
    "offeringUnitTitle": null,
    "title": "PRIN OF HLTH ADMIN",
    "courseDescription": null,
    "preReqNotes": null,
    "sections": [
      {
        "sectionEligibility": null,
        "sessionDatePrintIndicator": "N",
        "examCode": "A",
        "specialPermissionAddCode": null,
        "crossListedSections": [],
        "sectionNotes": null,
        "specialPermissionDropCode": null,
        "instructors": [
          {
            "name": "KURTZMAN, ELLEN"
          }
        ],
        "number": "90",
        "majors": [
          {
            "code": "56",
            "isUnitCode": true,
            "isMajorCode": false
          },
          {
            "code": "34",
            "isUnitCode": true,
            "isMajorCode": false
          },
          {
            "code": "16",
            "isUnitCode": true,
            "isMajorCode": false
          },
          {
            "code": "26",
            "isUnitCode": true,
            "isMajorCode": false
          }
        ],
        "sessionDates": null,
        "specialPermissionDropCodeDescription": null,
        "subtopic": null,
        "openStatus": true,
        "comments": [
          {
            "code": "63",
            "description": "Hybrid"
          },
          {
            "code": "05",
            "description": "Go to http://canvas.rutgers.edu"
          },
          {
            "code": "56",
            "description": "Online Course"
          }
        ],
        "minors": [],
        "campusCode": "NB",
        "index": "17249",
        "unitMajors": [],
        "printed": "Y",
        "specialPermissionAddCodeDescription": null,
        "subtitle": null,
        "meetingTimes": [
          {
            "campusLocation": "O",
            "baClassHours": "B",
            "roomNumber": null,
            "pmCode": null,
            "campusAbbrev": "**",
            "campusName": "** INVALID **",
            "meetingDay": null,
            "buildingCode": null,
            "startTime": null,
            "endTime": null,
            "meetingModeDesc": "ONLINE INSTRUCTION(INTERNET)",
            "meetingModeCode": "90"
          },
          {
            "campusLocation": "O",
            "baClassHours": null,
            "roomNumber": null,
            "pmCode": "P",
            "campusAbbrev": "**",
            "campusName": "** INVALID **",
            "meetingDay": "T",
            "buildingCode": null,
            "startTime": "0600",
            "endTime": "0720",
            "meetingModeDesc": "LEC",
            "meetingModeCode": "02"
          }
        ],
        "legendKey": null,
        "honorPrograms": []
      }
    ],
    "supplementCode": "  ",
    "credits": 3,
    "unitNotes": null,
    "coreCodes": [],
    "courseNotes": null,
    "expandedTitle": "PRINCIPLES OF HEALTH ADMINISTRATION                                             "
  },
  {
    "subjectNotes": null,
    "courseNumber": "510",
    "subject": "501",
    "campusCode": "NB",
    "openSections": 2,
    "synopsisUrl": "https://bloustein.rutgers.edu/graduate/health-administration/",
    "subjectGroupNotes": null,
    "offeringUnitCode": "34",
    "offeringUnitTitle": null,
    "title": "HUMAN RES POL/PRAC",
    "courseDescription": null,
    "preReqNotes": null,
    "sections": [
      {
        "sectionEligibility": null,
        "sessionDatePrintIndicator": "N",
        "examCode": "A",
        "specialPermissionAddCode": null,
        "crossListedSections": [],
        "sectionNotes": null,
        "specialPermissionDropCode": null,
        "instructors": [
          {
            "name": "KAYE, JANE"
          }
        ],
        "number": "01",
        "majors": [
          {
            "code": "501",
            "isUnitCode": false,
            "isMajorCode": true
          },
          {
            "code": "34",
            "isUnitCode": true,
            "isMajorCode": false
          }
        ],
        "sessionDates": null,
        "specialPermissionDropCodeDescription": null,
        "subtopic": null,
        "openStatus": true,
        "comments": [
          {
            "code": "05",
            "description": "Go to http://canvas.rutgers.edu"
          }
        ],
        "minors": [],
        "campusCode": "NB",
        "index": "17250",
        "unitMajors": [
          {
            "unitCode": "34",
            "majorCode": "501"
          }
        ],
        "printed": "Y",
        "specialPermissionAddCodeDescription": null,
        "subtitle": null,
        "meetingTimes": [
          {
            "campusLocation": "5",
            "baClassHours": null,
            "roomNumber": "369B",
            "pmCode": "P",
            "campusAbbrev": "DNB",
            "campusName": "DOWNTOWN NB",
            "meetingDay": "W",
            "buildingCode": "CSB",
            "startTime": "0600",
            "endTime": "0900",
            "meetingModeDesc": "LEC",
            "meetingModeCode": "02"
          }
        ],
        "legendKey": null,
        "honorPrograms": []
      },
      {
        "sectionEligibility": null,
        "sessionDatePrintIndicator": "N",
        "examCode": "A",
        "specialPermissionAddCode": null,
        "crossListedSections": [],
        "sectionNotes": null,
        "specialPermissionDropCode": null,
        "instructors": [
          {
            "name": "KAYE, JANE"
          }
        ],
        "number": "02",
        "majors": [
          {
            "code": "34",
            "isUnitCode": true,
            "isMajorCode": false
          },
          {
            "code": "501",
            "isUnitCode": false,
            "isMajorCode": true
          }
        ],
        "sessionDates": null,
        "specialPermissionDropCodeDescription": null,
        "subtopic": null,
        "openStatus": true,
        "comments": [
          {
            "code": "05",
            "description": "Go to http://canvas.rutgers.edu"
          }
        ],
        "minors": [],
        "campusCode": "NB",
        "index": "17251",
        "unitMajors": [
          {
            "unitCode": "34",
            "majorCode": "501"
          }
        ],
        "printed": "Y",
        "specialPermissionAddCodeDescription": null,
        "subtitle": null,
        "meetingTimes": [
          {
            "campusLocation": "5",
            "baClassHours": null,
            "roomNumber": "113",
            "pmCode": "P",
            "campusAbbrev": "DNB",
            "campusName": "DOWNTOWN NB",
            "meetingDay": "M",
            "buildingCode": "CSB",
            "startTime": "0600",
            "endTime": "0900",
            "meetingModeDesc": "LEC",
            "meetingModeCode": "02"
          }
        ],
        "legendKey": null,
        "honorPrograms": []
      }
    ],
    "supplementCode": "  ",
    "credits": 3,
    "unitNotes": null,
    "coreCodes": [],
    "courseNotes": null,
    "expandedTitle": "HUMAN RESOURCE POLICY & PRACTICE IN HEALTH CARE                                 "
  },
  {
    "subjectNotes": null,
    "courseNumber": "515",
    "subject": "501",
    "campusCode": "NB",
    "openSections": 1,
    "synopsisUrl": "https://bloustein.rutgers.edu/graduate/health-administration/",
    "subjectGroupNotes": null,
    "offeringUnitCode": "34",
    "offeringUnitTitle": null,
    "title": "FIN ACCT FOR MGRS",
    "courseDescription": null,
    "preReqNotes": null,
    "sections": [
      {
        "sectionEligibility": null,
        "sessionDatePrintIndicator": "N",
        "examCode": "A",
        "specialPermissionAddCode": null,
        "crossListedSections": [],
        "sectionNotes": null,
        "specialPermissionDropCode": null,
        "instructors": [
          {
            "name": "KRUM, SUSAN"
          }
        ],
        "number": "90",
        "majors": [
          {
            "code": "34",
            "isUnitCode": true,
            "isMajorCode": false
          },
          {
            "code": "501",
            "isUnitCode": false,
            "isMajorCode": true
          }
        ],
        "sessionDates": null,
        "specialPermissionDropCodeDescription": null,
        "subtopic": null,
        "openStatus": true,
        "comments": [
          {
            "code": "05",
            "description": "Go to http://canvas.rutgers.edu"
          }
        ],
        "minors": [],
        "campusCode": "NB",
        "index": "17254",
        "unitMajors": [],
        "printed": "Y",
        "specialPermissionAddCodeDescription": null,
        "subtitle": null,
        "meetingTimes": [
          {
            "campusLocation": "O",
            "baClassHours": null,
            "roomNumber": null,
            "pmCode": "P",
            "campusAbbrev": "**",
            "campusName": "** INVALID **",
            "meetingDay": "W",
            "buildingCode": null,
            "startTime": "0600",
            "endTime": "0900",
            "meetingModeDesc": "LEC",
            "meetingModeCode": "02"
          }
        ],
        "legendKey": null,
        "honorPrograms": []
      }
    ],
    "supplementCode": "  ",
    "credits": 3,
    "unitNotes": null,
    "coreCodes": [],
    "courseNotes": null,
    "expandedTitle": "FINANCIAL ACCOUNTING FOR MANAGERS"
  },
  {
    "subjectNotes": null,
    "courseNumber": "516",
    "subject": "501",
    "campusCode": "NB",
    "openSections": 1,
    "synopsisUrl": "https://bloustein.rutgers.edu/graduate/health-administration/",
    "subjectGroupNotes": null,
    "offeringUnitCode": "34",
    "offeringUnitTitle": null,
    "title": "DIRECTED STUDY",
    "courseDescription": null,
    "preReqNotes": null,
    "sections": [
      {
        "sectionEligibility": null,
        "sessionDatePrintIndicator": "N",
        "examCode": "O",
        "specialPermissionAddCode": "03",
        "crossListedSections": [],
        "sectionNotes": null,
        "specialPermissionDropCode": null,
        "instructors": [],
        "number": "01",
        "majors": [
          {
            "code": "34",
            "isUnitCode": true,
            "isMajorCode": false
          },
          {
            "code": "501",
            "isUnitCode": false,
            "isMajorCode": true
          }
        ],
        "sessionDates": null,
        "specialPermissionDropCodeDescription": null,
        "subtopic": null,
        "openStatus": true,
        "comments": [
          {
            "code": "05",
            "description": "Go to http://canvas.rutgers.edu"
          }
        ],
        "minors": [],
        "campusCode": "NB",
        "index": "17255",
        "unitMajors": [
          {
            "unitCode": "34",
            "majorCode": "501"
          }
        ],
        "printed": "Y",
        "specialPermissionAddCodeDescription": "Department staff",
        "subtitle": null,
        "meetingTimes": [
          {
            "campusLocation": null,
            "baClassHours": "B",
            "roomNumber": null,
            "pmCode": null,
            "campusAbbrev": null,
            "campusName": null,
            "meetingDay": null,
            "buildingCode": null,
            "startTime": null,
            "endTime": null,
            "meetingModeDesc": "PROJ-IND",
            "meetingModeCode": "19"
          }
        ],
        "legendKey": null,
        "honorPrograms": []
      }
    ],
    "supplementCode": "  ",
    "credits": 3,
    "unitNotes": null,
    "coreCodes": [],
    "courseNotes": null,
    "expandedTitle": null
  },
  {
    "subjectNotes": null,
    "courseNumber": "520",
    "subject": "501",
    "campusCode": "NB",
    "openSections": 2,
    "synopsisUrl": "https://bloustein.rutgers.edu/graduate/health-administration/",
    "subjectGroupNotes": null,
    "offeringUnitCode": "34",
    "offeringUnitTitle": null,
    "title": "COMM ASSETS FOR HA",
    "courseDescription": null,
    "preReqNotes": null,
    "sections": [
      {
        "sectionEligibility": null,
        "sessionDatePrintIndicator": "N",
        "examCode": "A",
        "specialPermissionAddCode": null,
        "crossListedSections": [],
        "sectionNotes": null,
        "specialPermissionDropCode": null,
        "instructors": [
          {
            "name": "BORGEN, IRENE"
          }
        ],
        "number": "90",
        "majors": [
          {
            "code": "501",
            "isUnitCode": false,
            "isMajorCode": true
          },
          {
            "code": "34",
            "isUnitCode": true,
            "isMajorCode": false
          }
        ],
        "sessionDates": null,
        "specialPermissionDropCodeDescription": null,
        "subtopic": null,
        "openStatus": true,
        "comments": [
          {
            "code": "56",
            "description": "Online Course"
          },
          {
            "code": "05",
            "description": "Go to http://canvas.rutgers.edu"
          }
        ],
        "minors": [],
        "campusCode": "NB",
        "index": "17256",
        "unitMajors": [
          {
            "unitCode": "34",
            "majorCode": "501"
          }
        ],
        "printed": "Y",
        "specialPermissionAddCodeDescription": null,
        "subtitle": null,
        "meetingTimes": [
          {
            "campusLocation": "O",
            "baClassHours": null,
            "roomNumber": null,
            "pmCode": "P",
            "campusAbbrev": "**",
            "campusName": "** INVALID **",
            "meetingDay": "M",
            "buildingCode": null,
            "startTime": "0600",
            "endTime": "0900",
            "meetingModeDesc": "LEC",
            "meetingModeCode": "02"
          }
        ],
        "legendKey": null,
        "honorPrograms": []
      },
      {
        "sectionEligibility": null,
        "sessionDatePrintIndicator": "N",
        "examCode": "A",
        "specialPermissionAddCode": null,
        "crossListedSections": [],
        "sectionNotes": "NON-MATRIC FOR SP# CONTACT:GRADSP@EJB.RUTGERS.EDU",
        "specialPermissionDropCode": null,
        "instructors": [
          {
            "name": "KURTZMAN, ELLEN"
          }
        ],
        "number": "91",
        "majors": [],
        "sessionDates": null,
        "specialPermissionDropCodeDescription": null,
        "subtopic": null,
        "openStatus": true,
        "comments": [
          {
            "code": "56",
            "description": "Online Course"
          },
          {
            "code": "05",
            "description": "Go to http://canvas.rutgers.edu"
          }
        ],
        "minors": [],
        "campusCode": "NB",
        "index": "17257",
        "unitMajors": [
          {
            "unitCode": "34",
            "majorCode": "501"
          }
        ],
        "printed": "Y",
        "specialPermissionAddCodeDescription": null,
        "subtitle": null,
        "meetingTimes": [
          {
            "campusLocation": "O",
            "baClassHours": null,
            "roomNumber": null,
            "pmCode": "P",
            "campusAbbrev": "**",
            "campusName": "** INVALID **",
            "meetingDay": "TH",
            "buildingCode": null,
            "startTime": "0600",
            "endTime": "0900",
            "meetingModeDesc": "LEC",
            "meetingModeCode": "02"
          }
        ],
        "legendKey": null,
        "honorPrograms": []
      }
    ],
    "supplementCode": "  ",
    "credits": 3,
    "unitNotes": null,
    "coreCodes": [],
    "courseNotes": null,
    "expandedTitle": "COMMUNITY ASSESSMENT FOR HEALTHCARE ADMINISTRATORS                              "
  },
  {
    "subjectNotes": null,
    "courseNumber": "530",
    "subject": "501",
    "campusCode": "NB",
    "openSections": 1,
    "synopsisUrl": "https://bloustein.rutgers.edu/graduate/health-administration/",
    "subjectGroupNotes": null,
    "offeringUnitCode": "34",
    "offeringUnitTitle": null,
    "title": "DATA ANAL. IN HC",
    "courseDescription": null,
    "preReqNotes": "(34:501:501 )<em> AND </em>(34:501:515 )",
    "sections": [
      {
        "sectionEligibility": null,
        "sessionDatePrintIndicator": "N",
        "examCode": "A",
        "specialPermissionAddCode": null,
        "crossListedSections": [],
        "sectionNotes": "NON-MATRIC FOR SP# CONTACT:GRADSP@EJB.RUTGERS.EDU",
        "specialPermissionDropCode": null,
        "instructors": [
          {
            "name": "MCNUTT"
          }
        ],
        "number": "90",
        "majors": [],
        "sessionDates": null,
        "specialPermissionDropCodeDescription": null,
        "subtopic": null,
        "openStatus": true,
        "comments": [
          {
            "code": "05",
            "description": "Go to http://canvas.rutgers.edu"
          },
          {
            "code": "56",
            "description": "Online Course"
          }
        ],
        "minors": [],
        "campusCode": "NB",
        "index": "17258",
        "unitMajors": [
          {
            "unitCode": "34",
            "majorCode": "501"
          }
        ],
        "printed": "Y",
        "specialPermissionAddCodeDescription": null,
        "subtitle": null,
        "meetingTimes": [
          {
            "campusLocation": "O",
            "baClassHours": null,
            "roomNumber": null,
            "pmCode": "P",
            "campusAbbrev": "**",
            "campusName": "** INVALID **",
            "meetingDay": "T",
            "buildingCode": null,
            "startTime": "0600",
            "endTime": "0900",
            "meetingModeDesc": "LEC",
            "meetingModeCode": "02"
          }
        ],
        "legendKey": null,
        "honorPrograms": []
      }
    ],
    "supplementCode": "  ",
    "credits": 3,
    "unitNotes": null,
    "coreCodes": [],
    "courseNotes": null,
    "expandedTitle": "DATA ANALYTICS IN HEALTHCARE                                                    "
  },
  {
    "subjectNotes": null,
    "courseNumber": "533",
    "subject": "501",
    "campusCode": "NB",
    "openSections": 2,
    "synopsisUrl": "https://bloustein.rutgers.edu/graduate/health-administration/",
    "subjectGroupNotes": null,
    "offeringUnitCode": "34",
    "offeringUnitTitle": null,
    "title": "LEAN 6SIG GREEN BELT",
    "courseDescription": null,
    "preReqNotes": "(34:501:501 )<em> AND </em>(34:501:515 )",
    "sections": [
      {
        "sectionEligibility": null,
        "sessionDatePrintIndicator": "N",
        "examCode": "A",
        "specialPermissionAddCode": null,
        "crossListedSections": [],
        "sectionNotes": null,
        "specialPermissionDropCode": null,
        "instructors": [
          {
            "name": "KOROSETA ANDERS"
          }
        ],
        "number": "01",
        "majors": [],
        "sessionDates": null,
        "specialPermissionDropCodeDescription": null,
        "subtopic": null,
        "openStatus": true,
        "comments": [
          {
            "code": "05",
            "description": "Go to http://canvas.rutgers.edu"
          }
        ],
        "minors": [],
        "campusCode": "NB",
        "index": "17259",
        "unitMajors": [
          {
            "unitCode": "34",
            "majorCode": "501"
          }
        ],
        "printed": "Y",
        "specialPermissionAddCodeDescription": null,
        "subtitle": null,
        "meetingTimes": [
          {
            "campusLocation": "5",
            "baClassHours": null,
            "roomNumber": "490",
            "pmCode": "P",
            "campusAbbrev": "DNB",
            "campusName": "DOWNTOWN NB",
            "meetingDay": "TH",
            "buildingCode": "CSB",
            "startTime": "0600",
            "endTime": "0900",
            "meetingModeDesc": "LEC",
            "meetingModeCode": "02"
          }
        ],
        "legendKey": null,
        "honorPrograms": []
      },
      {
        "sectionEligibility": null,
        "sessionDatePrintIndicator": "N",
        "examCode": "A",
        "specialPermissionAddCode": null,
        "crossListedSections": [],
        "sectionNotes": null,
        "specialPermissionDropCode": null,
        "instructors": [
          {
            "name": "BROCK, ALORA"
          }
        ],
        "number": "90",
        "majors": [],
        "sessionDates": null,
        "specialPermissionDropCodeDescription": null,
        "subtopic": null,
        "openStatus": true,
        "comments": [
          {
            "code": "05",
            "description": "Go to http://canvas.rutgers.edu"
          },
          {
            "code": "56",
            "description": "Online Course"
          }
        ],
        "minors": [],
        "campusCode": "NB",
        "index": "17260",
        "unitMajors": [
          {
            "unitCode": "34",
            "majorCode": "501"
          }
        ],
        "printed": "Y",
        "specialPermissionAddCodeDescription": null,
        "subtitle": null,
        "meetingTimes": [
          {
            "campusLocation": "O",
            "baClassHours": null,
            "roomNumber": null,
            "pmCode": "P",
            "campusAbbrev": "**",
            "campusName": "** INVALID **",
            "meetingDay": "W",
            "buildingCode": null,
            "startTime": "0600",
            "endTime": "0900",
            "meetingModeDesc": "LEC",
            "meetingModeCode": "02"
          }
        ],
        "legendKey": null,
        "honorPrograms": []
      }
    ],
    "supplementCode": "  ",
    "credits": 3,
    "unitNotes": null,
    "coreCodes": [],
    "courseNotes": null,
    "expandedTitle": "HEALTH CARE MANAGEMENT LEAN SIX SIGMA   COMPETENCIES FOR GREEN BELT             "
  },
  {
    "subjectNotes": null,
    "courseNumber": "534",
    "subject": "501",
    "campusCode": "NB",
    "openSections": 1,
    "synopsisUrl": "https://bloustein.rutgers.edu/graduate/health-administration/",
    "subjectGroupNotes": null,
    "offeringUnitCode": "34",
    "offeringUnitTitle": null,
    "title": "LEAN 6SIG BLACK BELT",
    "courseDescription": null,
    "preReqNotes": "(34:501:501 )<em> AND </em>(34:501:515 )",
    "sections": [
      {
        "sectionEligibility": null,
        "sessionDatePrintIndicator": "N",
        "examCode": "A",
        "specialPermissionAddCode": "03",
        "crossListedSections": [],
        "sectionNotes": null,
        "specialPermissionDropCode": null,
        "instructors": [
          {
            "name": "KNODE, BRYAN"
          }
        ],
        "number": "90",
        "majors": [
          {
            "code": "34",
            "isUnitCode": true,
            "isMajorCode": false
          },
          {
            "code": "501",
            "isUnitCode": false,
            "isMajorCode": true
          }
        ],
        "sessionDates": null,
        "specialPermissionDropCodeDescription": null,
        "subtopic": null,
        "openStatus": true,
        "comments": [
          {
            "code": "05",
            "description": "Go to http://canvas.rutgers.edu"
          },
          {
            "code": "56",
            "description": "Online Course"
          }
        ],
        "minors": [],
        "campusCode": "NB",
        "index": "17261",
        "unitMajors": [
          {
            "unitCode": "34",
            "majorCode": "501"
          }
        ],
        "printed": "Y",
        "specialPermissionAddCodeDescription": "Department staff",
        "subtitle": null,
        "meetingTimes": [
          {
            "campusLocation": "O",
            "baClassHours": null,
            "roomNumber": null,
            "pmCode": "P",
            "campusAbbrev": "**",
            "campusName": "** INVALID **",
            "meetingDay": "TH",
            "buildingCode": null,
            "startTime": "0600",
            "endTime": "0900",
            "meetingModeDesc": "ONLINE INSTRUCTION(INTERNET)",
            "meetingModeCode": "90"
          }
        ],
        "legendKey": null,
        "honorPrograms": []
      }
    ],
    "supplementCode": "  ",
    "credits": 3,
    "unitNotes": null,
    "coreCodes": [],
    "courseNotes": null,
    "expandedTitle": "HEALTH CARE MANAGEMENT LEAN SIX SIGMA   COMPETENCIES FOR BLACK BELT             "
  },
  {
    "subjectNotes": null,
    "courseNumber": "554",
    "subject": "501",
    "campusCode": "NB",
    "openSections": 2,
    "synopsisUrl": "https://bloustein.rutgers.edu/graduate/health-administration/",
    "subjectGroupNotes": null,
    "offeringUnitCode": "34",
    "offeringUnitTitle": null,
    "title": "MKT/HLTH CARE ORG",
    "courseDescription": null,
    "preReqNotes": "(34:501:501 )<em> AND </em>(34:501:515 )",
    "sections": [
      {
        "sectionEligibility": null,
        "sessionDatePrintIndicator": "N",
        "examCode": "A",
        "specialPermissionAddCode": null,
        "crossListedSections": [],
        "sectionNotes": "NON-MATRIC FOR SP# CONTACT:GRADSP@EJB.RUTGERS.EDU",
        "specialPermissionDropCode": null,
        "instructors": [
          {
            "name": "CUNDIFF"
          }
        ],
        "number": "01",
        "majors": [
          {
            "code": "34",
            "isUnitCode": true,
            "isMajorCode": false
          },
          {
            "code": "501",
            "isUnitCode": false,
            "isMajorCode": true
          }
        ],
        "sessionDates": null,
        "specialPermissionDropCodeDescription": null,
        "subtopic": null,
        "openStatus": true,
        "comments": [
          {
            "code": "63",
            "description": "Hybrid"
          },
          {
            "code": "05",
            "description": "Go to http://canvas.rutgers.edu"
          }
        ],
        "minors": [],
        "campusCode": "NB",
        "index": "17264",
        "unitMajors": [
          {
            "unitCode": "34",
            "majorCode": "501"
          }
        ],
        "printed": "Y",
        "specialPermissionAddCodeDescription": null,
        "subtitle": null,
        "meetingTimes": [
          {
            "campusLocation": "5",
            "baClassHours": null,
            "roomNumber": "369B",
            "pmCode": "P",
            "campusAbbrev": "DNB",
            "campusName": "DOWNTOWN NB",
            "meetingDay": "TH",
            "buildingCode": "CSB",
            "startTime": "0600",
            "endTime": "0900",
            "meetingModeDesc": "LEC",
            "meetingModeCode": "02"
          }
        ],
        "legendKey": null,
        "honorPrograms": []
      },
      {
        "sectionEligibility": null,
        "sessionDatePrintIndicator": "N",
        "examCode": "A",
        "specialPermissionAddCode": null,
        "crossListedSections": [],
        "sectionNotes": "NON-MATRIC FOR SP# CONTACT:GRADSP@EJB.RUTGERS.EDU",
        "specialPermissionDropCode": null,
        "instructors": [
          {
            "name": "CUNDIFF"
          }
        ],
        "number": "90",
        "majors": [],
        "sessionDates": null,
        "specialPermissionDropCodeDescription": null,
        "subtopic": null,
        "openStatus": true,
        "comments": [
          {
            "code": "05",
            "description": "Go to http://canvas.rutgers.edu"
          },
          {
            "code": "56",
            "description": "Online Course"
          }
        ],
        "minors": [],
        "campusCode": "NB",
        "index": "17265",
        "unitMajors": [
          {
            "unitCode": "34",
            "majorCode": "501"
          }
        ],
        "printed": "Y",
        "specialPermissionAddCodeDescription": null,
        "subtitle": null,
        "meetingTimes": [
          {
            "campusLocation": "O",
            "baClassHours": null,
            "roomNumber": null,
            "pmCode": "P",
            "campusAbbrev": "**",
            "campusName": "** INVALID **",
            "meetingDay": "T",
            "buildingCode": null,
            "startTime": "0600",
            "endTime": "0900",
            "meetingModeDesc": "ONLINE INSTRUCTION(INTERNET)",
            "meetingModeCode": "90"
          }
        ],
        "legendKey": null,
        "honorPrograms": []
      }
    ],
    "supplementCode": "  ",
    "credits": 3,
    "unitNotes": null,
    "coreCodes": [],
    "courseNotes": null,
    "expandedTitle": "MARKETING FOR HEALTH CARE ORGANIZATIONS                                         "
  },
  {
    "subjectNotes": null,
    "courseNumber": "556",
    "subject": "501",
    "campusCode": "NB",
    "openSections": 2,
    "synopsisUrl": "https://bloustein.rutgers.edu/graduate/health-administration/",
    "subjectGroupNotes": null,
    "offeringUnitCode": "34",
    "offeringUnitTitle": null,
    "title": "HLTH CARE ETHICS/LAW",
    "courseDescription": null,
    "preReqNotes": "(34:501:501 )<em> AND </em>(34:501:515 )",
    "sections": [
      {
        "sectionEligibility": null,
        "sessionDatePrintIndicator": "N",
        "examCode": "A",
        "specialPermissionAddCode": null,
        "crossListedSections": [],
        "sectionNotes": "NON-MATRIC FOR SP# CONTACT:GRADSP@EJB.RUTGERS.EDU",
        "specialPermissionDropCode": null,
        "instructors": [
          {
            "name": "MOLLOY, RUSS"
          }
        ],
        "number": "90",
        "majors": [],
        "sessionDates": null,
        "specialPermissionDropCodeDescription": null,
        "subtopic": null,
        "openStatus": true,
        "comments": [
          {
            "code": "56",
            "description": "Online Course"
          },
          {
            "code": "05",
            "description": "Go to http://canvas.rutgers.edu"
          }
        ],
        "minors": [],
        "campusCode": "NB",
        "index": "17267",
        "unitMajors": [
          {
            "unitCode": "34",
            "majorCode": "501"
          }
        ],
        "printed": "Y",
        "specialPermissionAddCodeDescription": null,
        "subtitle": null,
        "meetingTimes": [
          {
            "campusLocation": "O",
            "baClassHours": null,
            "roomNumber": null,
            "pmCode": "P",
            "campusAbbrev": "**",
            "campusName": "** INVALID **",
            "meetingDay": "W",
            "buildingCode": null,
            "startTime": "0600",
            "endTime": "0900",
            "meetingModeDesc": "ONLINE INSTRUCTION(INTERNET)",
            "meetingModeCode": "90"
          }
        ],
        "legendKey": null,
        "honorPrograms": []
      },
      {
        "sectionEligibility": null,
        "sessionDatePrintIndicator": "N",
        "examCode": "A",
        "specialPermissionAddCode": null,
        "crossListedSections": [],
        "sectionNotes": "NON-MATRIC FOR SP# CONTACT:GRADSP@EJB.RUTGERS.EDU",
        "specialPermissionDropCode": null,
        "instructors": [
          {
            "name": "ARMSTRONG, PAUL"
          }
        ],
        "number": "91",
        "majors": [
          {
            "code": "501",
            "isUnitCode": false,
            "isMajorCode": true
          },
          {
            "code": "34",
            "isUnitCode": true,
            "isMajorCode": false
          }
        ],
        "sessionDates": null,
        "specialPermissionDropCodeDescription": null,
        "subtopic": null,
        "openStatus": true,
        "comments": [
          {
            "code": "05",
            "description": "Go to http://canvas.rutgers.edu"
          }
        ],
        "minors": [],
        "campusCode": "NB",
        "index": "17266",
        "unitMajors": [
          {
            "unitCode": "34",
            "majorCode": "501"
          }
        ],
        "printed": "Y",
        "specialPermissionAddCodeDescription": null,
        "subtitle": null,
        "meetingTimes": [
          {
            "campusLocation": "O",
            "baClassHours": null,
            "roomNumber": null,
            "pmCode": "P",
            "campusAbbrev": "**",
            "campusName": "** INVALID **",
            "meetingDay": "T",
            "buildingCode": "CSB",
            "startTime": "0600",
            "endTime": "0900",
            "meetingModeDesc": "ONLINE INSTRUCTION(INTERNET)",
            "meetingModeCode": "90"
          }
        ],
        "legendKey": null,
        "honorPrograms": []
      }
    ],
    "supplementCode": "  ",
    "credits": 3,
    "unitNotes": null,
    "coreCodes": [],
    "courseNotes": null,
    "expandedTitle": "HEALTH CARE ETHICS AND LAW                                                      "
  },
  {
    "subjectNotes": null,
    "courseNumber": "557",
    "subject": "501",
    "campusCode": "NB",
    "openSections": 1,
    "synopsisUrl": "https://bloustein.rutgers.edu/graduate/health-administration/",
    "subjectGroupNotes": null,
    "offeringUnitCode": "34",
    "offeringUnitTitle": null,
    "title": "CORPORATE COMPLIANCE",
    "courseDescription": null,
    "preReqNotes": "(34:501:501 )<em> AND </em>(34:501:515 )",
    "sections": [
      {
        "sectionEligibility": null,
        "sessionDatePrintIndicator": "N",
        "examCode": "A",
        "specialPermissionAddCode": null,
        "crossListedSections": [],
        "sectionNotes": "NON-MATRIC FOR SP# CONTACT:GRADSP@EJB.RUTGERS.EDU",
        "specialPermissionDropCode": null,
        "instructors": [
          {
            "name": "GRIFFITHS-WELSH"
          }
        ],
        "number": "01",
        "majors": [],
        "sessionDates": null,
        "specialPermissionDropCodeDescription": null,
        "subtopic": null,
        "openStatus": true,
        "comments": [
          {
            "code": "05",
            "description": "Go to http://canvas.rutgers.edu"
          },
          {
            "code": "56",
            "description": "Online Course"
          }
        ],
        "minors": [],
        "campusCode": "NB",
        "index": "17268",
        "unitMajors": [],
        "printed": "Y",
        "specialPermissionAddCodeDescription": null,
        "subtitle": null,
        "meetingTimes": [
          {
            "campusLocation": "5",
            "baClassHours": null,
            "roomNumber": "170",
            "pmCode": "P",
            "campusAbbrev": "DNB",
            "campusName": "DOWNTOWN NB",
            "meetingDay": "M",
            "buildingCode": "CSB",
            "startTime": "0600",
            "endTime": "0900",
            "meetingModeDesc": "LEC",
            "meetingModeCode": "02"
          }
        ],
        "legendKey": null,
        "honorPrograms": []
      }
    ],
    "supplementCode": "  ",
    "credits": 3,
    "unitNotes": null,
    "coreCodes": [],
    "courseNotes": null,
    "expandedTitle": "CORPORATE COMPLIANCE IN HEALTH ADMINISTRATION                                   "
  },
  {
    "subjectNotes": null,
    "courseNumber": "563",
    "subject": "501",
    "campusCode": "NB",
    "openSections": 1,
    "synopsisUrl": "https://bloustein.rutgers.edu/graduate/health-administration/",
    "subjectGroupNotes": null,
    "offeringUnitCode": "34",
    "offeringUnitTitle": null,
    "title": "HLTH SYST OPERATION",
    "courseDescription": null,
    "preReqNotes": "(34:501:501 )<em> AND </em>(34:501:515 )",
    "sections": [
      {
        "sectionEligibility": null,
        "sessionDatePrintIndicator": "N",
        "examCode": "A",
        "specialPermissionAddCode": null,
        "crossListedSections": [],
        "sectionNotes": null,
        "specialPermissionDropCode": null,
        "instructors": [
          {
            "name": "KRUM, SUSAN"
          }
        ],
        "number": "90",
        "majors": [
          {
            "code": "501",
            "isUnitCode": false,
            "isMajorCode": true
          },
          {
            "code": "34",
            "isUnitCode": true,
            "isMajorCode": false
          }
        ],
        "sessionDates": null,
        "specialPermissionDropCodeDescription": null,
        "subtopic": null,
        "openStatus": true,
        "comments": [
          {
            "code": "23",
            "description": "Hybrid Section - Some Meetings Online"
          },
          {
            "code": "05",
            "description": "Go to http://canvas.rutgers.edu"
          }
        ],
        "minors": [],
        "campusCode": "NB",
        "index": "17269",
        "unitMajors": [
          {
            "unitCode": "34",
            "majorCode": "501"
          }
        ],
        "printed": "Y",
        "specialPermissionAddCodeDescription": null,
        "subtitle": null,
        "meetingTimes": [
          {
            "campusLocation": "O",
            "baClassHours": null,
            "roomNumber": null,
            "pmCode": "P",
            "campusAbbrev": "**",
            "campusName": "** INVALID **",
            "meetingDay": "M",
            "buildingCode": null,
            "startTime": "0600",
            "endTime": "0900",
            "meetingModeDesc": "LEC",
            "meetingModeCode": "02"
          }
        ],
        "legendKey": null,
        "honorPrograms": []
      }
    ],
    "supplementCode": "  ",
    "credits": 3,
    "unitNotes": null,
    "coreCodes": [],
    "courseNotes": null,
    "expandedTitle": "HEALTH SYSTEMS OPERATIONS                                                       "
  },
  {
    "subjectNotes": null,
    "courseNumber": "565",
    "subject": "501",
    "campusCode": "NB",
    "openSections": 1,
    "synopsisUrl": "https://bloustein.rutgers.edu/graduate/health-administration/",
    "subjectGroupNotes": null,
    "offeringUnitCode": "34",
    "offeringUnitTitle": null,
    "title": "INFO SYST FOR HLTH",
    "courseDescription": null,
    "preReqNotes": "(34:501:501 )<em> AND </em>(34:501:515 )",
    "sections": [
      {
        "sectionEligibility": null,
        "sessionDatePrintIndicator": "N",
        "examCode": "A",
        "specialPermissionAddCode": null,
        "crossListedSections": [],
        "sectionNotes": "NON-MATRIC FOR SP# CONTACT:GRADSP@EJB.RUTGERS.EDU",
        "specialPermissionDropCode": null,
        "instructors": [
          {
            "name": "MOHAMED, MAGED"
          }
        ],
        "number": "90",
        "majors": [
          {
            "code": "34",
            "isUnitCode": true,
            "isMajorCode": false
          },
          {
            "code": "501",
            "isUnitCode": false,
            "isMajorCode": true
          }
        ],
        "sessionDates": null,
        "specialPermissionDropCodeDescription": null,
        "subtopic": null,
        "openStatus": false,
        "comments": [
          {
            "code": "56",
            "description": "Online Course"
          },
          {
            "code": "05",
            "description": "Go to http://canvas.rutgers.edu"
          }
        ],
        "minors": [],
        "campusCode": "NB",
        "index": "17271",
        "unitMajors": [
          {
            "unitCode": "34",
            "majorCode": "501"
          }
        ],
        "printed": "Y",
        "specialPermissionAddCodeDescription": null,
        "subtitle": null,
        "meetingTimes": [
          {
            "campusLocation": "O",
            "baClassHours": null,
            "roomNumber": null,
            "pmCode": "P",
            "campusAbbrev": "**",
            "campusName": "** INVALID **",
            "meetingDay": "M",
            "buildingCode": null,
            "startTime": "0600",
            "endTime": "0900",
            "meetingModeDesc": "ONLINE INSTRUCTION(INTERNET)",
            "meetingModeCode": "90"
          }
        ],
        "legendKey": null,
        "honorPrograms": []
      },
      {
        "sectionEligibility": null,
        "sessionDatePrintIndicator": "Y",
        "examCode": "A",
        "specialPermissionAddCode": null,
        "crossListedSections": [],
        "sectionNotes": null,
        "specialPermissionDropCode": null,
        "instructors": [
          {
            "name": "MOHAMED, MAGED"
          }
        ],
        "number": "91",
        "majors": [
          {
            "code": "501",
            "isUnitCode": false,
            "isMajorCode": true
          },
          {
            "code": "34",
            "isUnitCode": true,
            "isMajorCode": false
          }
        ],
        "sessionDates": null,
        "specialPermissionDropCodeDescription": null,
        "subtopic": null,
        "openStatus": true,
        "comments": [],
        "minors": [],
        "campusCode": "NB",
        "index": "19028",
        "unitMajors": [],
        "printed": "Y",
        "specialPermissionAddCodeDescription": null,
        "subtitle": null,
        "meetingTimes": [
          {
            "campusLocation": "O",
            "baClassHours": null,
            "roomNumber": null,
            "pmCode": "P",
            "campusAbbrev": "**",
            "campusName": "** INVALID **",
            "meetingDay": "W",
            "buildingCode": null,
            "startTime": "0600",
            "endTime": "0900",
            "meetingModeDesc": "LEC",
            "meetingModeCode": "02"
          }
        ],
        "legendKey": null,
        "honorPrograms": []
      }
    ],
    "supplementCode": "  ",
    "credits": 3,
    "unitNotes": null,
    "coreCodes": [],
    "courseNotes": null,
    "expandedTitle": "INFORMATION SYSTEMS FOR HEALTH CARE                                             "
  },
  {
    "subjectNotes": null,
    "courseNumber": "571",
    "subject": "501",
    "campusCode": "NB",
    "openSections": 2,
    "synopsisUrl": "https://bloustein.rutgers.edu/graduate/health-administration/",
    "subjectGroupNotes": null,
    "offeringUnitCode": "34",
    "offeringUnitTitle": null,
    "title": "FIN HEALTH ADMIN",
    "courseDescription": null,
    "preReqNotes": "(34:501:501 )<em> AND </em>(34:501:515 )",
    "sections": [
      {
        "sectionEligibility": null,
        "sessionDatePrintIndicator": "N",
        "examCode": "A",
        "specialPermissionAddCode": null,
        "crossListedSections": [],
        "sectionNotes": "NON-MATRIC FOR SP# CONTACT:GRADSP@EJB.RUTGERS.EDU",
        "specialPermissionDropCode": null,
        "instructors": [
          {
            "name": "KAYE, JANE"
          }
        ],
        "number": "01",
        "majors": [
          {
            "code": "34",
            "isUnitCode": true,
            "isMajorCode": false
          },
          {
            "code": "501",
            "isUnitCode": false,
            "isMajorCode": true
          }
        ],
        "sessionDates": null,
        "specialPermissionDropCodeDescription": null,
        "subtopic": null,
        "openStatus": true,
        "comments": [
          {
            "code": "05",
            "description": "Go to http://canvas.rutgers.edu"
          }
        ],
        "minors": [],
        "campusCode": "NB",
        "index": "17273",
        "unitMajors": [
          {
            "unitCode": "34",
            "majorCode": "501"
          }
        ],
        "printed": "Y",
        "specialPermissionAddCodeDescription": null,
        "subtitle": null,
        "meetingTimes": [
          {
            "campusLocation": "5",
            "baClassHours": null,
            "roomNumber": "253",
            "pmCode": "P",
            "campusAbbrev": "DNB",
            "campusName": "DOWNTOWN NB",
            "meetingDay": "TH",
            "buildingCode": "CSB",
            "startTime": "0600",
            "endTime": "0900",
            "meetingModeDesc": "LEC",
            "meetingModeCode": "02"
          }
        ],
        "legendKey": null,
        "honorPrograms": []
      },
      {
        "sectionEligibility": null,
        "sessionDatePrintIndicator": "N",
        "examCode": "A",
        "specialPermissionAddCode": null,
        "crossListedSections": [],
        "sectionNotes": "NON-MATRIC FOR SP# CONTACT:GRADSP@EJB.RUTGERS.EDU",
        "specialPermissionDropCode": null,
        "instructors": [
          {
            "name": "ANGLE, JAMES"
          }
        ],
        "number": "90",
        "majors": [
          {
            "code": "34",
            "isUnitCode": true,
            "isMajorCode": false
          },
          {
            "code": "501",
            "isUnitCode": false,
            "isMajorCode": true
          }
        ],
        "sessionDates": null,
        "specialPermissionDropCodeDescription": null,
        "subtopic": null,
        "openStatus": true,
        "comments": [
          {
            "code": "05",
            "description": "Go to http://canvas.rutgers.edu"
          },
          {
            "code": "56",
            "description": "Online Course"
          }
        ],
        "minors": [],
        "campusCode": "NB",
        "index": "17274",
        "unitMajors": [
          {
            "unitCode": "34",
            "majorCode": "501"
          }
        ],
        "printed": "Y",
        "specialPermissionAddCodeDescription": null,
        "subtitle": null,
        "meetingTimes": [
          {
            "campusLocation": "O",
            "baClassHours": null,
            "roomNumber": null,
            "pmCode": "P",
            "campusAbbrev": "**",
            "campusName": "** INVALID **",
            "meetingDay": "W",
            "buildingCode": null,
            "startTime": "0600",
            "endTime": "0900",
            "meetingModeDesc": "ONLINE INSTRUCTION(INTERNET)",
            "meetingModeCode": "90"
          }
        ],
        "legendKey": null,
        "honorPrograms": []
      }
    ],
    "supplementCode": "  ",
    "credits": 3,
    "unitNotes": null,
    "coreCodes": [],
    "courseNotes": null,
    "expandedTitle": "FINANCE FOR HEALTH ADMINISTRATION                                               "
  },
  {
    "subjectNotes": null,
    "courseNumber": "590",
    "subject": "501",
    "campusCode": "NB",
    "openSections": 1,
    "synopsisUrl": "https://bloustein.rutgers.edu/graduate/health-administration/",
    "subjectGroupNotes": null,
    "offeringUnitCode": "34",
    "offeringUnitTitle": null,
    "title": "LDRSHP/PROF DEVEL",
    "courseDescription": null,
    "preReqNotes": "((34:501:563  or 34:501:571 ) and (34:501:533 ))",
    "sections": [
      {
        "sectionEligibility": null,
        "sessionDatePrintIndicator": "N",
        "examCode": "A",
        "specialPermissionAddCode": "03",
        "crossListedSections": [],
        "sectionNotes": "18 CREDITS OR MORE TOWARD MAJORMUST BE COMPLETED",
        "specialPermissionDropCode": null,
        "instructors": [
          {
            "name": "KRUM, SUSAN"
          }
        ],
        "number": "90",
        "majors": [
          {
            "code": "34",
            "isUnitCode": true,
            "isMajorCode": false
          },
          {
            "code": "501",
            "isUnitCode": false,
            "isMajorCode": true
          }
        ],
        "sessionDates": null,
        "specialPermissionDropCodeDescription": null,
        "subtopic": null,
        "openStatus": true,
        "comments": [
          {
            "code": "56",
            "description": "Online Course"
          },
          {
            "code": "05",
            "description": "Go to http://canvas.rutgers.edu"
          }
        ],
        "minors": [],
        "campusCode": "NB",
        "index": "17276",
        "unitMajors": [
          {
            "unitCode": "34",
            "majorCode": "501"
          }
        ],
        "printed": "Y",
        "specialPermissionAddCodeDescription": "Department staff",
        "subtitle": null,
        "meetingTimes": [
          {
            "campusLocation": "O",
            "baClassHours": null,
            "roomNumber": null,
            "pmCode": "P",
            "campusAbbrev": "**",
            "campusName": "** INVALID **",
            "meetingDay": "T",
            "buildingCode": null,
            "startTime": "0600",
            "endTime": "0900",
            "meetingModeDesc": "ONLINE INSTRUCTION(INTERNET)",
            "meetingModeCode": "90"
          }
        ],
        "legendKey": null,
        "honorPrograms": []
      }
    ],
    "supplementCode": "  ",
    "credits": 3,
    "unitNotes": null,
    "coreCodes": [],
    "courseNotes": null,
    "expandedTitle": "LEADERSHIP AND PROFESSIONAL DEVELOPMENT                                         "
  },
  {
    "subjectNotes": null,
    "courseNumber": "595",
    "subject": "501",
    "campusCode": "NB",
    "openSections": 1,
    "synopsisUrl": "https://bloustein.rutgers.edu/graduate/health-administration/",
    "subjectGroupNotes": null,
    "offeringUnitCode": "34",
    "offeringUnitTitle": null,
    "title": "PROF PRACT WITH SEM",
    "courseDescription": null,
    "preReqNotes": "(34:501:590 )<em> AND </em>(34:501:563 )<em> AND </em>(34:501:571 )",
    "sections": [
      {
        "sectionEligibility": null,
        "sessionDatePrintIndicator": "N",
        "examCode": "A",
        "specialPermissionAddCode": "03",
        "crossListedSections": [],
        "sectionNotes": null,
        "specialPermissionDropCode": null,
        "instructors": [
          {
            "name": "CIRNE-NEVES"
          }
        ],
        "number": "01",
        "majors": [
          {
            "code": "501",
            "isUnitCode": false,
            "isMajorCode": true
          },
          {
            "code": "34",
            "isUnitCode": true,
            "isMajorCode": false
          }
        ],
        "sessionDates": null,
        "specialPermissionDropCodeDescription": null,
        "subtopic": null,
        "openStatus": false,
        "comments": [
          {
            "code": "05",
            "description": "Go to http://canvas.rutgers.edu"
          }
        ],
        "minors": [],
        "campusCode": "NB",
        "index": "17277",
        "unitMajors": [
          {
            "unitCode": "34",
            "majorCode": "501"
          }
        ],
        "printed": "Y",
        "specialPermissionAddCodeDescription": "Department staff",
        "subtitle": null,
        "meetingTimes": [
          {
            "campusLocation": "5",
            "baClassHours": null,
            "roomNumber": "170",
            "pmCode": "P",
            "campusAbbrev": "DNB",
            "campusName": "DOWNTOWN NB",
            "meetingDay": "W",
            "buildingCode": "CSB",
            "startTime": "0600",
            "endTime": "0900",
            "meetingModeDesc": "LEC",
            "meetingModeCode": "02"
          }
        ],
        "legendKey": null,
        "honorPrograms": []
      },
      {
        "sectionEligibility": null,
        "sessionDatePrintIndicator": "N",
        "examCode": "O",
        "specialPermissionAddCode": "03",
        "crossListedSections": [],
        "sectionNotes": null,
        "specialPermissionDropCode": null,
        "instructors": [
          {
            "name": "CIRNE-NEVES"
          }
        ],
        "number": "02",
        "majors": [],
        "sessionDates": null,
        "specialPermissionDropCodeDescription": null,
        "subtopic": null,
        "openStatus": true,
        "comments": [
          {
            "code": "05",
            "description": "Go to http://canvas.rutgers.edu"
          }
        ],
        "minors": [],
        "campusCode": "NB",
        "index": "17278",
        "unitMajors": [],
        "printed": "Y",
        "specialPermissionAddCodeDescription": "Department staff",
        "subtitle": null,
        "meetingTimes": [
          {
            "campusLocation": "5",
            "baClassHours": null,
            "roomNumber": "253",
            "pmCode": "P",
            "campusAbbrev": "DNB",
            "campusName": "DOWNTOWN NB",
            "meetingDay": "M",
            "buildingCode": "CSB",
            "startTime": "0600",
            "endTime": "0900",
            "meetingModeDesc": "LEC",
            "meetingModeCode": "02"
          }
        ],
        "legendKey": null,
        "honorPrograms": []
      }
    ],
    "supplementCode": "  ",
    "credits": 6,
    "unitNotes": null,
    "coreCodes": [],
    "courseNotes": null,
    "expandedTitle": "PROFESSIONAL INTERNSHIP PRACTICUM                                               "
  },
  {
    "subjectNotes": null,
    "courseNumber": "800",
    "subject": "501",
    "campusCode": "NB",
    "openSections": 1,
    "synopsisUrl": "https://bloustein.rutgers.edu/graduate/health-administration/",
    "subjectGroupNotes": null,
    "offeringUnitCode": "34",
    "offeringUnitTitle": null,
    "title": "MATRIC CONT",
    "courseDescription": null,
    "preReqNotes": null,
    "sections": [
      {
        "sectionEligibility": null,
        "sessionDatePrintIndicator": "N",
        "examCode": "O",
        "specialPermissionAddCode": "03",
        "crossListedSections": [],
        "sectionNotes": null,
        "specialPermissionDropCode": null,
        "instructors": [],
        "number": "01",
        "majors": [
          {
            "code": "501",
            "isUnitCode": false,
            "isMajorCode": true
          },
          {
            "code": "34",
            "isUnitCode": true,
            "isMajorCode": false
          }
        ],
        "sessionDates": null,
        "specialPermissionDropCodeDescription": null,
        "subtopic": null,
        "openStatus": true,
        "comments": [],
        "minors": [],
        "campusCode": "NB",
        "index": "17279",
        "unitMajors": [],
        "printed": "Y",
        "specialPermissionAddCodeDescription": "Department staff",
        "subtitle": null,
        "meetingTimes": [
          {
            "campusLocation": null,
            "baClassHours": "B",
            "roomNumber": null,
            "pmCode": null,
            "campusAbbrev": null,
            "campusName": null,
            "meetingDay": null,
            "buildingCode": null,
            "startTime": null,
            "endTime": null,
            "meetingModeDesc": "GRADUATE 800-LEVEL",
            "meetingModeCode": "80"
          }
        ],
        "legendKey": null,
        "honorPrograms": []
      }
    ],
    "supplementCode": "  ",
    "credits": null,
    "unitNotes": null,
    "coreCodes": [],
    "courseNotes": null,
    "expandedTitle": "MATRICULATION CONTINUED                                                         "
  }
]