[
  {
    "subjectNotes": null,
    "courseNumber": "515",
    "subject": "765",
    "campusCode": "NB",
    "openSections": 1,
    "synopsisUrl": "https://plantbiology.rutgers.edu/graduate/grad-courses.html",
    "subjectGroupNotes": null,
    "offeringUnitCode": "16",
    "offeringUnitTitle": null,
    "title": "FUNGI & HUMAN HEALTH",
    "courseDescription": null,
    "preReqNotes": null,
    "sections": [
      {
        "sectionEligibility": null,
        "sessionDatePrintIndicator": "N",
        "examCode": "C",
        "specialPermissionAddCode": null,
        "crossListedSections": [
          {
            "courseNumber": "415",
            "supplementCode": "  ",
            "sectionNumber": "01",
            "offeringUnitCampus": "NB",
            "primaryRegistrationIndex": "15577",
            "offeringUnitCode": "11",
            "registrationIndex": "12104",
            "subjectCode": "776"
          }
        ],
        "sectionNotes": null,
        "specialPermissionDropCode": null,
        "instructors": [
          {
            "name": "BENNETT, JOAN"
          }
        ],
        "number": "01",
        "majors": [],
        "sessionDates": null,
        "specialPermissionDropCodeDescription": null,
        "subtopic": null,
        "openStatus": true,
        "comments": [],
        "minors": [],
        "campusCode": "NB",
        "index": "15577",
        "unitMajors": [],
        "printed": "Y",
        "specialPermissionAddCodeDescription": null,
        "subtitle": null,
        "meetingTimes": [
          {
            "campusLocation": "4",
            "baClassHours": null,
            "roomNumber": "205",
            "pmCode": "P",
            "campusAbbrev": "D/C",
            "campusName": "DOUGLAS/COOK",
            "meetingDay": "M",
            "buildingCode": "FNH",
            "startTime": "1210",
            "endTime": "0130",
            "meetingModeDesc": "LEC",
            "meetingModeCode": "02"
          },
          {
            "campusLocation": "4",
            "baClassHours": null,
            "roomNumber": "205",
            "pmCode": "P",
            "campusAbbrev": "D/C",
            "campusName": "DOUGLAS/COOK",
            "meetingDay": "TH",
            "buildingCode": "FNH",
            "startTime": "1210",
            "endTime": "0130",
            "meetingModeDesc": "LEC",
            "meetingModeCode": "02"
          }
        ],
        "legendKey": null,
        "honorPrograms": []
      }
    ],
    "supplementCode": "  ",
    "credits": 3,
    "unitNotes": null,
    "coreCodes": [],
    "courseNotes": null,
    "expandedTitle": "FUNGI & HUMAN HEALTH                                                            "
  },
  {
    "subjectNotes": null,
    "courseNumber": "529",
    "subject": "765",
    "campusCode": "NB",
    "openSections": 1,
    "synopsisUrl": "https://plantbiology.rutgers.edu/graduate/grad-courses.html",
    "subjectGroupNotes": null,
    "offeringUnitCode": "16",
    "offeringUnitTitle": null,
    "title": "PLANT BREEDING",
    "courseDescription": null,
    "preReqNotes": null,
    "sections": [
      {
        "sectionEligibility": null,
        "sessionDatePrintIndicator": "N",
        "examCode": "C",
        "specialPermissionAddCode": null,
        "crossListedSections": [
          {
            "courseNumber": "406",
            "supplementCode": "  ",
            "sectionNumber": "01",
            "offeringUnitCampus": "NB",
            "primaryRegistrationIndex": "12103",
            "offeringUnitCode": "11",
            "registrationIndex": "12102",
            "subjectCode": "776"
          }
        ],
        "sectionNotes": null,
        "specialPermissionDropCode": null,
        "instructors": [
          {
            "name": "BONOS, STACY"
          },
          {
            "name": "SIDELI, GINA"
          }
        ],
        "number": "01",
        "majors": [],
        "sessionDates": null,
        "specialPermissionDropCodeDescription": null,
        "subtopic": null,
        "openStatus": true,
        "comments": [],
        "minors": [],
        "campusCode": "NB",
        "index": "12103",
        "unitMajors": [],
        "printed": "Y",
        "specialPermissionAddCodeDescription": null,
        "subtitle": null,
        "meetingTimes": [
          {
            "campusLocation": "4",
            "baClassHours": null,
            "roomNumber": "115",
            "pmCode": "P",
            "campusAbbrev": "D/C",
            "campusName": "DOUGLAS/COOK",
            "meetingDay": "TH",
            "buildingCode": "FG",
            "startTime": "1210",
            "endTime": "0130",
            "meetingModeDesc": "LEC",
            "meetingModeCode": "02"
          },
          {
            "campusLocation": "4",
            "baClassHours": null,
            "roomNumber": "115",
            "pmCode": "P",
            "campusAbbrev": "D/C",
            "campusName": "DOUGLAS/COOK",
            "meetingDay": "T",
            "buildingCode": "FG",
            "startTime": "1210",
            "endTime": "0310",
            "meetingModeDesc": "LAB",
            "meetingModeCode": "05"
          },
          {
            "campusLocation": "4",
            "baClassHours": null,
            "roomNumber": "115",
            "pmCode": "P",
            "campusAbbrev": "D/C",
            "campusName": "DOUGLAS/COOK",
            "meetingDay": "M",
            "buildingCode": "FG",
            "startTime": "1210",
            "endTime": "0130",
            "meetingModeDesc": "LEC",
            "meetingModeCode": "02"
          }
        ],
        "legendKey": null,
        "honorPrograms": []
      }
    ],
    "supplementCode": "  ",
    "credits": 4,
    "unitNotes": null,
    "coreCodes": [],
    "courseNotes": null,
    "expandedTitle": null
  },
  {
    "subjectNotes": null,
    "courseNumber": "533",
    "subject": "765",
    "campusCode": "NB",
    "openSections": 1,
    "synopsisUrl": "https://plantbiology.rutgers.edu/graduate/grad-courses.html",
    "subjectGroupNotes": null,
    "offeringUnitCode": "16",
    "offeringUnitTitle": null,
    "title": "ADVANCED MYCOLOGY",
    "courseDescription": null,
    "preReqNotes": null,
    "sections": [
      {
        "sectionEligibility": null,
        "sessionDatePrintIndicator": "N",
        "examCode": "A",
        "specialPermissionAddCode": null,
        "crossListedSections": [],
        "sectionNotes": null,
        "specialPermissionDropCode": null,
        "instructors": [
          {
            "name": "WHITE, JAMES"
          }
        ],
        "number": "01",
        "majors": [],
        "sessionDates": null,
        "specialPermissionDropCodeDescription": null,
        "subtopic": null,
        "openStatus": true,
        "comments": [],
        "minors": [],
        "campusCode": "NB",
        "index": "15578",
        "unitMajors": [],
        "printed": "Y",
        "specialPermissionAddCodeDescription": null,
        "subtitle": null,
        "meetingTimes": [
          {
            "campusLocation": "4",
            "baClassHours": null,
            "roomNumber": "194",
            "pmCode": "A",
            "campusAbbrev": "D/C",
            "campusName": "DOUGLAS/COOK",
            "meetingDay": "TH",
            "buildingCode": "FOR",
            "startTime": "1020",
            "endTime": "1140",
            "meetingModeDesc": "LEC",
            "meetingModeCode": "02"
          },
          {
            "campusLocation": "4",
            "baClassHours": null,
            "roomNumber": "194",
            "pmCode": "A",
            "campusAbbrev": "D/C",
            "campusName": "DOUGLAS/COOK",
            "meetingDay": "M",
            "buildingCode": "FOR",
            "startTime": "1020",
            "endTime": "1140",
            "meetingModeDesc": "LEC",
            "meetingModeCode": "02"
          }
        ],
        "legendKey": null,
        "honorPrograms": []
      }
    ],
    "supplementCode": "  ",
    "credits": 3,
    "unitNotes": null,
    "coreCodes": [],
    "courseNotes": null,
    "expandedTitle": null
  },
  {
    "subjectNotes": null,
    "courseNumber": "539",
    "subject": "765",
    "campusCode": "NB",
    "openSections": 1,
    "synopsisUrl": "https://plantbiology.rutgers.edu/graduate/grad-courses.html",
    "subjectGroupNotes": null,
    "offeringUnitCode": "16",
    "offeringUnitTitle": null,
    "title": "ADV TECHNO IN BIOSCI",
    "courseDescription": null,
    "preReqNotes": null,
    "sections": [
      {
        "sectionEligibility": null,
        "sessionDatePrintIndicator": "N",
        "examCode": "C",
        "specialPermissionAddCode": null,
        "crossListedSections": [
          {
            "courseNumber": "444",
            "supplementCode": "  ",
            "sectionNumber": "01",
            "offeringUnitCampus": "NB",
            "primaryRegistrationIndex": "15579",
            "offeringUnitCode": "11",
            "registrationIndex": "11696",
            "subjectCode": "126"
          }
        ],
        "sectionNotes": null,
        "specialPermissionDropCode": null,
        "instructors": [
          {
            "name": "PIERCE, MICHAEL"
          },
          {
            "name": "TUMER, NILGUN"
          }
        ],
        "number": "01",
        "majors": [],
        "sessionDates": null,
        "specialPermissionDropCodeDescription": null,
        "subtopic": null,
        "openStatus": true,
        "comments": [],
        "minors": [],
        "campusCode": "NB",
        "index": "15579",
        "unitMajors": [],
        "printed": "Y",
        "specialPermissionAddCodeDescription": null,
        "subtitle": null,
        "meetingTimes": [
          {
            "campusLocation": "4",
            "baClassHours": null,
            "roomNumber": "138B",
            "pmCode": "P",
            "campusAbbrev": "D/C",
            "campusName": "DOUGLAS/COOK",
            "meetingDay": "T",
            "buildingCode": "FOR",
            "startTime": "0200",
            "endTime": "0320",
            "meetingModeDesc": "LEC",
            "meetingModeCode": "02"
          },
          {
            "campusLocation": "4",
            "baClassHours": null,
            "roomNumber": "138B",
            "pmCode": "P",
            "campusAbbrev": "D/C",
            "campusName": "DOUGLAS/COOK",
            "meetingDay": "TH",
            "buildingCode": "FOR",
            "startTime": "0200",
            "endTime": "0320",
            "meetingModeDesc": "LEC",
            "meetingModeCode": "02"
          }
        ],
        "legendKey": null,
        "honorPrograms": []
      }
    ],
    "supplementCode": "  ",
    "credits": 3,
    "unitNotes": null,
    "coreCodes": [],
    "courseNotes": null,
    "expandedTitle": "ADVANCED TECHNOLOGIES IN BIOSCIENCE                                             "
  },
  {
    "subjectNotes": null,
    "courseNumber": "602",
    "subject": "765",
    "campusCode": "NB",
    "openSections": 1,
    "synopsisUrl": "https://plantbiology.rutgers.edu/graduate/grad-courses.html",
    "subjectGroupNotes": null,
    "offeringUnitCode": "16",
    "offeringUnitTitle": null,
    "title": "PROBS PLANT BIOLOGY",
    "courseDescription": null,
    "preReqNotes": null,
    "sections": [
      {
        "sectionEligibility": null,
        "sessionDatePrintIndicator": "N",
        "examCode": "A",
        "specialPermissionAddCode": "03",
        "crossListedSections": [],
        "sectionNotes": null,
        "specialPermissionDropCode": null,
        "instructors": [
          {
            "name": "HUANG, BINGRU"
          }
        ],
        "number": "01",
        "majors": [],
        "sessionDates": null,
        "specialPermissionDropCodeDescription": null,
        "subtopic": null,
        "openStatus": true,
        "comments": [],
        "minors": [],
        "campusCode": "NB",
        "index": "15580",
        "unitMajors": [],
        "printed": "Y",
        "specialPermissionAddCodeDescription": "Department staff",
        "subtitle": null,
        "meetingTimes": [
          {
            "campusLocation": null,
            "baClassHours": "B",
            "roomNumber": null,
            "pmCode": null,
            "campusAbbrev": null,
            "campusName": null,
            "meetingDay": null,
            "buildingCode": null,
            "startTime": null,
            "endTime": null,
            "meetingModeDesc": "LEC",
            "meetingModeCode": "02"
          }
        ],
        "legendKey": null,
        "honorPrograms": []
      }
    ],
    "supplementCode": "  ",
    "credits": null,
    "unitNotes": null,
    "coreCodes": [],
    "courseNotes": null,
    "expandedTitle": null
  },
  {
    "subjectNotes": null,
    "courseNumber": "604",
    "subject": "765",
    "campusCode": "NB",
    "openSections": 2,
    "synopsisUrl": "https://plantbiology.rutgers.edu/graduate/grad-courses.html",
    "subjectGroupNotes": null,
    "offeringUnitCode": "16",
    "offeringUnitTitle": null,
    "title": "SEL TPCS PLANT BIOL",
    "courseDescription": null,
    "preReqNotes": null,
    "sections": [
      {
        "sectionEligibility": null,
        "sessionDatePrintIndicator": "N",
        "examCode": "A",
        "specialPermissionAddCode": "03",
        "crossListedSections": [],
        "sectionNotes": null,
        "specialPermissionDropCode": null,
        "instructors": [
          {
            "name": "HUANG, BINGRU"
          }
        ],
        "number": "01",
        "majors": [],
        "sessionDates": null,
        "specialPermissionDropCodeDescription": null,
        "subtopic": null,
        "openStatus": true,
        "comments": [],
        "minors": [],
        "campusCode": "NB",
        "index": "15581",
        "unitMajors": [],
        "printed": "Y",
        "specialPermissionAddCodeDescription": "Department staff",
        "subtitle": null,
        "meetingTimes": [
          {
            "campusLocation": null,
            "baClassHours": "B",
            "roomNumber": null,
            "pmCode": null,
            "campusAbbrev": null,
            "campusName": null,
            "meetingDay": null,
            "buildingCode": null,
            "startTime": null,
            "endTime": null,
            "meetingModeDesc": "LEC",
            "meetingModeCode": "02"
          }
        ],
        "legendKey": null,
        "honorPrograms": []
      },
      {
        "sectionEligibility": null,
        "sessionDatePrintIndicator": "N",
        "examCode": "A",
        "specialPermissionAddCode": "03",
        "crossListedSections": [],
        "sectionNotes": null,
        "specialPermissionDropCode": null,
        "instructors": [
          {
            "name": "HUANG, BINGRU"
          }
        ],
        "number": "02",
        "majors": [],
        "sessionDates": null,
        "specialPermissionDropCodeDescription": null,
        "subtopic": null,
        "openStatus": true,
        "comments": [],
        "minors": [],
        "campusCode": "NB",
        "index": "15582",
        "unitMajors": [],
        "printed": "Y",
        "specialPermissionAddCodeDescription": "Department staff",
        "subtitle": null,
        "meetingTimes": [
          {
            "campusLocation": null,
            "baClassHours": "B",
            "roomNumber": null,
            "pmCode": null,
            "campusAbbrev": null,
            "campusName": null,
            "meetingDay": null,
            "buildingCode": null,
            "startTime": null,
            "endTime": null,
            "meetingModeDesc": "LEC",
            "meetingModeCode": "02"
          }
        ],
        "legendKey": null,
        "honorPrograms": []
      }
    ],
    "supplementCode": "  ",
    "credits": null,
    "unitNotes": null,
    "coreCodes": [],
    "courseNotes": null,
    "expandedTitle": null
  },
  {
    "subjectNotes": null,
    "courseNumber": "621",
    "subject": "765",
    "campusCode": "NB",
    "openSections": 1,
    "synopsisUrl": "https://plantbiology.rutgers.edu/graduate/grad-courses.html",
    "subjectGroupNotes": null,
    "offeringUnitCode": "16",
    "offeringUnitTitle": null,
    "title": "CORE SEM PLANT BIO I",
    "courseDescription": null,
    "preReqNotes": null,
    "sections": [
      {
        "sectionEligibility": null,
        "sessionDatePrintIndicator": "N",
        "examCode": "O",
        "specialPermissionAddCode": null,
        "crossListedSections": [],
        "sectionNotes": "1ST SESSION",
        "specialPermissionDropCode": null,
        "instructors": [
          {
            "name": "DONG, JUAN"
          }
        ],
        "number": "M1",
        "majors": [],
        "sessionDates": null,
        "specialPermissionDropCodeDescription": null,
        "subtopic": null,
        "openStatus": true,
        "comments": [
          {
            "code": "12",
            "description": "First 7 weeks"
          }
        ],
        "minors": [],
        "campusCode": "NB",
        "index": "15583",
        "unitMajors": [],
        "printed": "Y",
        "specialPermissionAddCodeDescription": null,
        "subtitle": null,
        "meetingTimes": [
          {
            "campusLocation": "4",
            "baClassHours": null,
            "roomNumber": "138A",
            "pmCode": "P",
            "campusAbbrev": "D/C",
            "campusName": "DOUGLAS/COOK",
            "meetingDay": "F",
            "buildingCode": "FOR",
            "startTime": "1210",
            "endTime": "0310",
            "meetingModeDesc": "SEM",
            "meetingModeCode": "04"
          },
          {
            "campusLocation": "4",
            "baClassHours": null,
            "roomNumber": "138A",
            "pmCode": "P",
            "campusAbbrev": "D/C",
            "campusName": "DOUGLAS/COOK",
            "meetingDay": "M",
            "buildingCode": "FOR",
            "startTime": "1210",
            "endTime": "0130",
            "meetingModeDesc": "LEC",
            "meetingModeCode": "02"
          }
        ],
        "legendKey": null,
        "honorPrograms": []
      }
    ],
    "supplementCode": "  ",
    "credits": 1,
    "unitNotes": null,
    "coreCodes": [],
    "courseNotes": null,
    "expandedTitle": "CORE SEMINAR IN PLANT BIOLOGY I                                                 "
  },
  {
    "subjectNotes": null,
    "courseNumber": "625",
    "subject": "765",
    "campusCode": "NB",
    "openSections": 1,
    "synopsisUrl": "https://plantbiology.rutgers.edu/graduate/grad-courses.html",
    "subjectGroupNotes": null,
    "offeringUnitCode": "16",
    "offeringUnitTitle": null,
    "title": "CORE SEM PLANT BIO V",
    "courseDescription": null,
    "preReqNotes": null,
    "sections": [
      {
        "sectionEligibility": null,
        "sessionDatePrintIndicator": "N",
        "examCode": "O",
        "specialPermissionAddCode": null,
        "crossListedSections": [],
        "sectionNotes": null,
        "specialPermissionDropCode": null,
        "instructors": [
          {
            "name": "SIMON, JAMES"
          },
          {
            "name": "BENNETT, JOAN"
          }
        ],
        "number": "MA",
        "majors": [],
        "sessionDates": null,
        "specialPermissionDropCodeDescription": null,
        "subtopic": null,
        "openStatus": true,
        "comments": [
          {
            "code": "13",
            "description": "Second 7 weeks"
          }
        ],
        "minors": [],
        "campusCode": "NB",
        "index": "15584",
        "unitMajors": [],
        "printed": "Y",
        "specialPermissionAddCodeDescription": null,
        "subtitle": null,
        "meetingTimes": [
          {
            "campusLocation": "4",
            "baClassHours": null,
            "roomNumber": "101",
            "pmCode": "P",
            "campusAbbrev": "D/C",
            "campusName": "DOUGLAS/COOK",
            "meetingDay": "T",
            "buildingCode": "FNH",
            "startTime": "1210",
            "endTime": "0130",
            "meetingModeDesc": "LEC",
            "meetingModeCode": "02"
          },
          {
            "campusLocation": "4",
            "baClassHours": null,
            "roomNumber": "138A",
            "pmCode": "P",
            "campusAbbrev": "D/C",
            "campusName": "DOUGLAS/COOK",
            "meetingDay": "F",
            "buildingCode": "FOR",
            "startTime": "1210",
            "endTime": "0310",
            "meetingModeDesc": "SEM",
            "meetingModeCode": "04"
          }
        ],
        "legendKey": null,
        "honorPrograms": []
      }
    ],
    "supplementCode": "  ",
    "credits": 1,
    "unitNotes": null,
    "coreCodes": [],
    "courseNotes": null,
    "expandedTitle": "CORE SEMINAR IN PLANT BIOLOGY V                                                 "
  },
  {
    "subjectNotes": null,
    "courseNumber": "699",
    "subject": "765",
    "campusCode": "NB",
    "openSections": 1,
    "synopsisUrl": "https://plantbiology.rutgers.edu/graduate/grad-courses.html",
    "subjectGroupNotes": null,
    "offeringUnitCode": "16",
    "offeringUnitTitle": null,
    "title": "NON-THESIS STUDY",
    "courseDescription": null,
    "preReqNotes": null,
    "sections": [
      {
        "sectionEligibility": null,
        "sessionDatePrintIndicator": "N",
        "examCode": "A",
        "specialPermissionAddCode": "03",
        "crossListedSections": [],
        "sectionNotes": null,
        "specialPermissionDropCode": null,
        "instructors": [
          {
            "name": "HUANG, BINGRU"
          }
        ],
        "number": "01",
        "majors": [],
        "sessionDates": null,
        "specialPermissionDropCodeDescription": null,
        "subtopic": null,
        "openStatus": true,
        "comments": [],
        "minors": [],
        "campusCode": "NB",
        "index": "15585",
        "unitMajors": [],
        "printed": "Y",
        "specialPermissionAddCodeDescription": "Department staff",
        "subtitle": null,
        "meetingTimes": [
          {
            "campusLocation": null,
            "baClassHours": "B",
            "roomNumber": null,
            "pmCode": null,
            "campusAbbrev": null,
            "campusName": null,
            "meetingDay": null,
            "buildingCode": null,
            "startTime": null,
            "endTime": null,
            "meetingModeDesc": "PROJ-IND",
            "meetingModeCode": "19"
          }
        ],
        "legendKey": null,
        "honorPrograms": []
      }
    ],
    "supplementCode": "  ",
    "credits": 1,
    "unitNotes": null,
    "coreCodes": [],
    "courseNotes": null,
    "expandedTitle": null
  },
  {
    "subjectNotes": null,
    "courseNumber": "702",
    "subject": "765",
    "campusCode": "NB",
    "openSections": 32,
    "synopsisUrl": "https://plantbiology.rutgers.edu/graduate/grad-courses.html",
    "subjectGroupNotes": null,
    "offeringUnitCode": "16",
    "offeringUnitTitle": null,
    "title": "RSRCH PLANT BIOLOGY",
    "courseDescription": null,
    "preReqNotes": null,
    "sections": [
      {
        "sectionEligibility": null,
        "sessionDatePrintIndicator": "N",
        "examCode": "O",
        "specialPermissionAddCode": null,
        "crossListedSections": [],
        "sectionNotes": null,
        "specialPermissionDropCode": null,
        "instructors": [
          {
            "name": "BELANGER, FAITH"
          }
        ],
        "number": "B1",
        "majors": [],
        "sessionDates": null,
        "specialPermissionDropCodeDescription": null,
        "subtopic": null,
        "openStatus": true,
        "comments": [],
        "minors": [],
        "campusCode": "NB",
        "index": "15586",
        "unitMajors": [],
        "printed": "Y",
        "specialPermissionAddCodeDescription": null,
        "subtitle": null,
        "meetingTimes": [
          {
            "campusLocation": null,
            "baClassHours": "B",
            "roomNumber": null,
            "pmCode": null,
            "campusAbbrev": null,
            "campusName": null,
            "meetingDay": null,
            "buildingCode": null,
            "startTime": null,
            "endTime": null,
            "meetingModeDesc": "RSCH-MA",
            "meetingModeCode": "23"
          }
        ],
        "legendKey": null,
        "honorPrograms": []
      },
      {
        "sectionEligibility": null,
        "sessionDatePrintIndicator": "N",
        "examCode": "O",
        "specialPermissionAddCode": null,
        "crossListedSections": [],
        "sectionNotes": null,
        "specialPermissionDropCode": null,
        "instructors": [
          {
            "name": "BONOS, STACY"
          }
        ],
        "number": "B2",
        "majors": [],
        "sessionDates": null,
        "specialPermissionDropCodeDescription": null,
        "subtopic": null,
        "openStatus": true,
        "comments": [],
        "minors": [],
        "campusCode": "NB",
        "index": "15587",
        "unitMajors": [],
        "printed": "Y",
        "specialPermissionAddCodeDescription": null,
        "subtitle": null,
        "meetingTimes": [
          {
            "campusLocation": null,
            "baClassHours": "B",
            "roomNumber": null,
            "pmCode": null,
            "campusAbbrev": null,
            "campusName": null,
            "meetingDay": null,
            "buildingCode": null,
            "startTime": null,
            "endTime": null,
            "meetingModeDesc": "RSCH-MA",
            "meetingModeCode": "23"
          }
        ],
        "legendKey": null,
        "honorPrograms": []
      },
      {
        "sectionEligibility": null,
        "sessionDatePrintIndicator": "N",
        "examCode": "O",
        "specialPermissionAddCode": null,
        "crossListedSections": [],
        "sectionNotes": null,
        "specialPermissionDropCode": null,
        "instructors": [
          {
            "name": "BENNETT, JOAN"
          }
        ],
        "number": "B4",
        "majors": [],
        "sessionDates": null,
        "specialPermissionDropCodeDescription": null,
        "subtopic": null,
        "openStatus": true,
        "comments": [],
        "minors": [],
        "campusCode": "NB",
        "index": "15588",
        "unitMajors": [],
        "printed": "Y",
        "specialPermissionAddCodeDescription": null,
        "subtitle": null,
        "meetingTimes": [
          {
            "campusLocation": null,
            "baClassHours": "B",
            "roomNumber": null,
            "pmCode": null,
            "campusAbbrev": null,
            "campusName": null,
            "meetingDay": null,
            "buildingCode": null,
            "startTime": null,
            "endTime": null,
            "meetingModeDesc": "RSCH-MA",
            "meetingModeCode": "23"
          }
        ],
        "legendKey": null,
        "honorPrograms": []
      },
      {
        "sectionEligibility": null,
        "sessionDatePrintIndicator": "N",
        "examCode": "O",
        "specialPermissionAddCode": null,
        "crossListedSections": [],
        "sectionNotes": null,
        "specialPermissionDropCode": null,
        "instructors": [
          {
            "name": "BOTH, AREND-JAN"
          }
        ],
        "number": "B5",
        "majors": [],
        "sessionDates": null,
        "specialPermissionDropCodeDescription": null,
        "subtopic": null,
        "openStatus": true,
        "comments": [],
        "minors": [],
        "campusCode": "NB",
        "index": "15589",
        "unitMajors": [],
        "printed": "Y",
        "specialPermissionAddCodeDescription": null,
        "subtitle": null,
        "meetingTimes": [
          {
            "campusLocation": null,
            "baClassHours": "B",
            "roomNumber": null,
            "pmCode": null,
            "campusAbbrev": null,
            "campusName": null,
            "meetingDay": null,
            "buildingCode": null,
            "startTime": null,
            "endTime": null,
            "meetingModeDesc": "RSCH-MA",
            "meetingModeCode": "23"
          }
        ],
        "legendKey": null,
        "honorPrograms": []
      },
      {
        "sectionEligibility": null,
        "sessionDatePrintIndicator": "N",
        "examCode": "O",
        "specialPermissionAddCode": null,
        "crossListedSections": [],
        "sectionNotes": null,
        "specialPermissionDropCode": null,
        "instructors": [
          {
            "name": "CABRERA, RAUL"
          }
        ],
        "number": "C1",
        "majors": [],
        "sessionDates": null,
        "specialPermissionDropCodeDescription": null,
        "subtopic": null,
        "openStatus": true,
        "comments": [],
        "minors": [],
        "campusCode": "NB",
        "index": "15590",
        "unitMajors": [],
        "printed": "Y",
        "specialPermissionAddCodeDescription": null,
        "subtitle": null,
        "meetingTimes": [
          {
            "campusLocation": null,
            "baClassHours": "B",
            "roomNumber": null,
            "pmCode": null,
            "campusAbbrev": null,
            "campusName": null,
            "meetingDay": null,
            "buildingCode": null,
            "startTime": null,
            "endTime": null,
            "meetingModeDesc": "RSCH-MA",
            "meetingModeCode": "23"
          }
        ],
        "legendKey": null,
        "honorPrograms": []
      },
      {
        "sectionEligibility": null,
        "sessionDatePrintIndicator": "N",
        "examCode": "O",
        "specialPermissionAddCode": null,
        "crossListedSections": [],
        "sectionNotes": null,
        "specialPermissionDropCode": null,
        "instructors": [
          {
            "name": "DONG, JUAN"
          }
        ],
        "number": "D3",
        "majors": [],
        "sessionDates": null,
        "specialPermissionDropCodeDescription": null,
        "subtopic": null,
        "openStatus": true,
        "comments": [],
        "minors": [],
        "campusCode": "NB",
        "index": "15591",
        "unitMajors": [],
        "printed": "Y",
        "specialPermissionAddCodeDescription": null,
        "subtitle": null,
        "meetingTimes": [
          {
            "campusLocation": null,
            "baClassHours": "B",
            "roomNumber": null,
            "pmCode": null,
            "campusAbbrev": null,
            "campusName": null,
            "meetingDay": null,
            "buildingCode": null,
            "startTime": null,
            "endTime": null,
            "meetingModeDesc": "RSCH-MA",
            "meetingModeCode": "23"
          }
        ],
        "legendKey": null,
        "honorPrograms": []
      },
      {
        "sectionEligibility": null,
        "sessionDatePrintIndicator": "N",
        "examCode": "O",
        "specialPermissionAddCode": null,
        "crossListedSections": [],
        "sectionNotes": null,
        "specialPermissionDropCode": null,
        "instructors": [
          {
            "name": "DI, RONG"
          }
        ],
        "number": "D4",
        "majors": [],
        "sessionDates": null,
        "specialPermissionDropCodeDescription": null,
        "subtopic": null,
        "openStatus": true,
        "comments": [],
        "minors": [],
        "campusCode": "NB",
        "index": "15592",
        "unitMajors": [],
        "printed": "Y",
        "specialPermissionAddCodeDescription": null,
        "subtitle": null,
        "meetingTimes": [
          {
            "campusLocation": null,
            "baClassHours": "B",
            "roomNumber": null,
            "pmCode": null,
            "campusAbbrev": null,
            "campusName": null,
            "meetingDay": null,
            "buildingCode": null,
            "startTime": null,
            "endTime": null,
            "meetingModeDesc": "RSCH-MA",
            "meetingModeCode": "23"
          }
        ],
        "legendKey": null,
        "honorPrograms": []
      },
      {
        "sectionEligibility": null,
        "sessionDatePrintIndicator": "N",
        "examCode": "O",
        "specialPermissionAddCode": null,
        "crossListedSections": [],
        "sectionNotes": null,
        "specialPermissionDropCode": null,
        "instructors": [
          {
            "name": "ELMORE, MATTHEW"
          }
        ],
        "number": "E1",
        "majors": [],
        "sessionDates": null,
        "specialPermissionDropCodeDescription": null,
        "subtopic": null,
        "openStatus": true,
        "comments": [],
        "minors": [],
        "campusCode": "NB",
        "index": "15593",
        "unitMajors": [],
        "printed": "Y",
        "specialPermissionAddCodeDescription": null,
        "subtitle": null,
        "meetingTimes": [
          {
            "campusLocation": null,
            "baClassHours": "B",
            "roomNumber": null,
            "pmCode": null,
            "campusAbbrev": null,
            "campusName": null,
            "meetingDay": null,
            "buildingCode": null,
            "startTime": null,
            "endTime": null,
            "meetingModeDesc": "RSCH-MA",
            "meetingModeCode": "23"
          }
        ],
        "legendKey": null,
        "honorPrograms": []
      },
      {
        "sectionEligibility": null,
        "sessionDatePrintIndicator": "N",
        "examCode": "O",
        "specialPermissionAddCode": null,
        "crossListedSections": [],
        "sectionNotes": null,
        "specialPermissionDropCode": null,
        "instructors": [
          {
            "name": "FALKOWSKI, PAUL"
          }
        ],
        "number": "F1",
        "majors": [],
        "sessionDates": null,
        "specialPermissionDropCodeDescription": null,
        "subtopic": null,
        "openStatus": true,
        "comments": [],
        "minors": [],
        "campusCode": "NB",
        "index": "15594",
        "unitMajors": [],
        "printed": "Y",
        "specialPermissionAddCodeDescription": null,
        "subtitle": null,
        "meetingTimes": [
          {
            "campusLocation": null,
            "baClassHours": "B",
            "roomNumber": null,
            "pmCode": null,
            "campusAbbrev": null,
            "campusName": null,
            "meetingDay": null,
            "buildingCode": null,
            "startTime": null,
            "endTime": null,
            "meetingModeDesc": "RSCH-MA",
            "meetingModeCode": "23"
          }
        ],
        "legendKey": null,
        "honorPrograms": []
      },
      {
        "sectionEligibility": null,
        "sessionDatePrintIndicator": "N",
        "examCode": "O",
        "specialPermissionAddCode": null,
        "crossListedSections": [],
        "sectionNotes": null,
        "specialPermissionDropCode": null,
        "instructors": [
          {
            "name": "GIANFAGNA"
          }
        ],
        "number": "G2",
        "majors": [],
        "sessionDates": null,
        "specialPermissionDropCodeDescription": null,
        "subtopic": null,
        "openStatus": true,
        "comments": [],
        "minors": [],
        "campusCode": "NB",
        "index": "15595",
        "unitMajors": [],
        "printed": "Y",
        "specialPermissionAddCodeDescription": null,
        "subtitle": null,
        "meetingTimes": [
          {
            "campusLocation": null,
            "baClassHours": "B",
            "roomNumber": null,
            "pmCode": null,
            "campusAbbrev": null,
            "campusName": null,
            "meetingDay": null,
            "buildingCode": null,
            "startTime": null,
            "endTime": null,
            "meetingModeDesc": "RSCH-MA",
            "meetingModeCode": "23"
          }
        ],
        "legendKey": null,
        "honorPrograms": []
      },
      {
        "sectionEligibility": null,
        "sessionDatePrintIndicator": "N",
        "examCode": "O",
        "specialPermissionAddCode": null,
        "crossListedSections": [],
        "sectionNotes": null,
        "specialPermissionDropCode": null,
        "instructors": [
          {
            "name": "GALLAVOTTI"
          }
        ],
        "number": "G4",
        "majors": [],
        "sessionDates": null,
        "specialPermissionDropCodeDescription": null,
        "subtopic": null,
        "openStatus": true,
        "comments": [],
        "minors": [],
        "campusCode": "NB",
        "index": "15596",
        "unitMajors": [],
        "printed": "Y",
        "specialPermissionAddCodeDescription": null,
        "subtitle": null,
        "meetingTimes": [
          {
            "campusLocation": null,
            "baClassHours": "B",
            "roomNumber": null,
            "pmCode": null,
            "campusAbbrev": null,
            "campusName": null,
            "meetingDay": null,
            "buildingCode": null,
            "startTime": null,
            "endTime": null,
            "meetingModeDesc": "RSCH-MA",
            "meetingModeCode": "23"
          }
        ],
        "legendKey": null,
        "honorPrograms": []
      },
      {
        "sectionEligibility": null,
        "sessionDatePrintIndicator": "N",
        "examCode": "O",
        "specialPermissionAddCode": null,
        "crossListedSections": [],
        "sectionNotes": null,
        "specialPermissionDropCode": null,
        "instructors": [
          {
            "name": "GRABOSKY, JASON"
          }
        ],
        "number": "G5",
        "majors": [],
        "sessionDates": null,
        "specialPermissionDropCodeDescription": null,
        "subtopic": null,
        "openStatus": true,
        "comments": [],
        "minors": [],
        "campusCode": "NB",
        "index": "15597",
        "unitMajors": [],
        "printed": "Y",
        "specialPermissionAddCodeDescription": null,
        "subtitle": null,
        "meetingTimes": [
          {
            "campusLocation": null,
            "baClassHours": "B",
            "roomNumber": null,
            "pmCode": null,
            "campusAbbrev": null,
            "campusName": null,
            "meetingDay": null,
            "buildingCode": null,
            "startTime": null,
            "endTime": null,
            "meetingModeDesc": "RSCH-MA",
            "meetingModeCode": "23"
          }
        ],
        "legendKey": null,
        "honorPrograms": []
      },
      {
        "sectionEligibility": null,
        "sessionDatePrintIndicator": "N",
        "examCode": "O",
        "specialPermissionAddCode": null,
        "crossListedSections": [],
        "sectionNotes": null,
        "specialPermissionDropCode": null,
        "instructors": [
          {
            "name": "HECKMAN, JOSEPH"
          }
        ],
        "number": "H4",
        "majors": [],
        "sessionDates": null,
        "specialPermissionDropCodeDescription": null,
        "subtopic": null,
        "openStatus": true,
        "comments": [],
        "minors": [],
        "campusCode": "NB",
        "index": "15598",
        "unitMajors": [],
        "printed": "Y",
        "specialPermissionAddCodeDescription": null,
        "subtitle": null,
        "meetingTimes": [
          {
            "campusLocation": null,
            "baClassHours": "B",
            "roomNumber": null,
            "pmCode": null,
            "campusAbbrev": null,
            "campusName": null,
            "meetingDay": null,
            "buildingCode": null,
            "startTime": null,
            "endTime": null,
            "meetingModeDesc": "RSCH-MA",
            "meetingModeCode": "23"
          }
        ],
        "legendKey": null,
        "honorPrograms": []
      },
      {
        "sectionEligibility": null,
        "sessionDatePrintIndicator": "N",
        "examCode": "O",
        "specialPermissionAddCode": null,
        "crossListedSections": [],
        "sectionNotes": null,
        "specialPermissionDropCode": null,
        "instructors": [
          {
            "name": "HILLMAN"
          }
        ],
        "number": "H5",
        "majors": [],
        "sessionDates": null,
        "specialPermissionDropCodeDescription": null,
        "subtopic": null,
        "openStatus": true,
        "comments": [],
        "minors": [],
        "campusCode": "NB",
        "index": "15599",
        "unitMajors": [],
        "printed": "Y",
        "specialPermissionAddCodeDescription": null,
        "subtitle": null,
        "meetingTimes": [
          {
            "campusLocation": null,
            "baClassHours": "B",
            "roomNumber": null,
            "pmCode": null,
            "campusAbbrev": null,
            "campusName": null,
            "meetingDay": null,
            "buildingCode": null,
            "startTime": null,
            "endTime": null,
            "meetingModeDesc": "RSCH-MA",
            "meetingModeCode": "23"
          }
        ],
        "legendKey": null,
        "honorPrograms": []
      },
      {
        "sectionEligibility": null,
        "sessionDatePrintIndicator": "N",
        "examCode": "O",
        "specialPermissionAddCode": null,
        "crossListedSections": [],
        "sectionNotes": null,
        "specialPermissionDropCode": null,
        "instructors": [
          {
            "name": "HUANG, BINGRU"
          }
        ],
        "number": "H7",
        "majors": [],
        "sessionDates": null,
        "specialPermissionDropCodeDescription": null,
        "subtopic": null,
        "openStatus": true,
        "comments": [],
        "minors": [],
        "campusCode": "NB",
        "index": "15600",
        "unitMajors": [],
        "printed": "Y",
        "specialPermissionAddCodeDescription": null,
        "subtitle": null,
        "meetingTimes": [
          {
            "campusLocation": null,
            "baClassHours": "B",
            "roomNumber": null,
            "pmCode": null,
            "campusAbbrev": null,
            "campusName": null,
            "meetingDay": null,
            "buildingCode": null,
            "startTime": null,
            "endTime": null,
            "meetingModeDesc": "RSCH-MA",
            "meetingModeCode": "23"
          }
        ],
        "legendKey": null,
        "honorPrograms": []
      },
      {
        "sectionEligibility": null,
        "sessionDatePrintIndicator": "N",
        "examCode": "O",
        "specialPermissionAddCode": null,
        "crossListedSections": [],
        "sectionNotes": null,
        "specialPermissionDropCode": null,
        "instructors": [
          {
            "name": "KOBAYASHI"
          }
        ],
        "number": "K3",
        "majors": [],
        "sessionDates": null,
        "specialPermissionDropCodeDescription": null,
        "subtopic": null,
        "openStatus": true,
        "comments": [],
        "minors": [],
        "campusCode": "NB",
        "index": "15601",
        "unitMajors": [],
        "printed": "Y",
        "specialPermissionAddCodeDescription": null,
        "subtitle": null,
        "meetingTimes": [
          {
            "campusLocation": null,
            "baClassHours": "B",
            "roomNumber": null,
            "pmCode": null,
            "campusAbbrev": null,
            "campusName": null,
            "meetingDay": null,
            "buildingCode": null,
            "startTime": null,
            "endTime": null,
            "meetingModeDesc": "RSCH-MA",
            "meetingModeCode": "23"
          }
        ],
        "legendKey": null,
        "honorPrograms": []
      },
      {
        "sectionEligibility": null,
        "sessionDatePrintIndicator": "N",
        "examCode": "O",
        "specialPermissionAddCode": null,
        "crossListedSections": [],
        "sectionNotes": null,
        "specialPermissionDropCode": null,
        "instructors": [
          {
            "name": "LAM, ERIC"
          }
        ],
        "number": "L1",
        "majors": [],
        "sessionDates": null,
        "specialPermissionDropCodeDescription": null,
        "subtopic": null,
        "openStatus": true,
        "comments": [],
        "minors": [],
        "campusCode": "NB",
        "index": "15602",
        "unitMajors": [],
        "printed": "Y",
        "specialPermissionAddCodeDescription": null,
        "subtitle": null,
        "meetingTimes": [
          {
            "campusLocation": null,
            "baClassHours": "B",
            "roomNumber": null,
            "pmCode": null,
            "campusAbbrev": null,
            "campusName": null,
            "meetingDay": null,
            "buildingCode": null,
            "startTime": null,
            "endTime": null,
            "meetingModeDesc": "RSCH-MA",
            "meetingModeCode": "23"
          }
        ],
        "legendKey": null,
        "honorPrograms": []
      },
      {
        "sectionEligibility": null,
        "sessionDatePrintIndicator": "N",
        "examCode": "O",
        "specialPermissionAddCode": null,
        "crossListedSections": [],
        "sectionNotes": null,
        "specialPermissionDropCode": null,
        "instructors": [
          {
            "name": "LAWTON, MICHAEL"
          }
        ],
        "number": "L2",
        "majors": [],
        "sessionDates": null,
        "specialPermissionDropCodeDescription": null,
        "subtopic": null,
        "openStatus": true,
        "comments": [],
        "minors": [],
        "campusCode": "NB",
        "index": "15603",
        "unitMajors": [],
        "printed": "Y",
        "specialPermissionAddCodeDescription": null,
        "subtitle": null,
        "meetingTimes": [
          {
            "campusLocation": null,
            "baClassHours": "B",
            "roomNumber": null,
            "pmCode": null,
            "campusAbbrev": null,
            "campusName": null,
            "meetingDay": null,
            "buildingCode": null,
            "startTime": null,
            "endTime": null,
            "meetingModeDesc": "RSCH-MA",
            "meetingModeCode": "23"
          }
        ],
        "legendKey": null,
        "honorPrograms": []
      },
      {
        "sectionEligibility": null,
        "sessionDatePrintIndicator": "N",
        "examCode": "O",
        "specialPermissionAddCode": null,
        "crossListedSections": [],
        "sectionNotes": null,
        "specialPermissionDropCode": null,
        "instructors": [],
        "number": "L3",
        "majors": [],
        "sessionDates": null,
        "specialPermissionDropCodeDescription": null,
        "subtopic": null,
        "openStatus": true,
        "comments": [],
        "minors": [],
        "campusCode": "NB",
        "index": "15604",
        "unitMajors": [],
        "printed": "Y",
        "specialPermissionAddCodeDescription": null,
        "subtitle": null,
        "meetingTimes": [
          {
            "campusLocation": null,
            "baClassHours": "B",
            "roomNumber": null,
            "pmCode": null,
            "campusAbbrev": null,
            "campusName": null,
            "meetingDay": null,
            "buildingCode": null,
            "startTime": null,
            "endTime": null,
            "meetingModeDesc": "RSCH-MA",
            "meetingModeCode": "23"
          }
        ],
        "legendKey": null,
        "honorPrograms": []
      },
      {
        "sectionEligibility": null,
        "sessionDatePrintIndicator": "N",
        "examCode": "O",
        "specialPermissionAddCode": null,
        "crossListedSections": [],
        "sectionNotes": null,
        "specialPermissionDropCode": null,
        "instructors": [
          {
            "name": "MALIGA, PAL"
          }
        ],
        "number": "M2",
        "majors": [],
        "sessionDates": null,
        "specialPermissionDropCodeDescription": null,
        "subtopic": null,
        "openStatus": true,
        "comments": [],
        "minors": [],
        "campusCode": "NB",
        "index": "15605",
        "unitMajors": [],
        "printed": "Y",
        "specialPermissionAddCodeDescription": null,
        "subtitle": null,
        "meetingTimes": [
          {
            "campusLocation": null,
            "baClassHours": "B",
            "roomNumber": null,
            "pmCode": null,
            "campusAbbrev": null,
            "campusName": null,
            "meetingDay": null,
            "buildingCode": null,
            "startTime": null,
            "endTime": null,
            "meetingModeDesc": "RSCH-MA",
            "meetingModeCode": "23"
          }
        ],
        "legendKey": null,
        "honorPrograms": []
      },
      {
        "sectionEligibility": null,
        "sessionDatePrintIndicator": "N",
        "examCode": "O",
        "specialPermissionAddCode": null,
        "crossListedSections": [],
        "sectionNotes": null,
        "specialPermissionDropCode": null,
        "instructors": [],
        "number": "M7",
        "majors": [],
        "sessionDates": null,
        "specialPermissionDropCodeDescription": null,
        "subtopic": null,
        "openStatus": true,
        "comments": [],
        "minors": [],
        "campusCode": "NB",
        "index": "15606",
        "unitMajors": [],
        "printed": "Y",
        "specialPermissionAddCodeDescription": null,
        "subtitle": null,
        "meetingTimes": [
          {
            "campusLocation": null,
            "baClassHours": "B",
            "roomNumber": null,
            "pmCode": null,
            "campusAbbrev": null,
            "campusName": null,
            "meetingDay": null,
            "buildingCode": null,
            "startTime": null,
            "endTime": null,
            "meetingModeDesc": "RSCH-MA",
            "meetingModeCode": "23"
          }
        ],
        "legendKey": null,
        "honorPrograms": []
      },
      {
        "sectionEligibility": null,
        "sessionDatePrintIndicator": "N",
        "examCode": "O",
        "specialPermissionAddCode": null,
        "crossListedSections": [],
        "sectionNotes": null,
        "specialPermissionDropCode": null,
        "instructors": [
          {
            "name": "MOLNAR, THOMAS"
          }
        ],
        "number": "M8",
        "majors": [],
        "sessionDates": null,
        "specialPermissionDropCodeDescription": null,
        "subtopic": null,
        "openStatus": true,
        "comments": [],
        "minors": [],
        "campusCode": "NB",
        "index": "15607",
        "unitMajors": [],
        "printed": "Y",
        "specialPermissionAddCodeDescription": null,
        "subtitle": null,
        "meetingTimes": [
          {
            "campusLocation": null,
            "baClassHours": "B",
            "roomNumber": null,
            "pmCode": null,
            "campusAbbrev": null,
            "campusName": null,
            "meetingDay": null,
            "buildingCode": null,
            "startTime": null,
            "endTime": null,
            "meetingModeDesc": "RSCH-MA",
            "meetingModeCode": "23"
          }
        ],
        "legendKey": null,
        "honorPrograms": []
      },
      {
        "sectionEligibility": null,
        "sessionDatePrintIndicator": "N",
        "examCode": "O",
        "specialPermissionAddCode": null,
        "crossListedSections": [],
        "sectionNotes": null,
        "specialPermissionDropCode": null,
        "instructors": [
          {
            "name": "MURPHY, JAMES"
          }
        ],
        "number": "M9",
        "majors": [],
        "sessionDates": null,
        "specialPermissionDropCodeDescription": null,
        "subtopic": null,
        "openStatus": true,
        "comments": [],
        "minors": [],
        "campusCode": "NB",
        "index": "15608",
        "unitMajors": [],
        "printed": "Y",
        "specialPermissionAddCodeDescription": null,
        "subtitle": null,
        "meetingTimes": [
          {
            "campusLocation": null,
            "baClassHours": "B",
            "roomNumber": null,
            "pmCode": null,
            "campusAbbrev": null,
            "campusName": null,
            "meetingDay": null,
            "buildingCode": null,
            "startTime": null,
            "endTime": null,
            "meetingModeDesc": "RSCH-MA",
            "meetingModeCode": "23"
          }
        ],
        "legendKey": null,
        "honorPrograms": []
      },
      {
        "sectionEligibility": null,
        "sessionDatePrintIndicator": "N",
        "examCode": "O",
        "specialPermissionAddCode": null,
        "crossListedSections": [],
        "sectionNotes": null,
        "specialPermissionDropCode": null,
        "instructors": [
          {
            "name": "OUDEMANS, PETER"
          }
        ],
        "number": "O2",
        "majors": [],
        "sessionDates": null,
        "specialPermissionDropCodeDescription": null,
        "subtopic": null,
        "openStatus": true,
        "comments": [],
        "minors": [],
        "campusCode": "NB",
        "index": "15609",
        "unitMajors": [],
        "printed": "Y",
        "specialPermissionAddCodeDescription": null,
        "subtitle": null,
        "meetingTimes": [
          {
            "campusLocation": null,
            "baClassHours": "B",
            "roomNumber": null,
            "pmCode": null,
            "campusAbbrev": null,
            "campusName": null,
            "meetingDay": null,
            "buildingCode": null,
            "startTime": null,
            "endTime": null,
            "meetingModeDesc": "RSCH-MA",
            "meetingModeCode": "23"
          }
        ],
        "legendKey": null,
        "honorPrograms": []
      },
      {
        "sectionEligibility": null,
        "sessionDatePrintIndicator": "N",
        "examCode": "O",
        "specialPermissionAddCode": null,
        "crossListedSections": [],
        "sectionNotes": null,
        "specialPermissionDropCode": null,
        "instructors": [
          {
            "name": "RASKIN, ILYA"
          }
        ],
        "number": "R1",
        "majors": [],
        "sessionDates": null,
        "specialPermissionDropCodeDescription": null,
        "subtopic": null,
        "openStatus": true,
        "comments": [],
        "minors": [],
        "campusCode": "NB",
        "index": "15610",
        "unitMajors": [],
        "printed": "Y",
        "specialPermissionAddCodeDescription": null,
        "subtitle": null,
        "meetingTimes": [
          {
            "campusLocation": null,
            "baClassHours": "B",
            "roomNumber": null,
            "pmCode": null,
            "campusAbbrev": null,
            "campusName": null,
            "meetingDay": null,
            "buildingCode": null,
            "startTime": null,
            "endTime": null,
            "meetingModeDesc": "RSCH-MA",
            "meetingModeCode": "23"
          }
        ],
        "legendKey": null,
        "honorPrograms": []
      },
      {
        "sectionEligibility": null,
        "sessionDatePrintIndicator": "N",
        "examCode": "O",
        "specialPermissionAddCode": null,
        "crossListedSections": [],
        "sectionNotes": null,
        "specialPermissionDropCode": null,
        "instructors": [
          {
            "name": "ROBSON, MARK"
          }
        ],
        "number": "R2",
        "majors": [],
        "sessionDates": null,
        "specialPermissionDropCodeDescription": null,
        "subtopic": null,
        "openStatus": true,
        "comments": [],
        "minors": [],
        "campusCode": "NB",
        "index": "15611",
        "unitMajors": [],
        "printed": "Y",
        "specialPermissionAddCodeDescription": null,
        "subtitle": null,
        "meetingTimes": [
          {
            "campusLocation": null,
            "baClassHours": "B",
            "roomNumber": null,
            "pmCode": null,
            "campusAbbrev": null,
            "campusName": null,
            "meetingDay": null,
            "buildingCode": null,
            "startTime": null,
            "endTime": null,
            "meetingModeDesc": "RSCH-MA",
            "meetingModeCode": "23"
          }
        ],
        "legendKey": null,
        "honorPrograms": []
      },
      {
        "sectionEligibility": null,
        "sessionDatePrintIndicator": "N",
        "examCode": "O",
        "specialPermissionAddCode": null,
        "crossListedSections": [],
        "sectionNotes": null,
        "specialPermissionDropCode": null,
        "instructors": [
          {
            "name": "SIMON, JAMES"
          }
        ],
        "number": "S2",
        "majors": [],
        "sessionDates": null,
        "specialPermissionDropCodeDescription": null,
        "subtopic": null,
        "openStatus": true,
        "comments": [],
        "minors": [],
        "campusCode": "NB",
        "index": "15612",
        "unitMajors": [],
        "printed": "Y",
        "specialPermissionAddCodeDescription": null,
        "subtitle": null,
        "meetingTimes": [
          {
            "campusLocation": null,
            "baClassHours": "B",
            "roomNumber": null,
            "pmCode": null,
            "campusAbbrev": null,
            "campusName": null,
            "meetingDay": null,
            "buildingCode": null,
            "startTime": null,
            "endTime": null,
            "meetingModeDesc": "RSCH-MA",
            "meetingModeCode": "23"
          }
        ],
        "legendKey": null,
        "honorPrograms": []
      },
      {
        "sectionEligibility": null,
        "sessionDatePrintIndicator": "N",
        "examCode": "O",
        "specialPermissionAddCode": null,
        "crossListedSections": [],
        "sectionNotes": null,
        "specialPermissionDropCode": null,
        "instructors": [
          {
            "name": "STRUWE, KARIN"
          }
        ],
        "number": "S4",
        "majors": [],
        "sessionDates": null,
        "specialPermissionDropCodeDescription": null,
        "subtopic": null,
        "openStatus": true,
        "comments": [],
        "minors": [],
        "campusCode": "NB",
        "index": "15613",
        "unitMajors": [],
        "printed": "Y",
        "specialPermissionAddCodeDescription": null,
        "subtitle": null,
        "meetingTimes": [
          {
            "campusLocation": null,
            "baClassHours": "B",
            "roomNumber": null,
            "pmCode": null,
            "campusAbbrev": null,
            "campusName": null,
            "meetingDay": null,
            "buildingCode": null,
            "startTime": null,
            "endTime": null,
            "meetingModeDesc": "RSCH-MA",
            "meetingModeCode": "23"
          }
        ],
        "legendKey": null,
        "honorPrograms": []
      },
      {
        "sectionEligibility": null,
        "sessionDatePrintIndicator": "N",
        "examCode": "O",
        "specialPermissionAddCode": null,
        "crossListedSections": [],
        "sectionNotes": null,
        "specialPermissionDropCode": null,
        "instructors": [
          {
            "name": "TUMER, NILGUN"
          }
        ],
        "number": "T1",
        "majors": [],
        "sessionDates": null,
        "specialPermissionDropCodeDescription": null,
        "subtopic": null,
        "openStatus": true,
        "comments": [],
        "minors": [],
        "campusCode": "NB",
        "index": "15614",
        "unitMajors": [],
        "printed": "Y",
        "specialPermissionAddCodeDescription": null,
        "subtitle": null,
        "meetingTimes": [
          {
            "campusLocation": null,
            "baClassHours": "B",
            "roomNumber": null,
            "pmCode": null,
            "campusAbbrev": null,
            "campusName": null,
            "meetingDay": null,
            "buildingCode": null,
            "startTime": null,
            "endTime": null,
            "meetingModeDesc": "RSCH-MA",
            "meetingModeCode": "23"
          }
        ],
        "legendKey": null,
        "honorPrograms": []
      },
      {
        "sectionEligibility": null,
        "sessionDatePrintIndicator": "N",
        "examCode": "O",
        "specialPermissionAddCode": null,
        "crossListedSections": [],
        "sectionNotes": null,
        "specialPermissionDropCode": null,
        "instructors": [],
        "number": "V2",
        "majors": [],
        "sessionDates": null,
        "specialPermissionDropCodeDescription": null,
        "subtopic": null,
        "openStatus": true,
        "comments": [],
        "minors": [],
        "campusCode": "NB",
        "index": "15615",
        "unitMajors": [],
        "printed": "Y",
        "specialPermissionAddCodeDescription": null,
        "subtitle": null,
        "meetingTimes": [
          {
            "campusLocation": null,
            "baClassHours": "B",
            "roomNumber": null,
            "pmCode": null,
            "campusAbbrev": null,
            "campusName": null,
            "meetingDay": null,
            "buildingCode": null,
            "startTime": null,
            "endTime": null,
            "meetingModeDesc": "RSCH-MA",
            "meetingModeCode": "23"
          }
        ],
        "legendKey": null,
        "honorPrograms": []
      },
      {
        "sectionEligibility": null,
        "sessionDatePrintIndicator": "N",
        "examCode": "O",
        "specialPermissionAddCode": null,
        "crossListedSections": [],
        "sectionNotes": null,
        "specialPermissionDropCode": null,
        "instructors": [
          {
            "name": "WHITE, JAMES"
          }
        ],
        "number": "W1",
        "majors": [],
        "sessionDates": null,
        "specialPermissionDropCodeDescription": null,
        "subtopic": null,
        "openStatus": true,
        "comments": [],
        "minors": [],
        "campusCode": "NB",
        "index": "15616",
        "unitMajors": [],
        "printed": "Y",
        "specialPermissionAddCodeDescription": null,
        "subtitle": null,
        "meetingTimes": [
          {
            "campusLocation": null,
            "baClassHours": "B",
            "roomNumber": null,
            "pmCode": null,
            "campusAbbrev": null,
            "campusName": null,
            "meetingDay": null,
            "buildingCode": null,
            "startTime": null,
            "endTime": null,
            "meetingModeDesc": "RSCH-MA",
            "meetingModeCode": "23"
          }
        ],
        "legendKey": null,
        "honorPrograms": []
      },
      {
        "sectionEligibility": null,
        "sessionDatePrintIndicator": "N",
        "examCode": "A",
        "specialPermissionAddCode": null,
        "crossListedSections": [],
        "sectionNotes": null,
        "specialPermissionDropCode": null,
        "instructors": [
          {
            "name": "ZHANG, NING"
          }
        ],
        "number": "Z3",
        "majors": [],
        "sessionDates": null,
        "specialPermissionDropCodeDescription": null,
        "subtopic": null,
        "openStatus": true,
        "comments": [],
        "minors": [],
        "campusCode": "NB",
        "index": "15617",
        "unitMajors": [],
        "printed": "Y",
        "specialPermissionAddCodeDescription": null,
        "subtitle": null,
        "meetingTimes": [
          {
            "campusLocation": null,
            "baClassHours": "B",
            "roomNumber": null,
            "pmCode": null,
            "campusAbbrev": null,
            "campusName": null,
            "meetingDay": null,
            "buildingCode": null,
            "startTime": null,
            "endTime": null,
            "meetingModeDesc": "RSCH-MA",
            "meetingModeCode": "23"
          }
        ],
        "legendKey": null,
        "honorPrograms": []
      }
    ],
    "supplementCode": "  ",
    "credits": null,
    "unitNotes": null,
    "coreCodes": [],
    "courseNotes": null,
    "expandedTitle": "RESEARCH IN PLANT BIOLOGY                                                       "
  },
  {
    "subjectNotes": null,
    "courseNumber": "800",
    "subject": "765",
    "campusCode": "NB",
    "openSections": 1,
    "synopsisUrl": "https://plantbiology.rutgers.edu/graduate/grad-courses.html",
    "subjectGroupNotes": null,
    "offeringUnitCode": "16",
    "offeringUnitTitle": null,
    "title": "MATRICULATION CONTD",
    "courseDescription": null,
    "preReqNotes": null,
    "sections": [
      {
        "sectionEligibility": null,
        "sessionDatePrintIndicator": "N",
        "examCode": "O",
        "specialPermissionAddCode": "03",
        "crossListedSections": [],
        "sectionNotes": null,
        "specialPermissionDropCode": null,
        "instructors": [
          {
            "name": "HUANG, BINGRU"
          }
        ],
        "number": "01",
        "majors": [],
        "sessionDates": null,
        "specialPermissionDropCodeDescription": null,
        "subtopic": null,
        "openStatus": true,
        "comments": [],
        "minors": [],
        "campusCode": "NB",
        "index": "15618",
        "unitMajors": [],
        "printed": "Y",
        "specialPermissionAddCodeDescription": "Department staff",
        "subtitle": null,
        "meetingTimes": [
          {
            "campusLocation": null,
            "baClassHours": "B",
            "roomNumber": null,
            "pmCode": null,
            "campusAbbrev": null,
            "campusName": null,
            "meetingDay": null,
            "buildingCode": null,
            "startTime": null,
            "endTime": null,
            "meetingModeDesc": "GRADUATE 800-LEVEL",
            "meetingModeCode": "80"
          }
        ],
        "legendKey": null,
        "honorPrograms": []
      }
    ],
    "supplementCode": "  ",
    "credits": 0,
    "unitNotes": null,
    "coreCodes": [],
    "courseNotes": null,
    "expandedTitle": null
  },
  {
    "subjectNotes": null,
    "courseNumber": "811",
    "subject": "765",
    "campusCode": "NB",
    "openSections": 1,
    "synopsisUrl": "https://plantbiology.rutgers.edu/graduate/grad-courses.html",
    "subjectGroupNotes": null,
    "offeringUnitCode": "16",
    "offeringUnitTitle": null,
    "title": "GRADUATE FELLOWSHIP",
    "courseDescription": null,
    "preReqNotes": null,
    "sections": [
      {
        "sectionEligibility": null,
        "sessionDatePrintIndicator": "N",
        "examCode": "O",
        "specialPermissionAddCode": null,
        "crossListedSections": [],
        "sectionNotes": null,
        "specialPermissionDropCode": null,
        "instructors": [
          {
            "name": "HUANG, BINGRU"
          }
        ],
        "number": "01",
        "majors": [],
        "sessionDates": null,
        "specialPermissionDropCodeDescription": null,
        "subtopic": null,
        "openStatus": true,
        "comments": [],
        "minors": [],
        "campusCode": "NB",
        "index": "15619",
        "unitMajors": [],
        "printed": "Y",
        "specialPermissionAddCodeDescription": null,
        "subtitle": null,
        "meetingTimes": [
          {
            "campusLocation": null,
            "baClassHours": "B",
            "roomNumber": null,
            "pmCode": null,
            "campusAbbrev": null,
            "campusName": null,
            "meetingDay": null,
            "buildingCode": null,
            "startTime": null,
            "endTime": null,
            "meetingModeDesc": "GRADUATE 800-LEVEL",
            "meetingModeCode": "80"
          }
        ],
        "legendKey": null,
        "honorPrograms": []
      }
    ],
    "supplementCode": "  ",
    "credits": 0,
    "unitNotes": null,
    "coreCodes": [],
    "courseNotes": null,
    "expandedTitle": null
  },
  {
    "subjectNotes": null,
    "courseNumber": "866",
    "subject": "765",
    "campusCode": "NB",
    "openSections": 1,
    "synopsisUrl": "https://plantbiology.rutgers.edu/graduate/grad-courses.html",
    "subjectGroupNotes": null,
    "offeringUnitCode": "16",
    "offeringUnitTitle": null,
    "title": "FULL GA APPOINTMENT",
    "courseDescription": null,
    "preReqNotes": null,
    "sections": [
      {
        "sectionEligibility": null,
        "sessionDatePrintIndicator": "N",
        "examCode": "O",
        "specialPermissionAddCode": null,
        "crossListedSections": [],
        "sectionNotes": null,
        "specialPermissionDropCode": null,
        "instructors": [
          {
            "name": "HUANG, BINGRU"
          }
        ],
        "number": "01",
        "majors": [],
        "sessionDates": null,
        "specialPermissionDropCodeDescription": null,
        "subtopic": null,
        "openStatus": true,
        "comments": [],
        "minors": [],
        "campusCode": "NB",
        "index": "15620",
        "unitMajors": [],
        "printed": "Y",
        "specialPermissionAddCodeDescription": null,
        "subtitle": null,
        "meetingTimes": [
          {
            "campusLocation": null,
            "baClassHours": "B",
            "roomNumber": null,
            "pmCode": null,
            "campusAbbrev": null,
            "campusName": null,
            "meetingDay": null,
            "buildingCode": null,
            "startTime": null,
            "endTime": null,
            "meetingModeDesc": "GRADUATE 800-LEVEL",
            "meetingModeCode": "80"
          }
        ],
        "legendKey": null,
        "honorPrograms": []
      }
    ],
    "supplementCode": "  ",
    "credits": 6,
    "unitNotes": null,
    "coreCodes": [],
    "courseNotes": null,
    "expandedTitle": null
  },
  {
    "subjectNotes": null,
    "courseNumber": "867",
    "subject": "765",
    "campusCode": "NB",
    "openSections": 1,
    "synopsisUrl": "https://plantbiology.rutgers.edu/graduate/grad-courses.html",
    "subjectGroupNotes": null,
    "offeringUnitCode": "16",
    "offeringUnitTitle": null,
    "title": "PART GA APPOINTMENT",
    "courseDescription": null,
    "preReqNotes": null,
    "sections": [
      {
        "sectionEligibility": null,
        "sessionDatePrintIndicator": "N",
        "examCode": "O",
        "specialPermissionAddCode": null,
        "crossListedSections": [],
        "sectionNotes": null,
        "specialPermissionDropCode": null,
        "instructors": [
          {
            "name": "HUANG, BINGRU"
          }
        ],
        "number": "01",
        "majors": [],
        "sessionDates": null,
        "specialPermissionDropCodeDescription": null,
        "subtopic": null,
        "openStatus": true,
        "comments": [],
        "minors": [],
        "campusCode": "NB",
        "index": "15621",
        "unitMajors": [],
        "printed": "Y",
        "specialPermissionAddCodeDescription": null,
        "subtitle": null,
        "meetingTimes": [
          {
            "campusLocation": null,
            "baClassHours": "B",
            "roomNumber": null,
            "pmCode": null,
            "campusAbbrev": null,
            "campusName": null,
            "meetingDay": null,
            "buildingCode": null,
            "startTime": null,
            "endTime": null,
            "meetingModeDesc": "GRADUATE 800-LEVEL",
            "meetingModeCode": "80"
          }
        ],
        "legendKey": null,
        "honorPrograms": []
      }
    ],
    "supplementCode": "  ",
    "credits": 3,
    "unitNotes": null,
    "coreCodes": [],
    "courseNotes": null,
    "expandedTitle": null
  },
  {
    "subjectNotes": null,
    "courseNumber": "877",
    "subject": "765",
    "campusCode": "NB",
    "openSections": 1,
    "synopsisUrl": "https://plantbiology.rutgers.edu/graduate/grad-courses.html",
    "subjectGroupNotes": null,
    "offeringUnitCode": "16",
    "offeringUnitTitle": null,
    "title": "FULL TA APPOINTMENT",
    "courseDescription": null,
    "preReqNotes": null,
    "sections": [
      {
        "sectionEligibility": null,
        "sessionDatePrintIndicator": "N",
        "examCode": "O",
        "specialPermissionAddCode": null,
        "crossListedSections": [],
        "sectionNotes": null,
        "specialPermissionDropCode": null,
        "instructors": [
          {
            "name": "HUANG, BINGRU"
          }
        ],
        "number": "01",
        "majors": [],
        "sessionDates": null,
        "specialPermissionDropCodeDescription": null,
        "subtopic": null,
        "openStatus": true,
        "comments": [],
        "minors": [],
        "campusCode": "NB",
        "index": "15622",
        "unitMajors": [],
        "printed": "Y",
        "specialPermissionAddCodeDescription": null,
        "subtitle": null,
        "meetingTimes": [
          {
            "campusLocation": null,
            "baClassHours": "B",
            "roomNumber": null,
            "pmCode": null,
            "campusAbbrev": null,
            "campusName": null,
            "meetingDay": null,
            "buildingCode": null,
            "startTime": null,
            "endTime": null,
            "meetingModeDesc": "GRADUATE 800-LEVEL",
            "meetingModeCode": "80"
          }
        ],
        "legendKey": null,
        "honorPrograms": []
      }
    ],
    "supplementCode": "  ",
    "credits": 6,
    "unitNotes": null,
    "coreCodes": [],
    "courseNotes": null,
    "expandedTitle": null
  },
  {
    "subjectNotes": null,
    "courseNumber": "878",
    "subject": "765",
    "campusCode": "NB",
    "openSections": 1,
    "synopsisUrl": "https://plantbiology.rutgers.edu/graduate/grad-courses.html",
    "subjectGroupNotes": null,
    "offeringUnitCode": "16",
    "offeringUnitTitle": null,
    "title": "PART TA APPOINTMENT",
    "courseDescription": null,
    "preReqNotes": null,
    "sections": [
      {
        "sectionEligibility": null,
        "sessionDatePrintIndicator": "N",
        "examCode": "O",
        "specialPermissionAddCode": null,
        "crossListedSections": [],
        "sectionNotes": null,
        "specialPermissionDropCode": null,
        "instructors": [
          {
            "name": "HUANG, BINGRU"
          }
        ],
        "number": "01",
        "majors": [],
        "sessionDates": null,
        "specialPermissionDropCodeDescription": null,
        "subtopic": null,
        "openStatus": true,
        "comments": [],
        "minors": [],
        "campusCode": "NB",
        "index": "15623",
        "unitMajors": [],
        "printed": "Y",
        "specialPermissionAddCodeDescription": null,
        "subtitle": null,
        "meetingTimes": [
          {
            "campusLocation": null,
            "baClassHours": "B",
            "roomNumber": null,
            "pmCode": null,
            "campusAbbrev": null,
            "campusName": null,
            "meetingDay": null,
            "buildingCode": null,
            "startTime": null,
            "endTime": null,
            "meetingModeDesc": "GRADUATE 800-LEVEL",
            "meetingModeCode": "80"
          }
        ],
        "legendKey": null,
        "honorPrograms": []
      }
    ],
    "supplementCode": "  ",
    "credits": 3,
    "unitNotes": null,
    "coreCodes": [],
    "courseNotes": null,
    "expandedTitle": null
  }
]