[
  {
    "subjectNotes": null,
    "courseNumber": "511",
    "subject": "816",
    "campusCode": "NB",
    "openSections": 1,
    "synopsisUrl": "https://bloustein.rutgers.edu/graduate/public-informatics/",
    "subjectGroupNotes": null,
    "offeringUnitCode": "34",
    "offeringUnitTitle": null,
    "title": "STUDIO PUB INFOMATCS",
    "courseDescription": null,
    "preReqNotes": null,
    "sections": [
      {
        "sectionEligibility": null,
        "sessionDatePrintIndicator": "N",
        "examCode": "A",
        "specialPermissionAddCode": null,
        "crossListedSections": [
          {
            "courseNumber": "688",
            "supplementCode": "  ",
            "sectionNumber": "01",
            "offeringUnitCampus": "NB",
            "primaryRegistrationIndex": "17280",
            "offeringUnitCode": "34",
            "registrationIndex": "17281",
            "subjectCode": "833"
          },
          {
            "courseNumber": "511",
            "supplementCode": "  ",
            "sectionNumber": "07",
            "offeringUnitCampus": "NB",
            "primaryRegistrationIndex": "17280",
            "offeringUnitCode": "34",
            "registrationIndex": "17282",
            "subjectCode": "970"
          }
        ],
        "sectionNotes": "NON-MATRIC FOR SP#:GRADSP@EJB.RUTGERS.EDU",
        "specialPermissionDropCode": null,
        "instructors": [
          {
            "name": "SAMUEL, JIM"
          }
        ],
        "number": "01",
        "majors": [],
        "sessionDates": null,
        "specialPermissionDropCodeDescription": null,
        "subtopic": null,
        "openStatus": true,
        "comments": [
          {
            "code": "63",
            "description": "Hybrid"
          },
          {
            "code": "05",
            "description": "Go to http://canvas.rutgers.edu"
          }
        ],
        "minors": [],
        "campusCode": "NB",
        "index": "17280",
        "unitMajors": [
          {
            "unitCode": "16",
            "majorCode": ""
          },
          {
            "unitCode": "34",
            "majorCode": ""
          }
        ],
        "printed": "Y",
        "specialPermissionAddCodeDescription": null,
        "subtitle": "PUBLIC INFORMATICS RESEARCH PRACTICUM   ",
        "meetingTimes": [
          {
            "campusLocation": "5",
            "baClassHours": null,
            "roomNumber": "472",
            "pmCode": "P",
            "campusAbbrev": "DNB",
            "campusName": "DOWNTOWN NB",
            "meetingDay": "M",
            "buildingCode": "CSB",
            "startTime": "0600",
            "endTime": "0720",
            "meetingModeDesc": "STUDIO",
            "meetingModeCode": "07"
          },
          {
            "campusLocation": "O",
            "baClassHours": "B",
            "roomNumber": null,
            "pmCode": null,
            "campusAbbrev": "**",
            "campusName": "** INVALID **",
            "meetingDay": null,
            "buildingCode": null,
            "startTime": null,
            "endTime": null,
            "meetingModeDesc": "ONLINE INSTRUCTION(INTERNET)",
            "meetingModeCode": "90"
          }
        ],
        "legendKey": null,
        "honorPrograms": []
      }
    ],
    "supplementCode": "  ",
    "credits": 3,
    "unitNotes": null,
    "coreCodes": [],
    "courseNotes": null,
    "expandedTitle": "PUBLIC INFORMATICS STUDIO                                                       "
  },
  {
    "subjectNotes": null,
    "courseNumber": "616",
    "subject": "816",
    "campusCode": "NB",
    "openSections": 1,
    "synopsisUrl": "https://bloustein.rutgers.edu/graduate/public-informatics/",
    "subjectGroupNotes": null,
    "offeringUnitCode": "34",
    "offeringUnitTitle": null,
    "title": "DIRECTED STUDY",
    "courseDescription": null,
    "preReqNotes": null,
    "sections": [
      {
        "sectionEligibility": null,
        "sessionDatePrintIndicator": "N",
        "examCode": "O",
        "specialPermissionAddCode": "03",
        "crossListedSections": [],
        "sectionNotes": null,
        "specialPermissionDropCode": null,
        "instructors": [],
        "number": "01",
        "majors": [],
        "sessionDates": null,
        "specialPermissionDropCodeDescription": null,
        "subtopic": null,
        "openStatus": true,
        "comments": [],
        "minors": [],
        "campusCode": "NB",
        "index": "17284",
        "unitMajors": [
          {
            "unitCode": "34",
            "majorCode": "816"
          }
        ],
        "printed": "Y",
        "specialPermissionAddCodeDescription": "Department staff",
        "subtitle": null,
        "meetingTimes": [
          {
            "campusLocation": null,
            "baClassHours": "B",
            "roomNumber": null,
            "pmCode": null,
            "campusAbbrev": null,
            "campusName": null,
            "meetingDay": null,
            "buildingCode": null,
            "startTime": null,
            "endTime": null,
            "meetingModeDesc": "PROJ-IND",
            "meetingModeCode": "19"
          }
        ],
        "legendKey": null,
        "honorPrograms": []
      }
    ],
    "supplementCode": "  ",
    "credits": null,
    "unitNotes": null,
    "coreCodes": [],
    "courseNotes": null,
    "expandedTitle": "DIRECTED STUDY                                                                  "
  },
  {
    "subjectNotes": null,
    "courseNumber": "634",
    "subject": "816",
    "campusCode": "NB",
    "openSections": 1,
    "synopsisUrl": "https://bloustein.rutgers.edu/graduate/public-informatics/",
    "subjectGroupNotes": null,
    "offeringUnitCode": "34",
    "offeringUnitTitle": null,
    "title": "ML FOR PI",
    "courseDescription": null,
    "preReqNotes": "(34:970:527 )<em> OR </em>(34:833:525 )<em> OR </em>(34:970:630 )<em> OR </em>(34:833:630 )",
    "sections": [
      {
        "sectionEligibility": null,
        "sessionDatePrintIndicator": "N",
        "examCode": "A",
        "specialPermissionAddCode": null,
        "crossListedSections": [
          {
            "courseNumber": "634",
            "supplementCode": "  ",
            "sectionNumber": "01",
            "offeringUnitCampus": "NB",
            "primaryRegistrationIndex": "17285",
            "offeringUnitCode": "34",
            "registrationIndex": "17287",
            "subjectCode": "970"
          },
          {
            "courseNumber": "634",
            "supplementCode": "  ",
            "sectionNumber": "01",
            "offeringUnitCampus": "NB",
            "primaryRegistrationIndex": "17285",
            "offeringUnitCode": "34",
            "registrationIndex": "17286",
            "subjectCode": "833"
          }
        ],
        "sectionNotes": "NON-MATRIC FOR SP# CONTACT:GRADSP@EJB.RUTGERS.EDU",
        "specialPermissionDropCode": null,
        "instructors": [
          {
            "name": "ZHANG, WENWEN"
          }
        ],
        "number": "01",
        "majors": [
          {
            "code": "34",
            "isUnitCode": true,
            "isMajorCode": false
          },
          {
            "code": "16",
            "isUnitCode": true,
            "isMajorCode": false
          }
        ],
        "sessionDates": null,
        "specialPermissionDropCodeDescription": null,
        "subtopic": null,
        "openStatus": true,
        "comments": [
          {
            "code": "05",
            "description": "Go to http://canvas.rutgers.edu"
          }
        ],
        "minors": [],
        "campusCode": "NB",
        "index": "17285",
        "unitMajors": [],
        "printed": "Y",
        "specialPermissionAddCodeDescription": null,
        "subtitle": null,
        "meetingTimes": [
          {
            "campusLocation": "5",
            "baClassHours": null,
            "roomNumber": "372A",
            "pmCode": "P",
            "campusAbbrev": "DNB",
            "campusName": "DOWNTOWN NB",
            "meetingDay": "M",
            "buildingCode": "CSB",
            "startTime": "0100",
            "endTime": "0400",
            "meetingModeDesc": "LAB",
            "meetingModeCode": "05"
          }
        ],
        "legendKey": null,
        "honorPrograms": []
      }
    ],
    "supplementCode": "  ",
    "credits": 3,
    "unitNotes": null,
    "coreCodes": [],
    "courseNotes": null,
    "expandedTitle": "MACHINE LEARNING FOR PUBLIC INFORMATICS"
  },
  {
    "subjectNotes": null,
    "courseNumber": "637",
    "subject": "816",
    "campusCode": "NB",
    "openSections": 1,
    "synopsisUrl": "https://bloustein.rutgers.edu/graduate/public-informatics/",
    "subjectGroupNotes": null,
    "offeringUnitCode": "34",
    "offeringUnitTitle": null,
    "title": "GLOBAL DATA ANALYTIC",
    "courseDescription": null,
    "preReqNotes": null,
    "sections": [
      {
        "sectionEligibility": null,
        "sessionDatePrintIndicator": "N",
        "examCode": "A",
        "specialPermissionAddCode": null,
        "crossListedSections": [],
        "sectionNotes": "NON-MATRIC FOR SP# CONTACT:GRADSP@EJB.RUTGERS.EDU",
        "specialPermissionDropCode": null,
        "instructors": [],
        "number": "01",
        "majors": [],
        "sessionDates": null,
        "specialPermissionDropCodeDescription": null,
        "subtopic": null,
        "openStatus": true,
        "comments": [
          {
            "code": "05",
            "description": "Go to http://canvas.rutgers.edu"
          }
        ],
        "minors": [],
        "campusCode": "NB",
        "index": "17288",
        "unitMajors": [
          {
            "unitCode": "16",
            "majorCode": ""
          },
          {
            "unitCode": "34",
            "majorCode": ""
          }
        ],
        "printed": "Y",
        "specialPermissionAddCodeDescription": null,
        "subtitle": null,
        "meetingTimes": [
          {
            "campusLocation": "5",
            "baClassHours": null,
            "roomNumber": "372A",
            "pmCode": "A",
            "campusAbbrev": "DNB",
            "campusName": "DOWNTOWN NB",
            "meetingDay": "TH",
            "buildingCode": "CSB",
            "startTime": "0900",
            "endTime": "1200",
            "meetingModeDesc": "LAB",
            "meetingModeCode": "05"
          }
        ],
        "legendKey": null,
        "honorPrograms": []
      }
    ],
    "supplementCode": "  ",
    "credits": 3,
    "unitNotes": null,
    "coreCodes": [],
    "courseNotes": null,
    "expandedTitle": "GLOBAL DATA ANALYTICS                                                           "
  },
  {
    "subjectNotes": null,
    "courseNumber": "641",
    "subject": "816",
    "campusCode": "NB",
    "openSections": 1,
    "synopsisUrl": "https://bloustein.rutgers.edu/graduate/public-informatics/",
    "subjectGroupNotes": null,
    "offeringUnitCode": "34",
    "offeringUnitTitle": null,
    "title": "SOCIALLY COG ROBOTIC",
    "courseDescription": null,
    "preReqNotes": null,
    "sections": [
      {
        "sectionEligibility": null,
        "sessionDatePrintIndicator": "N",
        "examCode": "A",
        "specialPermissionAddCode": null,
        "crossListedSections": [
          {
            "courseNumber": "590",
            "supplementCode": "  ",
            "sectionNumber": "01",
            "offeringUnitCampus": "NB",
            "primaryRegistrationIndex": "13595",
            "offeringUnitCode": "16",
            "registrationIndex": "13594",
            "subjectCode": "332"
          },
          {
            "courseNumber": "590",
            "supplementCode": "  ",
            "sectionNumber": "01",
            "offeringUnitCampus": "NB",
            "primaryRegistrationIndex": "13595",
            "offeringUnitCode": "16",
            "registrationIndex": "13593",
            "subjectCode": "198"
          }
        ],
        "sectionNotes": "NON-MATRIC FOR SP# CONTACT:GRADSP@EJB.RUTGERS.EDU",
        "specialPermissionDropCode": null,
        "instructors": [
          {
            "name": "DANA, KRISTIN"
          }
        ],
        "number": "01",
        "majors": [
          {
            "code": "34",
            "isUnitCode": true,
            "isMajorCode": false
          },
          {
            "code": "16",
            "isUnitCode": true,
            "isMajorCode": false
          }
        ],
        "sessionDates": null,
        "specialPermissionDropCodeDescription": null,
        "subtopic": null,
        "openStatus": true,
        "comments": [
          {
            "code": "05",
            "description": "Go to http://canvas.rutgers.edu"
          }
        ],
        "minors": [],
        "campusCode": "NB",
        "index": "13595",
        "unitMajors": [],
        "printed": "Y",
        "specialPermissionAddCodeDescription": null,
        "subtitle": null,
        "meetingTimes": [
          {
            "campusLocation": "2",
            "baClassHours": null,
            "roomNumber": "117",
            "pmCode": "A",
            "campusAbbrev": "BUS",
            "campusName": "BUSCH",
            "meetingDay": "M",
            "buildingCode": "SEC",
            "startTime": "1020",
            "endTime": "1140",
            "meetingModeDesc": "LEC",
            "meetingModeCode": "02"
          },
          {
            "campusLocation": "2",
            "baClassHours": null,
            "roomNumber": "117",
            "pmCode": "A",
            "campusAbbrev": "BUS",
            "campusName": "BUSCH",
            "meetingDay": "TH",
            "buildingCode": "SEC",
            "startTime": "1020",
            "endTime": "1140",
            "meetingModeDesc": "LEC",
            "meetingModeCode": "02"
          }
        ],
        "legendKey": null,
        "honorPrograms": []
      }
    ],
    "supplementCode": "  ",
    "credits": 3,
    "unitNotes": null,
    "coreCodes": [],
    "courseNotes": null,
    "expandedTitle": "SOCIALLY COGNIZANT ROBOTICS                                                     "
  },
  {
    "subjectNotes": null,
    "courseNumber": "645",
    "subject": "816",
    "campusCode": "NB",
    "openSections": 1,
    "synopsisUrl": "https://bloustein.rutgers.edu/graduate/public-informatics/",
    "subjectGroupNotes": null,
    "offeringUnitCode": "34",
    "offeringUnitTitle": null,
    "title": "ARTIFICAL INTELGNCE",
    "courseDescription": null,
    "preReqNotes": null,
    "sections": [
      {
        "sectionEligibility": null,
        "sessionDatePrintIndicator": "N",
        "examCode": "A",
        "specialPermissionAddCode": null,
        "crossListedSections": [],
        "sectionNotes": "NON-MATRIC FOR SP# CONTACT:GRADSP@EJB.RUTGERS.EDU",
        "specialPermissionDropCode": null,
        "instructors": [
          {
            "name": "SAMUEL, JIM"
          }
        ],
        "number": "90",
        "majors": [],
        "sessionDates": null,
        "specialPermissionDropCodeDescription": null,
        "subtopic": null,
        "openStatus": true,
        "comments": [
          {
            "code": "56",
            "description": "Online Course"
          },
          {
            "code": "05",
            "description": "Go to http://canvas.rutgers.edu"
          }
        ],
        "minors": [],
        "campusCode": "NB",
        "index": "17289",
        "unitMajors": [],
        "printed": "Y",
        "specialPermissionAddCodeDescription": null,
        "subtitle": null,
        "meetingTimes": [
          {
            "campusLocation": "O",
            "baClassHours": null,
            "roomNumber": null,
            "pmCode": "P",
            "campusAbbrev": "**",
            "campusName": "** INVALID **",
            "meetingDay": "W",
            "buildingCode": null,
            "startTime": "0600",
            "endTime": "0900",
            "meetingModeDesc": "ONLINE INSTRUCTION(INTERNET)",
            "meetingModeCode": "90"
          }
        ],
        "legendKey": null,
        "honorPrograms": []
      }
    ],
    "supplementCode": "  ",
    "credits": 3,
    "unitNotes": null,
    "coreCodes": [],
    "courseNotes": null,
    "expandedTitle": "ARTIFICAL INTELLIGENCE: PRACTICE,       PRINCIPLES & STRATEGIES                 "
  }
]