[
  {
    "subjectNotes": null,
    "courseNumber": "505",
    "subject": "725",
    "campusCode": "NB",
    "openSections": 1,
    "synopsisUrl": null,
    "subjectGroupNotes": null,
    "offeringUnitCode": "31",
    "offeringUnitTitle": null,
    "title": "LEAP SEMINAR VI",
    "courseDescription": null,
    "preReqNotes": "(31:725:504 )",
    "sections": [
      {
        "sectionEligibility": null,
        "sessionDatePrintIndicator": "N",
        "examCode": "A",
        "specialPermissionAddCode": null,
        "crossListedSections": [],
        "sectionNotes": null,
        "specialPermissionDropCode": null,
        "instructors": [
          {
            "name": "REINAKER"
          },
          {
            "name": "DIMACULANGAN"
          }
        ],
        "number": "01",
        "majors": [],
        "sessionDates": null,
        "specialPermissionDropCodeDescription": null,
        "subtopic": null,
        "openStatus": true,
        "comments": [],
        "minors": [],
        "campusCode": "NB",
        "index": "16862",
        "unitMajors": [],
        "printed": "Y",
        "specialPermissionAddCodeDescription": null,
        "subtitle": null,
        "meetingTimes": [
          {
            "campusLocation": "2",
            "baClassHours": null,
            "roomNumber": "130",
            "pmCode": "P",
            "campusAbbrev": "BUS",
            "campusName": "BUSCH",
            "meetingDay": "W",
            "buildingCode": "PH",
            "startTime": "0330",
            "endTime": "0630",
            "meetingModeDesc": "LEC",
            "meetingModeCode": "02"
          }
        ],
        "legendKey": null,
        "honorPrograms": []
      }
    ],
    "supplementCode": "  ",
    "credits": 0,
    "unitNotes": null,
    "coreCodes": [],
    "courseNotes": null,
    "expandedTitle": "LEADERSHIP ENTRPREN. SELF-ASSESSMENT    PROFESSIONALISM SEMINAR VI              "
  },
  {
    "subjectNotes": null,
    "courseNumber": "515",
    "subject": "725",
    "campusCode": "NB",
    "openSections": 1,
    "synopsisUrl": null,
    "subjectGroupNotes": null,
    "offeringUnitCode": "31",
    "offeringUnitTitle": null,
    "title": "POISON MGT/DRUG ABUS",
    "courseDescription": null,
    "preReqNotes": null,
    "sections": [
      {
        "sectionEligibility": null,
        "sessionDatePrintIndicator": "N",
        "examCode": "A",
        "specialPermissionAddCode": null,
        "crossListedSections": [
          {
            "courseNumber": "507",
            "supplementCode": "  ",
            "sectionNumber": "01",
            "offeringUnitCampus": "NB",
            "primaryRegistrationIndex": "15956",
            "offeringUnitCode": "16",
            "registrationIndex": "15955",
            "subjectCode": "963"
          }
        ],
        "sectionNotes": null,
        "specialPermissionDropCode": null,
        "instructors": [
          {
            "name": "REINAKER"
          },
          {
            "name": "DIXIT, DEEPALI"
          }
        ],
        "number": "01",
        "majors": [],
        "sessionDates": null,
        "specialPermissionDropCodeDescription": null,
        "subtopic": null,
        "openStatus": true,
        "comments": [
          {
            "code": "05",
            "description": "Go to http://canvas.rutgers.edu"
          }
        ],
        "minors": [],
        "campusCode": "NB",
        "index": "15956",
        "unitMajors": [],
        "printed": "Y",
        "specialPermissionAddCodeDescription": null,
        "subtitle": null,
        "meetingTimes": [
          {
            "campusLocation": "2",
            "baClassHours": null,
            "roomNumber": "130",
            "pmCode": "A",
            "campusAbbrev": "BUS",
            "campusName": "BUSCH",
            "meetingDay": "F",
            "buildingCode": "PH",
            "startTime": "1035",
            "endTime": "1155",
            "meetingModeDesc": "LEC",
            "meetingModeCode": "02"
          },
          {
            "campusLocation": "2",
            "baClassHours": null,
            "roomNumber": "130",
            "pmCode": "A",
            "campusAbbrev": "BUS",
            "campusName": "BUSCH",
            "meetingDay": "T",
            "buildingCode": "PH",
            "startTime": "1035",
            "endTime": "1155",
            "meetingModeDesc": "LEC",
            "meetingModeCode": "02"
          }
        ],
        "legendKey": null,
        "honorPrograms": []
      }
    ],
    "supplementCode": "  ",
    "credits": 3,
    "unitNotes": null,
    "coreCodes": [],
    "courseNotes": null,
    "expandedTitle": "POISON MANAGEMENT AND DRUG ABUSE                                                "
  },
  {
    "subjectNotes": null,
    "courseNumber": "517",
    "subject": "725",
    "campusCode": "NB",
    "openSections": 1,
    "synopsisUrl": null,
    "subjectGroupNotes": null,
    "offeringUnitCode": "31",
    "offeringUnitTitle": null,
    "title": "OUTCOMES RSRCH OPER",
    "courseDescription": null,
    "preReqNotes": null,
    "sections": [
      {
        "sectionEligibility": null,
        "sessionDatePrintIndicator": "Y",
        "examCode": "A",
        "specialPermissionAddCode": "21",
        "crossListedSections": [],
        "sectionNotes": "COURSE MEETS JAN. 7 -FEB. 28",
        "specialPermissionDropCode": null,
        "instructors": [
          {
            "name": "BIST, PRIYA"
          },
          {
            "name": "BLANCHETTE"
          }
        ],
        "number": "01",
        "majors": [],
        "sessionDates": null,
        "specialPermissionDropCodeDescription": null,
        "subtopic": null,
        "openStatus": true,
        "comments": [],
        "minors": [],
        "campusCode": "NB",
        "index": "19033",
        "unitMajors": [],
        "printed": "Y",
        "specialPermissionAddCodeDescription": "Office of Academic Services",
        "subtitle": null,
        "meetingTimes": [
          {
            "campusLocation": "O",
            "baClassHours": null,
            "roomNumber": null,
            "pmCode": "P",
            "campusAbbrev": "**",
            "campusName": "** INVALID **",
            "meetingDay": "W",
            "buildingCode": null,
            "startTime": "0600",
            "endTime": "0800",
            "meetingModeDesc": "ONLINE INSTRUCTION(INTERNET)",
            "meetingModeCode": "90"
          }
        ],
        "legendKey": null,
        "honorPrograms": []
      }
    ],
    "supplementCode": "  ",
    "credits": 1,
    "unitNotes": null,
    "coreCodes": [],
    "courseNotes": null,
    "expandedTitle": "OUTCOMES RESEARCH OPERATIONS                                                    "
  },
  {
    "subjectNotes": null,
    "courseNumber": "527",
    "subject": "725",
    "campusCode": "NB",
    "openSections": 1,
    "synopsisUrl": null,
    "subjectGroupNotes": null,
    "offeringUnitCode": "31",
    "offeringUnitTitle": null,
    "title": "AMBULATORY CARE",
    "courseDescription": null,
    "preReqNotes": null,
    "sections": [
      {
        "sectionEligibility": null,
        "sessionDatePrintIndicator": "N",
        "examCode": "C",
        "specialPermissionAddCode": "21",
        "crossListedSections": [],
        "sectionNotes": "OPEN TO P3 STUDENTS ONLY",
        "specialPermissionDropCode": null,
        "instructors": [
          {
            "name": "MCCARTHY"
          },
          {
            "name": "BATEMAN, MARK"
          }
        ],
        "number": "01",
        "majors": [],
        "sessionDates": null,
        "specialPermissionDropCodeDescription": null,
        "subtopic": null,
        "openStatus": true,
        "comments": [
          {
            "code": "05",
            "description": "Go to http://canvas.rutgers.edu"
          }
        ],
        "minors": [],
        "campusCode": "NB",
        "index": "16863",
        "unitMajors": [],
        "printed": "Y",
        "specialPermissionAddCodeDescription": "Office of Academic Services",
        "subtitle": null,
        "meetingTimes": [
          {
            "campusLocation": "2",
            "baClassHours": null,
            "roomNumber": "249",
            "pmCode": "P",
            "campusAbbrev": "BUS",
            "campusName": "BUSCH",
            "meetingDay": "TH",
            "buildingCode": "PH",
            "startTime": "0200",
            "endTime": "0350",
            "meetingModeDesc": "LEC",
            "meetingModeCode": "02"
          }
        ],
        "legendKey": null,
        "honorPrograms": []
      }
    ],
    "supplementCode": "  ",
    "credits": 2,
    "unitNotes": null,
    "coreCodes": [],
    "courseNotes": null,
    "expandedTitle": "AMBULATORY CARE: APPLYING KEY CONCEPTS                                          "
  },
  {
    "subjectNotes": null,
    "courseNumber": "535",
    "subject": "725",
    "campusCode": "NB",
    "openSections": 1,
    "synopsisUrl": null,
    "subjectGroupNotes": null,
    "offeringUnitCode": "31",
    "offeringUnitTitle": null,
    "title": "IPASS V",
    "courseDescription": null,
    "preReqNotes": null,
    "sections": [
      {
        "sectionEligibility": null,
        "sessionDatePrintIndicator": "N",
        "examCode": "C",
        "specialPermissionAddCode": null,
        "crossListedSections": [],
        "sectionNotes": null,
        "specialPermissionDropCode": null,
        "instructors": [
          {
            "name": "GREER, DANIEL"
          },
          {
            "name": "LIU, MEI"
          }
        ],
        "number": "01",
        "majors": [],
        "sessionDates": null,
        "specialPermissionDropCodeDescription": null,
        "subtopic": null,
        "openStatus": true,
        "comments": [
          {
            "code": "05",
            "description": "Go to http://canvas.rutgers.edu"
          }
        ],
        "minors": [],
        "campusCode": "NB",
        "index": "16864",
        "unitMajors": [],
        "printed": "Y",
        "specialPermissionAddCodeDescription": null,
        "subtitle": null,
        "meetingTimes": [
          {
            "campusLocation": "2",
            "baClassHours": null,
            "roomNumber": "135",
            "pmCode": "A",
            "campusAbbrev": "BUS",
            "campusName": "BUSCH",
            "meetingDay": "M",
            "buildingCode": "PH",
            "startTime": "0840",
            "endTime": "1000",
            "meetingModeDesc": "LAB",
            "meetingModeCode": "05"
          }
        ],
        "legendKey": null,
        "honorPrograms": []
      },
      {
        "sectionEligibility": null,
        "sessionDatePrintIndicator": "N",
        "examCode": "C",
        "specialPermissionAddCode": null,
        "crossListedSections": [],
        "sectionNotes": null,
        "specialPermissionDropCode": null,
        "instructors": [
          {
            "name": "GREER, DANIEL"
          },
          {
            "name": "LIU, MEI"
          }
        ],
        "number": "02",
        "majors": [],
        "sessionDates": null,
        "specialPermissionDropCodeDescription": null,
        "subtopic": null,
        "openStatus": false,
        "comments": [
          {
            "code": "05",
            "description": "Go to http://canvas.rutgers.edu"
          }
        ],
        "minors": [],
        "campusCode": "NB",
        "index": "16865",
        "unitMajors": [],
        "printed": "Y",
        "specialPermissionAddCodeDescription": null,
        "subtitle": null,
        "meetingTimes": [
          {
            "campusLocation": "2",
            "baClassHours": null,
            "roomNumber": "135",
            "pmCode": "A",
            "campusAbbrev": "BUS",
            "campusName": "BUSCH",
            "meetingDay": "M",
            "buildingCode": "PH",
            "startTime": "1010",
            "endTime": "1130",
            "meetingModeDesc": "LAB",
            "meetingModeCode": "05"
          }
        ],
        "legendKey": null,
        "honorPrograms": []
      },
      {
        "sectionEligibility": null,
        "sessionDatePrintIndicator": "N",
        "examCode": "C",
        "specialPermissionAddCode": null,
        "crossListedSections": [],
        "sectionNotes": null,
        "specialPermissionDropCode": null,
        "instructors": [
          {
            "name": "GREER, DANIEL"
          },
          {
            "name": "LIU, MEI"
          }
        ],
        "number": "03",
        "majors": [],
        "sessionDates": null,
        "specialPermissionDropCodeDescription": null,
        "subtopic": null,
        "openStatus": false,
        "comments": [
          {
            "code": "05",
            "description": "Go to http://canvas.rutgers.edu"
          }
        ],
        "minors": [],
        "campusCode": "NB",
        "index": "16866",
        "unitMajors": [],
        "printed": "Y",
        "specialPermissionAddCodeDescription": null,
        "subtitle": null,
        "meetingTimes": [
          {
            "campusLocation": "2",
            "baClassHours": null,
            "roomNumber": "135",
            "pmCode": "A",
            "campusAbbrev": "BUS",
            "campusName": "BUSCH",
            "meetingDay": "M",
            "buildingCode": "PH",
            "startTime": "1140",
            "endTime": "0100",
            "meetingModeDesc": "LAB",
            "meetingModeCode": "05"
          }
        ],
        "legendKey": null,
        "honorPrograms": []
      },
      {
        "sectionEligibility": null,
        "sessionDatePrintIndicator": "N",
        "examCode": "C",
        "specialPermissionAddCode": null,
        "crossListedSections": [],
        "sectionNotes": null,
        "specialPermissionDropCode": null,
        "instructors": [
          {
            "name": "GREER, DANIEL"
          },
          {
            "name": "LIU, MEI"
          }
        ],
        "number": "04",
        "majors": [],
        "sessionDates": null,
        "specialPermissionDropCodeDescription": null,
        "subtopic": null,
        "openStatus": false,
        "comments": [
          {
            "code": "05",
            "description": "Go to http://canvas.rutgers.edu"
          }
        ],
        "minors": [],
        "campusCode": "NB",
        "index": "16867",
        "unitMajors": [],
        "printed": "Y",
        "specialPermissionAddCodeDescription": null,
        "subtitle": null,
        "meetingTimes": [
          {
            "campusLocation": "2",
            "baClassHours": null,
            "roomNumber": "135",
            "pmCode": "P",
            "campusAbbrev": "BUS",
            "campusName": "BUSCH",
            "meetingDay": "M",
            "buildingCode": "PH",
            "startTime": "0110",
            "endTime": "0230",
            "meetingModeDesc": "LAB",
            "meetingModeCode": "05"
          }
        ],
        "legendKey": null,
        "honorPrograms": []
      },
      {
        "sectionEligibility": null,
        "sessionDatePrintIndicator": "N",
        "examCode": "C",
        "specialPermissionAddCode": null,
        "crossListedSections": [],
        "sectionNotes": null,
        "specialPermissionDropCode": null,
        "instructors": [
          {
            "name": "GREER, DANIEL"
          },
          {
            "name": "MANSUKHANI"
          }
        ],
        "number": "05",
        "majors": [],
        "sessionDates": null,
        "specialPermissionDropCodeDescription": null,
        "subtopic": null,
        "openStatus": false,
        "comments": [
          {
            "code": "05",
            "description": "Go to http://canvas.rutgers.edu"
          }
        ],
        "minors": [],
        "campusCode": "NB",
        "index": "16868",
        "unitMajors": [],
        "printed": "Y",
        "specialPermissionAddCodeDescription": null,
        "subtitle": null,
        "meetingTimes": [
          {
            "campusLocation": "2",
            "baClassHours": null,
            "roomNumber": "135",
            "pmCode": "P",
            "campusAbbrev": "BUS",
            "campusName": "BUSCH",
            "meetingDay": "M",
            "buildingCode": "PH",
            "startTime": "0240",
            "endTime": "0400",
            "meetingModeDesc": "LAB",
            "meetingModeCode": "05"
          }
        ],
        "legendKey": null,
        "honorPrograms": []
      }
    ],
    "supplementCode": "  ",
    "credits": 2,
    "unitNotes": null,
    "coreCodes": [],
    "courseNotes": null,
    "expandedTitle": "INTEGRATED PHARMACOTHERAPY ASSESSMENT SKILLS SERIES  V                          "
  },
  {
    "subjectNotes": null,
    "courseNumber": "545",
    "subject": "725",
    "campusCode": "NB",
    "openSections": 1,
    "synopsisUrl": null,
    "subjectGroupNotes": null,
    "offeringUnitCode": "31",
    "offeringUnitTitle": null,
    "title": "PHARM LAW/BIOETHICS",
    "courseDescription": null,
    "preReqNotes": null,
    "sections": [
      {
        "sectionEligibility": null,
        "sessionDatePrintIndicator": "N",
        "examCode": "A",
        "specialPermissionAddCode": null,
        "crossListedSections": [],
        "sectionNotes": "OPEN TO P3 STUDENTS ONLY",
        "specialPermissionDropCode": null,
        "instructors": [
          {
            "name": "CIFALDI, ANGELO"
          },
          {
            "name": "WOODWARD"
          }
        ],
        "number": "01",
        "majors": [
          {
            "code": "31",
            "isUnitCode": true,
            "isMajorCode": false
          },
          {
            "code": "720",
            "isUnitCode": false,
            "isMajorCode": true
          }
        ],
        "sessionDates": null,
        "specialPermissionDropCodeDescription": null,
        "subtopic": null,
        "openStatus": true,
        "comments": [],
        "minors": [],
        "campusCode": "NB",
        "index": "16869",
        "unitMajors": [],
        "printed": "Y",
        "specialPermissionAddCodeDescription": null,
        "subtitle": null,
        "meetingTimes": [
          {
            "campusLocation": "2",
            "baClassHours": null,
            "roomNumber": "130",
            "pmCode": "P",
            "campusAbbrev": "BUS",
            "campusName": "BUSCH",
            "meetingDay": "TH",
            "buildingCode": "PH",
            "startTime": "0500",
            "endTime": "0700",
            "meetingModeDesc": "LEC",
            "meetingModeCode": "02"
          },
          {
            "campusLocation": "2",
            "baClassHours": null,
            "roomNumber": "130",
            "pmCode": "P",
            "campusAbbrev": "BUS",
            "campusName": "BUSCH",
            "meetingDay": "M",
            "buildingCode": "PH",
            "startTime": "0500",
            "endTime": "0700",
            "meetingModeDesc": "LEC",
            "meetingModeCode": "02"
          }
        ],
        "legendKey": null,
        "honorPrograms": []
      }
    ],
    "supplementCode": "  ",
    "credits": 4,
    "unitNotes": null,
    "coreCodes": [],
    "courseNotes": null,
    "expandedTitle": "PHARMACY LAW AND BIOETHICS                                                      "
  },
  {
    "subjectNotes": null,
    "courseNumber": "561",
    "subject": "725",
    "campusCode": "NB",
    "openSections": 1,
    "synopsisUrl": null,
    "subjectGroupNotes": null,
    "offeringUnitCode": "31",
    "offeringUnitTitle": null,
    "title": "PEDIATRIC PHARMACOTX",
    "courseDescription": null,
    "preReqNotes": null,
    "sections": [
      {
        "sectionEligibility": null,
        "sessionDatePrintIndicator": "N",
        "examCode": "A",
        "specialPermissionAddCode": "21",
        "crossListedSections": [],
        "sectionNotes": "OPEN TO 3RD PROF YR",
        "specialPermissionDropCode": "5",
        "instructors": [
          {
            "name": "ROBINSON"
          }
        ],
        "number": "01",
        "majors": [],
        "sessionDates": null,
        "specialPermissionDropCodeDescription": "5",
        "subtopic": null,
        "openStatus": true,
        "comments": [],
        "minors": [],
        "campusCode": "NB",
        "index": "16870",
        "unitMajors": [],
        "printed": "Y",
        "specialPermissionAddCodeDescription": "Office of Academic Services",
        "subtitle": null,
        "meetingTimes": [
          {
            "campusLocation": "2",
            "baClassHours": null,
            "roomNumber": "288",
            "pmCode": "A",
            "campusAbbrev": "BUS",
            "campusName": "BUSCH",
            "meetingDay": "TH",
            "buildingCode": "PH",
            "startTime": "0830",
            "endTime": "1020",
            "meetingModeDesc": "LEC",
            "meetingModeCode": "02"
          }
        ],
        "legendKey": null,
        "honorPrograms": []
      }
    ],
    "supplementCode": "  ",
    "credits": 2,
    "unitNotes": null,
    "coreCodes": [],
    "courseNotes": null,
    "expandedTitle": "PEDIATRIC PHARMACY PRACTICE                                                     "
  },
  {
    "subjectNotes": null,
    "courseNumber": "562",
    "subject": "725",
    "campusCode": "NB",
    "openSections": 1,
    "synopsisUrl": null,
    "subjectGroupNotes": null,
    "offeringUnitCode": "31",
    "offeringUnitTitle": null,
    "title": "WOMEN'S HEALTH ISS",
    "courseDescription": null,
    "preReqNotes": null,
    "sections": [
      {
        "sectionEligibility": null,
        "sessionDatePrintIndicator": "N",
        "examCode": "A",
        "specialPermissionAddCode": "21",
        "crossListedSections": [],
        "sectionNotes": null,
        "specialPermissionDropCode": "5",
        "instructors": [
          {
            "name": "PHILIPS, ASHMI"
          }
        ],
        "number": "01",
        "majors": [],
        "sessionDates": null,
        "specialPermissionDropCodeDescription": "5",
        "subtopic": null,
        "openStatus": true,
        "comments": [],
        "minors": [],
        "campusCode": "NB",
        "index": "16871",
        "unitMajors": [],
        "printed": "Y",
        "specialPermissionAddCodeDescription": "Office of Academic Services",
        "subtitle": null,
        "meetingTimes": [
          {
            "campusLocation": "2",
            "baClassHours": null,
            "roomNumber": "249",
            "pmCode": "A",
            "campusAbbrev": "BUS",
            "campusName": "BUSCH",
            "meetingDay": "W",
            "buildingCode": "PH",
            "startTime": "1100",
            "endTime": "1250",
            "meetingModeDesc": "LEC",
            "meetingModeCode": "02"
          }
        ],
        "legendKey": null,
        "honorPrograms": []
      }
    ],
    "supplementCode": "  ",
    "credits": 2,
    "unitNotes": null,
    "coreCodes": [],
    "courseNotes": null,
    "expandedTitle": "WOMEN'S HEALTH ISSUES                                                           "
  },
  {
    "subjectNotes": null,
    "courseNumber": "577",
    "subject": "725",
    "campusCode": "NB",
    "openSections": 0,
    "synopsisUrl": null,
    "subjectGroupNotes": null,
    "offeringUnitCode": "31",
    "offeringUnitTitle": null,
    "title": "PALLIATIVE/EOL CAREX",
    "courseDescription": null,
    "preReqNotes": null,
    "sections": [
      {
        "sectionEligibility": null,
        "sessionDatePrintIndicator": "N",
        "examCode": "A",
        "specialPermissionAddCode": "21",
        "crossListedSections": [],
        "sectionNotes": "OPEN TO P3 STUDENTS ONLY",
        "specialPermissionDropCode": "5",
        "instructors": [
          {
            "name": "TOMPKINS"
          },
          {
            "name": "BRIDGEMAN, MARY"
          }
        ],
        "number": "01",
        "majors": [],
        "sessionDates": null,
        "specialPermissionDropCodeDescription": "5",
        "subtopic": null,
        "openStatus": false,
        "comments": [
          {
            "code": "05",
            "description": "Go to http://canvas.rutgers.edu"
          }
        ],
        "minors": [],
        "campusCode": "NB",
        "index": "16872",
        "unitMajors": [],
        "printed": "Y",
        "specialPermissionAddCodeDescription": "Office of Academic Services",
        "subtitle": null,
        "meetingTimes": [
          {
            "campusLocation": "2",
            "baClassHours": null,
            "roomNumber": "288",
            "pmCode": "A",
            "campusAbbrev": "BUS",
            "campusName": "BUSCH",
            "meetingDay": "TH",
            "buildingCode": "PH",
            "startTime": "1040",
            "endTime": "1230",
            "meetingModeDesc": "LEC",
            "meetingModeCode": "02"
          }
        ],
        "legendKey": null,
        "honorPrograms": []
      }
    ],
    "supplementCode": "  ",
    "credits": 2,
    "unitNotes": null,
    "coreCodes": [],
    "courseNotes": null,
    "expandedTitle": "CONCEPTS IN PALLIATIVE AND END-OF-LIFE  CARE                                    "
  },
  {
    "subjectNotes": null,
    "courseNumber": "581",
    "subject": "725",
    "campusCode": "NB",
    "openSections": 1,
    "synopsisUrl": null,
    "subjectGroupNotes": null,
    "offeringUnitCode": "31",
    "offeringUnitTitle": null,
    "title": "CONC PSYCH PHARMTHR",
    "courseDescription": null,
    "preReqNotes": null,
    "sections": [
      {
        "sectionEligibility": null,
        "sessionDatePrintIndicator": "N",
        "examCode": "A",
        "specialPermissionAddCode": "21",
        "crossListedSections": [],
        "sectionNotes": "OPEN TO P3 STUDENTS ONLYCOREQ: 31:725:595",
        "specialPermissionDropCode": "5",
        "instructors": [
          {
            "name": "MARONEY, MEGAN"
          }
        ],
        "number": "01",
        "majors": [
          {
            "code": "31",
            "isUnitCode": true,
            "isMajorCode": false
          }
        ],
        "sessionDates": null,
        "specialPermissionDropCodeDescription": "5",
        "subtopic": null,
        "openStatus": true,
        "comments": [
          {
            "code": "05",
            "description": "Go to http://canvas.rutgers.edu"
          }
        ],
        "minors": [],
        "campusCode": "NB",
        "index": "16873",
        "unitMajors": [],
        "printed": "Y",
        "specialPermissionAddCodeDescription": "Office of Academic Services",
        "subtitle": null,
        "meetingTimes": [
          {
            "campusLocation": "2",
            "baClassHours": null,
            "roomNumber": "288",
            "pmCode": "P",
            "campusAbbrev": "BUS",
            "campusName": "BUSCH",
            "meetingDay": "TH",
            "buildingCode": "PH",
            "startTime": "1250",
            "endTime": "0240",
            "meetingModeDesc": "LEC",
            "meetingModeCode": "02"
          }
        ],
        "legendKey": null,
        "honorPrograms": []
      }
    ],
    "supplementCode": "  ",
    "credits": 2,
    "unitNotes": null,
    "coreCodes": [],
    "courseNotes": null,
    "expandedTitle": "CONCEPTS IN PSYCHIATRIC PHARMACOTHERAPY"
  },
  {
    "subjectNotes": null,
    "courseNumber": "582",
    "subject": "725",
    "campusCode": "NB",
    "openSections": 1,
    "synopsisUrl": null,
    "subjectGroupNotes": null,
    "offeringUnitCode": "31",
    "offeringUnitTitle": null,
    "title": "CRITICAL CARE THER",
    "courseDescription": null,
    "preReqNotes": null,
    "sections": [
      {
        "sectionEligibility": null,
        "sessionDatePrintIndicator": "N",
        "examCode": "A",
        "specialPermissionAddCode": "21",
        "crossListedSections": [],
        "sectionNotes": "OPEN TO P3 STUDENTS ONLY",
        "specialPermissionDropCode": "5",
        "instructors": [
          {
            "name": "ANDREWS"
          }
        ],
        "number": "01",
        "majors": [
          {
            "code": "720",
            "isUnitCode": false,
            "isMajorCode": true
          },
          {
            "code": "31",
            "isUnitCode": true,
            "isMajorCode": false
          }
        ],
        "sessionDates": null,
        "specialPermissionDropCodeDescription": "5",
        "subtopic": null,
        "openStatus": true,
        "comments": [
          {
            "code": "05",
            "description": "Go to http://canvas.rutgers.edu"
          }
        ],
        "minors": [],
        "campusCode": "NB",
        "index": "16874",
        "unitMajors": [],
        "printed": "Y",
        "specialPermissionAddCodeDescription": "Office of Academic Services",
        "subtitle": null,
        "meetingTimes": [
          {
            "campusLocation": "2",
            "baClassHours": null,
            "roomNumber": "288",
            "pmCode": "A",
            "campusAbbrev": "BUS",
            "campusName": "BUSCH",
            "meetingDay": "W",
            "buildingCode": "PH",
            "startTime": "1040",
            "endTime": "1230",
            "meetingModeDesc": "LEC",
            "meetingModeCode": "02"
          }
        ],
        "legendKey": null,
        "honorPrograms": []
      },
      {
        "sectionEligibility": null,
        "sessionDatePrintIndicator": "N",
        "examCode": "A",
        "specialPermissionAddCode": "21",
        "crossListedSections": [],
        "sectionNotes": "OPEN TO P3 STUDENTS ONLY",
        "specialPermissionDropCode": "5",
        "instructors": [
          {
            "name": "ANDREWS"
          }
        ],
        "number": "02",
        "majors": [
          {
            "code": "720",
            "isUnitCode": false,
            "isMajorCode": true
          },
          {
            "code": "31",
            "isUnitCode": true,
            "isMajorCode": false
          }
        ],
        "sessionDates": null,
        "specialPermissionDropCodeDescription": "5",
        "subtopic": null,
        "openStatus": false,
        "comments": [
          {
            "code": "05",
            "description": "Go to http://canvas.rutgers.edu"
          }
        ],
        "minors": [],
        "campusCode": "NB",
        "index": "16875",
        "unitMajors": [],
        "printed": "N",
        "specialPermissionAddCodeDescription": "Office of Academic Services",
        "subtitle": null,
        "meetingTimes": [
          {
            "campusLocation": "2",
            "baClassHours": null,
            "roomNumber": "288",
            "pmCode": "P",
            "campusAbbrev": "BUS",
            "campusName": "BUSCH",
            "meetingDay": "W",
            "buildingCode": "PH",
            "startTime": "0100",
            "endTime": "0250",
            "meetingModeDesc": "LEC",
            "meetingModeCode": "02"
          }
        ],
        "legendKey": null,
        "honorPrograms": []
      }
    ],
    "supplementCode": "  ",
    "credits": 2,
    "unitNotes": null,
    "coreCodes": [],
    "courseNotes": null,
    "expandedTitle": "CRITICAL CARE PHARMACOTHERAPY                                                   "
  },
  {
    "subjectNotes": null,
    "courseNumber": "615",
    "subject": "725",
    "campusCode": "NB",
    "openSections": 1,
    "synopsisUrl": null,
    "subjectGroupNotes": null,
    "offeringUnitCode": "31",
    "offeringUnitTitle": null,
    "title": "LEAP-AHEAD PORTFOLIO",
    "courseDescription": null,
    "preReqNotes": null,
    "sections": [
      {
        "sectionEligibility": null,
        "sessionDatePrintIndicator": "N",
        "examCode": "A",
        "specialPermissionAddCode": null,
        "crossListedSections": [],
        "sectionNotes": "OPEN TO 4TH PROFESSIONALYEAR STUDENTS ONLY",
        "specialPermissionDropCode": "3",
        "instructors": [
          {
            "name": "REINAKER"
          },
          {
            "name": "BRIDGEMAN, MARY"
          }
        ],
        "number": "01",
        "majors": [],
        "sessionDates": null,
        "specialPermissionDropCodeDescription": "3",
        "subtopic": null,
        "openStatus": true,
        "comments": [],
        "minors": [],
        "campusCode": "NB",
        "index": "16876",
        "unitMajors": [],
        "printed": "Y",
        "specialPermissionAddCodeDescription": null,
        "subtitle": null,
        "meetingTimes": [
          {
            "campusLocation": null,
            "baClassHours": "B",
            "roomNumber": null,
            "pmCode": null,
            "campusAbbrev": null,
            "campusName": null,
            "meetingDay": null,
            "buildingCode": null,
            "startTime": null,
            "endTime": null,
            "meetingModeDesc": "LEC",
            "meetingModeCode": "02"
          }
        ],
        "legendKey": null,
        "honorPrograms": []
      }
    ],
    "supplementCode": "  ",
    "credits": 1,
    "unitNotes": null,
    "coreCodes": [],
    "courseNotes": null,
    "expandedTitle": "LEAP-AHEAD DOCUMENTATION/PORTFOLIO                                              "
  },
  {
    "subjectNotes": null,
    "courseNumber": "617",
    "subject": "725",
    "campusCode": "NB",
    "openSections": 1,
    "synopsisUrl": null,
    "subjectGroupNotes": null,
    "offeringUnitCode": "31",
    "offeringUnitTitle": null,
    "title": "PREP SEMINAR",
    "courseDescription": null,
    "preReqNotes": null,
    "sections": [
      {
        "sectionEligibility": null,
        "sessionDatePrintIndicator": "N",
        "examCode": "A",
        "specialPermissionAddCode": null,
        "crossListedSections": [],
        "sectionNotes": "OPEN TO 4TH PROFESSIONAL YEARSTUDENTS ONLY",
        "specialPermissionDropCode": "3",
        "instructors": [],
        "number": "01",
        "majors": [
          {
            "code": "31",
            "isUnitCode": true,
            "isMajorCode": false
          }
        ],
        "sessionDates": null,
        "specialPermissionDropCodeDescription": "3",
        "subtopic": null,
        "openStatus": true,
        "comments": [],
        "minors": [],
        "campusCode": "NB",
        "index": "16877",
        "unitMajors": [],
        "printed": "Y",
        "specialPermissionAddCodeDescription": null,
        "subtitle": null,
        "meetingTimes": [
          {
            "campusLocation": null,
            "baClassHours": "B",
            "roomNumber": null,
            "pmCode": null,
            "campusAbbrev": null,
            "campusName": null,
            "meetingDay": null,
            "buildingCode": null,
            "startTime": null,
            "endTime": null,
            "meetingModeDesc": "PROJ-IND",
            "meetingModeCode": "19"
          }
        ],
        "legendKey": null,
        "honorPrograms": []
      }
    ],
    "supplementCode": "  ",
    "credits": 2,
    "unitNotes": null,
    "coreCodes": [],
    "courseNotes": null,
    "expandedTitle": "PHARMACY REVIEW, EVALUATION, AND PREPARATION (PREP) SEMINAR                     "
  },
  {
    "subjectNotes": null,
    "courseNumber": "797",
    "subject": "725",
    "campusCode": "NB",
    "openSections": 1,
    "synopsisUrl": null,
    "subjectGroupNotes": null,
    "offeringUnitCode": "31",
    "offeringUnitTitle": null,
    "title": "ADV PRACT EXPER VII",
    "courseDescription": null,
    "preReqNotes": null,
    "sections": [
      {
        "sectionEligibility": null,
        "sessionDatePrintIndicator": "N",
        "examCode": "A",
        "specialPermissionAddCode": null,
        "crossListedSections": [],
        "sectionNotes": "OPEN TO P4 STUDENTS ONLY(01/07/2019-02/08/2019)",
        "specialPermissionDropCode": "3",
        "instructors": [],
        "number": "85",
        "majors": [
          {
            "code": "31",
            "isUnitCode": true,
            "isMajorCode": false
          }
        ],
        "sessionDates": null,
        "specialPermissionDropCodeDescription": "3",
        "subtopic": null,
        "openStatus": true,
        "comments": [],
        "minors": [],
        "campusCode": "NB",
        "index": "16878",
        "unitMajors": [],
        "printed": "Y",
        "specialPermissionAddCodeDescription": null,
        "subtitle": null,
        "meetingTimes": [
          {
            "campusLocation": null,
            "baClassHours": "B",
            "roomNumber": null,
            "pmCode": null,
            "campusAbbrev": null,
            "campusName": null,
            "meetingDay": null,
            "buildingCode": null,
            "startTime": null,
            "endTime": null,
            "meetingModeDesc": "PROJ-IND",
            "meetingModeCode": "19"
          }
        ],
        "legendKey": null,
        "honorPrograms": []
      }
    ],
    "supplementCode": "  ",
    "credits": 5,
    "unitNotes": null,
    "coreCodes": [],
    "courseNotes": null,
    "expandedTitle": "ADVANCED PHARMACY PRACTICE EXPERIENCE ROTATION                                  "
  },
  {
    "subjectNotes": null,
    "courseNumber": "798",
    "subject": "725",
    "campusCode": "NB",
    "openSections": 1,
    "synopsisUrl": null,
    "subjectGroupNotes": null,
    "offeringUnitCode": "31",
    "offeringUnitTitle": null,
    "title": "ADV PRACT EXPER VIII",
    "courseDescription": null,
    "preReqNotes": null,
    "sections": [
      {
        "sectionEligibility": null,
        "sessionDatePrintIndicator": "N",
        "examCode": "A",
        "specialPermissionAddCode": null,
        "crossListedSections": [],
        "sectionNotes": "OPEN TO P4 STUDENTS ONLY(02/11/19 - 03/15/19)",
        "specialPermissionDropCode": "3",
        "instructors": [],
        "number": "85",
        "majors": [
          {
            "code": "31",
            "isUnitCode": true,
            "isMajorCode": false
          }
        ],
        "sessionDates": null,
        "specialPermissionDropCodeDescription": "3",
        "subtopic": null,
        "openStatus": true,
        "comments": [],
        "minors": [],
        "campusCode": "NB",
        "index": "16879",
        "unitMajors": [],
        "printed": "Y",
        "specialPermissionAddCodeDescription": null,
        "subtitle": null,
        "meetingTimes": [
          {
            "campusLocation": null,
            "baClassHours": "B",
            "roomNumber": null,
            "pmCode": null,
            "campusAbbrev": null,
            "campusName": null,
            "meetingDay": null,
            "buildingCode": null,
            "startTime": null,
            "endTime": null,
            "meetingModeDesc": "PROJ-IND",
            "meetingModeCode": "19"
          }
        ],
        "legendKey": null,
        "honorPrograms": []
      }
    ],
    "supplementCode": "  ",
    "credits": 5,
    "unitNotes": null,
    "coreCodes": [],
    "courseNotes": null,
    "expandedTitle": "ADVANCED PHARMACY PRACTICE EXPERIENCE ROTATION                                  "
  },
  {
    "subjectNotes": null,
    "courseNumber": "799",
    "subject": "725",
    "campusCode": "NB",
    "openSections": 1,
    "synopsisUrl": null,
    "subjectGroupNotes": null,
    "offeringUnitCode": "31",
    "offeringUnitTitle": null,
    "title": "ADV PRACT EXPER IX",
    "courseDescription": null,
    "preReqNotes": null,
    "sections": [
      {
        "sectionEligibility": null,
        "sessionDatePrintIndicator": "N",
        "examCode": "A",
        "specialPermissionAddCode": null,
        "crossListedSections": [],
        "sectionNotes": "OPEN TO P4 STUDENTS ONLY(04/01/19-5/3/19)",
        "specialPermissionDropCode": "3",
        "instructors": [],
        "number": "85",
        "majors": [
          {
            "code": "31",
            "isUnitCode": true,
            "isMajorCode": false
          }
        ],
        "sessionDates": null,
        "specialPermissionDropCodeDescription": "3",
        "subtopic": null,
        "openStatus": true,
        "comments": [],
        "minors": [],
        "campusCode": "NB",
        "index": "16880",
        "unitMajors": [],
        "printed": "Y",
        "specialPermissionAddCodeDescription": null,
        "subtitle": null,
        "meetingTimes": [
          {
            "campusLocation": null,
            "baClassHours": "B",
            "roomNumber": null,
            "pmCode": null,
            "campusAbbrev": null,
            "campusName": null,
            "meetingDay": null,
            "buildingCode": null,
            "startTime": null,
            "endTime": null,
            "meetingModeDesc": "PROJ-IND",
            "meetingModeCode": "19"
          }
        ],
        "legendKey": null,
        "honorPrograms": []
      }
    ],
    "supplementCode": "  ",
    "credits": 5,
    "unitNotes": null,
    "coreCodes": [],
    "courseNotes": null,
    "expandedTitle": "ADVANCED PHARMACY PRACTICE EXPERIENCE ROTATION                                  "
  },
  {
    "subjectNotes": null,
    "courseNumber": "800",
    "subject": "725",
    "campusCode": "NB",
    "openSections": 1,
    "synopsisUrl": null,
    "subjectGroupNotes": null,
    "offeringUnitCode": "31",
    "offeringUnitTitle": null,
    "title": "MATRICULATION CONTD",
    "courseDescription": null,
    "preReqNotes": null,
    "sections": [
      {
        "sectionEligibility": null,
        "sessionDatePrintIndicator": "N",
        "examCode": "A",
        "specialPermissionAddCode": "03",
        "crossListedSections": [],
        "sectionNotes": "BY PERMISSION OF ASSOC.DEAN ONLY",
        "specialPermissionDropCode": null,
        "instructors": [],
        "number": "85",
        "majors": [],
        "sessionDates": null,
        "specialPermissionDropCodeDescription": null,
        "subtopic": null,
        "openStatus": true,
        "comments": [],
        "minors": [],
        "campusCode": "NB",
        "index": "16881",
        "unitMajors": [],
        "printed": "Y",
        "specialPermissionAddCodeDescription": "Department staff",
        "subtitle": null,
        "meetingTimes": [
          {
            "campusLocation": null,
            "baClassHours": "B",
            "roomNumber": null,
            "pmCode": null,
            "campusAbbrev": null,
            "campusName": null,
            "meetingDay": null,
            "buildingCode": null,
            "startTime": null,
            "endTime": null,
            "meetingModeDesc": "PROJ-IND",
            "meetingModeCode": "19"
          }
        ],
        "legendKey": null,
        "honorPrograms": []
      }
    ],
    "supplementCode": "  ",
    "credits": 0,
    "unitNotes": null,
    "coreCodes": [],
    "courseNotes": null,
    "expandedTitle": null
  }
]