[
  {
    "subjectNotes": null,
    "courseNumber": "580",
    "subject": "799",
    "campusCode": "NB",
    "openSections": 2,
    "synopsisUrl": "http://www.business.rutgers.edu/current-students/mba/scm/courses",
    "subjectGroupNotes": null,
    "offeringUnitCode": "22",
    "offeringUnitTitle": null,
    "title": "OPERATIONS ANALYSIS",
    "courseDescription": null,
    "preReqNotes": "(22:135:571 )<em> AND </em>(22:135:572 )",
    "sections": [
      {
        "sectionEligibility": null,
        "sessionDatePrintIndicator": "N",
        "examCode": "A",
        "specialPermissionAddCode": null,
        "crossListedSections": [],
        "sectionNotes": null,
        "specialPermissionDropCode": null,
        "instructors": [
          {
            "name": "MELAMED"
          }
        ],
        "number": "52",
        "majors": [
          {
            "code": "135",
            "isUnitCode": false,
            "isMajorCode": true
          }
        ],
        "sessionDates": null,
        "specialPermissionDropCodeDescription": null,
        "subtopic": null,
        "openStatus": false,
        "comments": [
          {
            "code": "AL",
            "description": "Course may require: Webcam, Microphone, Phone Camera or Scanner"
          },
          {
            "code": "05",
            "description": "Go to http://canvas.rutgers.edu"
          }
        ],
        "minors": [],
        "campusCode": "NB",
        "index": "16693",
        "unitMajors": [],
        "printed": "Y",
        "specialPermissionAddCodeDescription": null,
        "subtitle": null,
        "meetingTimes": [
          {
            "campusLocation": "O",
            "baClassHours": "B",
            "roomNumber": null,
            "pmCode": null,
            "campusAbbrev": "**",
            "campusName": "** INVALID **",
            "meetingDay": null,
            "buildingCode": null,
            "startTime": null,
            "endTime": null,
            "meetingModeDesc": "ONLINE INSTRUCTION(INTERNET)",
            "meetingModeCode": "90"
          }
        ],
        "legendKey": null,
        "honorPrograms": []
      },
      {
        "sectionEligibility": null,
        "sessionDatePrintIndicator": "N",
        "examCode": "A",
        "specialPermissionAddCode": null,
        "crossListedSections": [
          {
            "courseNumber": "580",
            "supplementCode": "NB",
            "sectionNumber": "68",
            "offeringUnitCampus": "NB",
            "primaryRegistrationIndex": "16694",
            "offeringUnitCode": "22",
            "registrationIndex": "16695",
            "subjectCode": "799"
          }
        ],
        "sectionNotes": null,
        "specialPermissionDropCode": null,
        "instructors": [
          {
            "name": "MELAMED"
          }
        ],
        "number": "61",
        "majors": [
          {
            "code": "135",
            "isUnitCode": false,
            "isMajorCode": true
          }
        ],
        "sessionDates": null,
        "specialPermissionDropCodeDescription": null,
        "subtopic": null,
        "openStatus": true,
        "comments": [
          {
            "code": "05",
            "description": "Go to http://canvas.rutgers.edu"
          },
          {
            "code": "AL",
            "description": "Course may require: Webcam, Microphone, Phone Camera or Scanner"
          }
        ],
        "minors": [],
        "campusCode": "NB",
        "index": "16694",
        "unitMajors": [],
        "printed": "Y",
        "specialPermissionAddCodeDescription": null,
        "subtitle": null,
        "meetingTimes": [
          {
            "campusLocation": "O",
            "baClassHours": null,
            "roomNumber": null,
            "pmCode": "P",
            "campusAbbrev": "**",
            "campusName": "** INVALID **",
            "meetingDay": "TH",
            "buildingCode": null,
            "startTime": "0600",
            "endTime": "0900",
            "meetingModeDesc": "ONLINE INSTRUCTION(INTERNET)",
            "meetingModeCode": "90"
          }
        ],
        "legendKey": null,
        "honorPrograms": []
      },
      {
        "sectionEligibility": null,
        "sessionDatePrintIndicator": "N",
        "examCode": "A",
        "specialPermissionAddCode": null,
        "crossListedSections": [
          {
            "courseNumber": "580",
            "supplementCode": "NB",
            "sectionNumber": "61",
            "offeringUnitCampus": "NB",
            "primaryRegistrationIndex": "16695",
            "offeringUnitCode": "22",
            "registrationIndex": "16694",
            "subjectCode": "799"
          }
        ],
        "sectionNotes": null,
        "specialPermissionDropCode": null,
        "instructors": [
          {
            "name": "MELAMED"
          }
        ],
        "number": "68",
        "majors": [
          {
            "code": "497",
            "isUnitCode": false,
            "isMajorCode": true
          },
          {
            "code": "491",
            "isUnitCode": false,
            "isMajorCode": true
          },
          {
            "code": "794",
            "isUnitCode": false,
            "isMajorCode": true
          }
        ],
        "sessionDates": null,
        "specialPermissionDropCodeDescription": null,
        "subtopic": null,
        "openStatus": true,
        "comments": [
          {
            "code": "05",
            "description": "Go to http://canvas.rutgers.edu"
          },
          {
            "code": "AL",
            "description": "Course may require: Webcam, Microphone, Phone Camera or Scanner"
          }
        ],
        "minors": [],
        "campusCode": "NB",
        "index": "16695",
        "unitMajors": [],
        "printed": "Y",
        "specialPermissionAddCodeDescription": null,
        "subtitle": null,
        "meetingTimes": [
          {
            "campusLocation": "O",
            "baClassHours": null,
            "roomNumber": null,
            "pmCode": "P",
            "campusAbbrev": "**",
            "campusName": "** INVALID **",
            "meetingDay": "TH",
            "buildingCode": null,
            "startTime": "0600",
            "endTime": "0900",
            "meetingModeDesc": "ONLINE INSTRUCTION(INTERNET)",
            "meetingModeCode": "90"
          }
        ],
        "legendKey": null,
        "honorPrograms": []
      }
    ],
    "supplementCode": "NB",
    "credits": 3,
    "unitNotes": null,
    "coreCodes": [],
    "courseNotes": null,
    "expandedTitle": null
  },
  {
    "subjectNotes": null,
    "courseNumber": "599",
    "subject": "799",
    "campusCode": "NB",
    "openSections": 1,
    "synopsisUrl": "http://www.business.rutgers.edu/current-students/mba/scm/courses",
    "subjectGroupNotes": null,
    "offeringUnitCode": "22",
    "offeringUnitTitle": null,
    "title": "MSCA ORIENTATION",
    "courseDescription": null,
    "preReqNotes": null,
    "sections": [
      {
        "sectionEligibility": null,
        "sessionDatePrintIndicator": "N",
        "examCode": "O",
        "specialPermissionAddCode": null,
        "crossListedSections": [],
        "sectionNotes": null,
        "specialPermissionDropCode": null,
        "instructors": [
          {
            "name": "AGRESTA, JOSEPH"
          }
        ],
        "number": "68",
        "majors": [
          {
            "code": "794",
            "isUnitCode": false,
            "isMajorCode": true
          }
        ],
        "sessionDates": null,
        "specialPermissionDropCodeDescription": null,
        "subtopic": null,
        "openStatus": true,
        "comments": [
          {
            "code": "05",
            "description": "Go to http://canvas.rutgers.edu"
          }
        ],
        "minors": [],
        "campusCode": "NB",
        "index": "16696",
        "unitMajors": [],
        "printed": "Y",
        "specialPermissionAddCodeDescription": null,
        "subtitle": null,
        "meetingTimes": [
          {
            "campusLocation": "O",
            "baClassHours": "B",
            "roomNumber": null,
            "pmCode": null,
            "campusAbbrev": "**",
            "campusName": "** INVALID **",
            "meetingDay": null,
            "buildingCode": null,
            "startTime": null,
            "endTime": null,
            "meetingModeDesc": "ONLINE INSTRUCTION(INTERNET)",
            "meetingModeCode": "90"
          }
        ],
        "legendKey": null,
        "honorPrograms": []
      }
    ],
    "supplementCode": "NB",
    "credits": 0,
    "unitNotes": null,
    "coreCodes": [],
    "courseNotes": null,
    "expandedTitle": "MSCA ORIENTATION                                                                "
  },
  {
    "subjectNotes": null,
    "courseNumber": "601",
    "subject": "799",
    "campusCode": "NB",
    "openSections": 1,
    "synopsisUrl": "http://www.business.rutgers.edu/current-students/mba/scm/courses",
    "subjectGroupNotes": null,
    "offeringUnitCode": "22",
    "offeringUnitTitle": null,
    "title": "SC ANALYTICS MS",
    "courseDescription": null,
    "preReqNotes": null,
    "sections": [
      {
        "sectionEligibility": null,
        "sessionDatePrintIndicator": "N",
        "examCode": "A",
        "specialPermissionAddCode": null,
        "crossListedSections": [],
        "sectionNotes": "SUPPLY CHAIN ANALYTICS PROGRAM",
        "specialPermissionDropCode": null,
        "instructors": [
          {
            "name": "ZHAO, YAO"
          }
        ],
        "number": "68",
        "majors": [
          {
            "code": "794",
            "isUnitCode": false,
            "isMajorCode": true
          }
        ],
        "sessionDates": null,
        "specialPermissionDropCodeDescription": null,
        "subtopic": null,
        "openStatus": true,
        "comments": [
          {
            "code": "05",
            "description": "Go to http://canvas.rutgers.edu"
          },
          {
            "code": "AL",
            "description": "Course may require: Webcam, Microphone, Phone Camera or Scanner"
          }
        ],
        "minors": [],
        "campusCode": "NB",
        "index": "16697",
        "unitMajors": [],
        "printed": "Y",
        "specialPermissionAddCodeDescription": null,
        "subtitle": null,
        "meetingTimes": [
          {
            "campusLocation": "O",
            "baClassHours": null,
            "roomNumber": null,
            "pmCode": "P",
            "campusAbbrev": "**",
            "campusName": "** INVALID **",
            "meetingDay": "TH",
            "buildingCode": null,
            "startTime": "0200",
            "endTime": "0500",
            "meetingModeDesc": "ONLINE INSTRUCTION(INTERNET)",
            "meetingModeCode": "90"
          }
        ],
        "legendKey": null,
        "honorPrograms": []
      }
    ],
    "supplementCode": "NB",
    "credits": 3,
    "unitNotes": null,
    "coreCodes": [],
    "courseNotes": null,
    "expandedTitle": "SC ANALYTICS MS                                                                 "
  },
  {
    "subjectNotes": null,
    "courseNumber": "607",
    "subject": "799",
    "campusCode": "NB",
    "openSections": 1,
    "synopsisUrl": "http://www.business.rutgers.edu/current-students/mba/scm/courses",
    "subjectGroupNotes": null,
    "offeringUnitCode": "22",
    "offeringUnitTitle": null,
    "title": "SUPPLY CHN MGT STRAT",
    "courseDescription": null,
    "preReqNotes": null,
    "sections": [
      {
        "sectionEligibility": null,
        "sessionDatePrintIndicator": "N",
        "examCode": "A",
        "specialPermissionAddCode": null,
        "crossListedSections": [
          {
            "courseNumber": "607",
            "supplementCode": "NB",
            "sectionNumber": "68",
            "offeringUnitCampus": "NB",
            "primaryRegistrationIndex": "16698",
            "offeringUnitCode": "22",
            "registrationIndex": "16699",
            "subjectCode": "799"
          }
        ],
        "sectionNotes": null,
        "specialPermissionDropCode": null,
        "instructors": [
          {
            "name": "HELLRIEGEL"
          }
        ],
        "number": "60",
        "majors": [
          {
            "code": "544",
            "isUnitCode": false,
            "isMajorCode": true
          },
          {
            "code": "135",
            "isUnitCode": false,
            "isMajorCode": true
          }
        ],
        "sessionDates": null,
        "specialPermissionDropCodeDescription": null,
        "subtopic": null,
        "openStatus": true,
        "comments": [
          {
            "code": "05",
            "description": "Go to http://canvas.rutgers.edu"
          }
        ],
        "minors": [],
        "campusCode": "NB",
        "index": "16698",
        "unitMajors": [],
        "printed": "Y",
        "specialPermissionAddCodeDescription": null,
        "subtitle": null,
        "meetingTimes": [
          {
            "campusLocation": "3",
            "baClassHours": null,
            "roomNumber": "5073",
            "pmCode": "P",
            "campusAbbrev": "LIV",
            "campusName": "LIVINGSTON",
            "meetingDay": "W",
            "buildingCode": "BRR",
            "startTime": "0600",
            "endTime": "0900",
            "meetingModeDesc": "LEC",
            "meetingModeCode": "02"
          }
        ],
        "legendKey": null,
        "honorPrograms": []
      },
      {
        "sectionEligibility": null,
        "sessionDatePrintIndicator": "N",
        "examCode": "A",
        "specialPermissionAddCode": null,
        "crossListedSections": [
          {
            "courseNumber": "607",
            "supplementCode": "NB",
            "sectionNumber": "60",
            "offeringUnitCampus": "NB",
            "primaryRegistrationIndex": "16699",
            "offeringUnitCode": "22",
            "registrationIndex": "16698",
            "subjectCode": "799"
          }
        ],
        "sectionNotes": null,
        "specialPermissionDropCode": null,
        "instructors": [
          {
            "name": "HELLRIEGEL"
          }
        ],
        "number": "68",
        "majors": [
          {
            "code": "491",
            "isUnitCode": false,
            "isMajorCode": true
          },
          {
            "code": "497",
            "isUnitCode": false,
            "isMajorCode": true
          },
          {
            "code": "794",
            "isUnitCode": false,
            "isMajorCode": true
          }
        ],
        "sessionDates": null,
        "specialPermissionDropCodeDescription": null,
        "subtopic": null,
        "openStatus": false,
        "comments": [
          {
            "code": "05",
            "description": "Go to http://canvas.rutgers.edu"
          }
        ],
        "minors": [],
        "campusCode": "NB",
        "index": "16699",
        "unitMajors": [],
        "printed": "Y",
        "specialPermissionAddCodeDescription": null,
        "subtitle": null,
        "meetingTimes": [
          {
            "campusLocation": "3",
            "baClassHours": null,
            "roomNumber": "5073",
            "pmCode": "P",
            "campusAbbrev": "LIV",
            "campusName": "LIVINGSTON",
            "meetingDay": "W",
            "buildingCode": "BRR",
            "startTime": "0600",
            "endTime": "0900",
            "meetingModeDesc": "LEC",
            "meetingModeCode": "02"
          }
        ],
        "legendKey": null,
        "honorPrograms": []
      }
    ],
    "supplementCode": "NB",
    "credits": 3,
    "unitNotes": null,
    "coreCodes": [],
    "courseNotes": null,
    "expandedTitle": null
  },
  {
    "subjectNotes": null,
    "courseNumber": "608",
    "subject": "799",
    "campusCode": "NB",
    "openSections": 1,
    "synopsisUrl": "http://www.business.rutgers.edu/current-students/mba/scm/courses",
    "subjectGroupNotes": null,
    "offeringUnitCode": "22",
    "offeringUnitTitle": null,
    "title": "PROCURMNT&GLOBL SORC",
    "courseDescription": null,
    "preReqNotes": null,
    "sections": [
      {
        "sectionEligibility": null,
        "sessionDatePrintIndicator": "N",
        "examCode": "A",
        "specialPermissionAddCode": null,
        "crossListedSections": [
          {
            "courseNumber": "608",
            "supplementCode": "NB",
            "sectionNumber": "68",
            "offeringUnitCampus": "NB",
            "primaryRegistrationIndex": "16700",
            "offeringUnitCode": "22",
            "registrationIndex": "16701",
            "subjectCode": "799"
          }
        ],
        "sectionNotes": null,
        "specialPermissionDropCode": null,
        "instructors": [
          {
            "name": "AZADEGAN, ARASH"
          }
        ],
        "number": "60",
        "majors": [
          {
            "code": "135",
            "isUnitCode": false,
            "isMajorCode": true
          }
        ],
        "sessionDates": null,
        "specialPermissionDropCodeDescription": null,
        "subtopic": null,
        "openStatus": true,
        "comments": [
          {
            "code": "05",
            "description": "Go to http://canvas.rutgers.edu"
          }
        ],
        "minors": [],
        "campusCode": "NB",
        "index": "16700",
        "unitMajors": [],
        "printed": "Y",
        "specialPermissionAddCodeDescription": null,
        "subtitle": null,
        "meetingTimes": [
          {
            "campusLocation": "3",
            "baClassHours": null,
            "roomNumber": "4087",
            "pmCode": "P",
            "campusAbbrev": "LIV",
            "campusName": "LIVINGSTON",
            "meetingDay": "TH",
            "buildingCode": "BRR",
            "startTime": "0600",
            "endTime": "0900",
            "meetingModeDesc": "LEC",
            "meetingModeCode": "02"
          }
        ],
        "legendKey": null,
        "honorPrograms": []
      },
      {
        "sectionEligibility": null,
        "sessionDatePrintIndicator": "N",
        "examCode": "A",
        "specialPermissionAddCode": null,
        "crossListedSections": [
          {
            "courseNumber": "608",
            "supplementCode": "NB",
            "sectionNumber": "60",
            "offeringUnitCampus": "NB",
            "primaryRegistrationIndex": "16701",
            "offeringUnitCode": "22",
            "registrationIndex": "16700",
            "subjectCode": "799"
          }
        ],
        "sectionNotes": null,
        "specialPermissionDropCode": null,
        "instructors": [
          {
            "name": "AZADEGAN, ARASH"
          }
        ],
        "number": "68",
        "majors": [
          {
            "code": "794",
            "isUnitCode": false,
            "isMajorCode": true
          },
          {
            "code": "497",
            "isUnitCode": false,
            "isMajorCode": true
          },
          {
            "code": "491",
            "isUnitCode": false,
            "isMajorCode": true
          }
        ],
        "sessionDates": null,
        "specialPermissionDropCodeDescription": null,
        "subtopic": null,
        "openStatus": false,
        "comments": [
          {
            "code": "05",
            "description": "Go to http://canvas.rutgers.edu"
          }
        ],
        "minors": [],
        "campusCode": "NB",
        "index": "16701",
        "unitMajors": [],
        "printed": "Y",
        "specialPermissionAddCodeDescription": null,
        "subtitle": null,
        "meetingTimes": [
          {
            "campusLocation": "3",
            "baClassHours": null,
            "roomNumber": "4087",
            "pmCode": "P",
            "campusAbbrev": "LIV",
            "campusName": "LIVINGSTON",
            "meetingDay": "TH",
            "buildingCode": "BRR",
            "startTime": "0600",
            "endTime": "0900",
            "meetingModeDesc": "LEC",
            "meetingModeCode": "02"
          }
        ],
        "legendKey": null,
        "honorPrograms": []
      }
    ],
    "supplementCode": "NB",
    "credits": 3,
    "unitNotes": null,
    "coreCodes": [],
    "courseNotes": null,
    "expandedTitle": null
  },
  {
    "subjectNotes": null,
    "courseNumber": "625",
    "subject": "799",
    "campusCode": "NB",
    "openSections": 2,
    "synopsisUrl": "http://www.business.rutgers.edu/current-students/mba/scm/courses",
    "subjectGroupNotes": null,
    "offeringUnitCode": "22",
    "offeringUnitTitle": null,
    "title": "SERVICE MGMT",
    "courseDescription": null,
    "preReqNotes": null,
    "sections": [
      {
        "sectionEligibility": null,
        "sessionDatePrintIndicator": "N",
        "examCode": "A",
        "specialPermissionAddCode": null,
        "crossListedSections": [
          {
            "courseNumber": "625",
            "supplementCode": "NB",
            "sectionNumber": "68",
            "offeringUnitCampus": "NB",
            "primaryRegistrationIndex": "16702",
            "offeringUnitCode": "22",
            "registrationIndex": "16703",
            "subjectCode": "799"
          }
        ],
        "sectionNotes": null,
        "specialPermissionDropCode": null,
        "instructors": [
          {
            "name": "BAVEJA, ALOK"
          }
        ],
        "number": "61",
        "majors": [
          {
            "code": "135",
            "isUnitCode": false,
            "isMajorCode": true
          }
        ],
        "sessionDates": null,
        "specialPermissionDropCodeDescription": null,
        "subtopic": null,
        "openStatus": true,
        "comments": [
          {
            "code": "05",
            "description": "Go to http://canvas.rutgers.edu"
          }
        ],
        "minors": [],
        "campusCode": "NB",
        "index": "16702",
        "unitMajors": [],
        "printed": "Y",
        "specialPermissionAddCodeDescription": null,
        "subtitle": null,
        "meetingTimes": [
          {
            "campusLocation": "O",
            "baClassHours": "B",
            "roomNumber": null,
            "pmCode": null,
            "campusAbbrev": "**",
            "campusName": "** INVALID **",
            "meetingDay": null,
            "buildingCode": null,
            "startTime": null,
            "endTime": null,
            "meetingModeDesc": "ONLINE INSTRUCTION(INTERNET)",
            "meetingModeCode": "90"
          }
        ],
        "legendKey": null,
        "honorPrograms": []
      },
      {
        "sectionEligibility": null,
        "sessionDatePrintIndicator": "N",
        "examCode": "A",
        "specialPermissionAddCode": null,
        "crossListedSections": [
          {
            "courseNumber": "625",
            "supplementCode": "NB",
            "sectionNumber": "61",
            "offeringUnitCampus": "NB",
            "primaryRegistrationIndex": "16703",
            "offeringUnitCode": "22",
            "registrationIndex": "16702",
            "subjectCode": "799"
          }
        ],
        "sectionNotes": null,
        "specialPermissionDropCode": null,
        "instructors": [
          {
            "name": "BAVEJA, ALOK"
          }
        ],
        "number": "68",
        "majors": [
          {
            "code": "491",
            "isUnitCode": false,
            "isMajorCode": true
          },
          {
            "code": "497",
            "isUnitCode": false,
            "isMajorCode": true
          },
          {
            "code": "794",
            "isUnitCode": false,
            "isMajorCode": true
          }
        ],
        "sessionDates": null,
        "specialPermissionDropCodeDescription": null,
        "subtopic": null,
        "openStatus": true,
        "comments": [
          {
            "code": "05",
            "description": "Go to http://canvas.rutgers.edu"
          }
        ],
        "minors": [],
        "campusCode": "NB",
        "index": "16703",
        "unitMajors": [],
        "printed": "Y",
        "specialPermissionAddCodeDescription": null,
        "subtitle": null,
        "meetingTimes": [
          {
            "campusLocation": "O",
            "baClassHours": "B",
            "roomNumber": null,
            "pmCode": null,
            "campusAbbrev": "**",
            "campusName": "** INVALID **",
            "meetingDay": null,
            "buildingCode": null,
            "startTime": null,
            "endTime": null,
            "meetingModeDesc": "ONLINE INSTRUCTION(INTERNET)",
            "meetingModeCode": "90"
          }
        ],
        "legendKey": null,
        "honorPrograms": []
      }
    ],
    "supplementCode": "NB",
    "credits": 3,
    "unitNotes": null,
    "coreCodes": [],
    "courseNotes": null,
    "expandedTitle": "SERVICE MANAGEMENT                                                              "
  },
  {
    "subjectNotes": null,
    "courseNumber": "630",
    "subject": "799",
    "campusCode": "NB",
    "openSections": 1,
    "synopsisUrl": "http://www.business.rutgers.edu/current-students/mba/scm/courses",
    "subjectGroupNotes": null,
    "offeringUnitCode": "22",
    "offeringUnitTitle": null,
    "title": "MSCA INTERN/EXP LRNG",
    "courseDescription": null,
    "preReqNotes": null,
    "sections": [
      {
        "sectionEligibility": null,
        "sessionDatePrintIndicator": "N",
        "examCode": "A",
        "specialPermissionAddCode": "20",
        "crossListedSections": [],
        "sectionNotes": "MS SUPPLY CHAIN ANALYTICSPROGRAM",
        "specialPermissionDropCode": null,
        "instructors": [
          {
            "name": "LIU, HAIYAN"
          }
        ],
        "number": "68",
        "majors": [
          {
            "code": "794",
            "isUnitCode": false,
            "isMajorCode": true
          }
        ],
        "sessionDates": null,
        "specialPermissionDropCodeDescription": null,
        "subtopic": null,
        "openStatus": true,
        "comments": [],
        "minors": [],
        "campusCode": "NB",
        "index": "16704",
        "unitMajors": [],
        "printed": "Y",
        "specialPermissionAddCodeDescription": "Program",
        "subtitle": null,
        "meetingTimes": [
          {
            "campusLocation": null,
            "baClassHours": "B",
            "roomNumber": null,
            "pmCode": null,
            "campusAbbrev": null,
            "campusName": null,
            "meetingDay": null,
            "buildingCode": null,
            "startTime": null,
            "endTime": null,
            "meetingModeDesc": "INTERNSP",
            "meetingModeCode": "15"
          }
        ],
        "legendKey": null,
        "honorPrograms": []
      }
    ],
    "supplementCode": "NB",
    "credits": 0,
    "unitNotes": null,
    "coreCodes": [],
    "courseNotes": null,
    "expandedTitle": "MSCA INTERNSHIP/EXPERIENTIAL LEARNING"
  },
  {
    "subjectNotes": null,
    "courseNumber": "631",
    "subject": "799",
    "campusCode": "NB",
    "openSections": 1,
    "synopsisUrl": "http://www.business.rutgers.edu/current-students/mba/scm/courses",
    "subjectGroupNotes": null,
    "offeringUnitCode": "22",
    "offeringUnitTitle": null,
    "title": "MSHAI INTERN/EXP LRN",
    "courseDescription": null,
    "preReqNotes": null,
    "sections": [
      {
        "sectionEligibility": null,
        "sessionDatePrintIndicator": "N",
        "examCode": "O",
        "specialPermissionAddCode": null,
        "crossListedSections": [],
        "sectionNotes": null,
        "specialPermissionDropCode": null,
        "instructors": [],
        "number": "68",
        "majors": [
          {
            "code": "497",
            "isUnitCode": false,
            "isMajorCode": true
          }
        ],
        "sessionDates": null,
        "specialPermissionDropCodeDescription": null,
        "subtopic": null,
        "openStatus": true,
        "comments": [
          {
            "code": "05",
            "description": "Go to http://canvas.rutgers.edu"
          }
        ],
        "minors": [],
        "campusCode": "NB",
        "index": "16705",
        "unitMajors": [],
        "printed": "Y",
        "specialPermissionAddCodeDescription": null,
        "subtitle": null,
        "meetingTimes": [
          {
            "campusLocation": "O",
            "baClassHours": "B",
            "roomNumber": null,
            "pmCode": null,
            "campusAbbrev": "**",
            "campusName": "** INVALID **",
            "meetingDay": null,
            "buildingCode": null,
            "startTime": null,
            "endTime": null,
            "meetingModeDesc": "INTERNSP",
            "meetingModeCode": "15"
          }
        ],
        "legendKey": null,
        "honorPrograms": []
      }
    ],
    "supplementCode": "NB",
    "credits": 0,
    "unitNotes": null,
    "coreCodes": [],
    "courseNotes": null,
    "expandedTitle": "MSHAI INTERNSHIP/EXPERIENTIAL LEARNING                                          "
  },
  {
    "subjectNotes": null,
    "courseNumber": "638",
    "subject": "799",
    "campusCode": "NB",
    "openSections": 1,
    "synopsisUrl": "http://www.business.rutgers.edu/current-students/mba/scm/courses",
    "subjectGroupNotes": null,
    "offeringUnitCode": "22",
    "offeringUnitTitle": null,
    "title": "HEALTHCARE ANALYTICS",
    "courseDescription": null,
    "preReqNotes": null,
    "sections": [
      {
        "sectionEligibility": null,
        "sessionDatePrintIndicator": "N",
        "examCode": "A",
        "specialPermissionAddCode": null,
        "crossListedSections": [],
        "sectionNotes": null,
        "specialPermissionDropCode": null,
        "instructors": [
          {
            "name": "BAGCHI, ANN"
          }
        ],
        "number": "68",
        "majors": [
          {
            "code": "497",
            "isUnitCode": false,
            "isMajorCode": true
          },
          {
            "code": "491",
            "isUnitCode": false,
            "isMajorCode": true
          }
        ],
        "sessionDates": null,
        "specialPermissionDropCodeDescription": null,
        "subtopic": null,
        "openStatus": true,
        "comments": [
          {
            "code": "05",
            "description": "Go to http://canvas.rutgers.edu"
          }
        ],
        "minors": [],
        "campusCode": "NB",
        "index": "16706",
        "unitMajors": [],
        "printed": "Y",
        "specialPermissionAddCodeDescription": null,
        "subtitle": null,
        "meetingTimes": [
          {
            "campusLocation": "3",
            "baClassHours": null,
            "roomNumber": "B267",
            "pmCode": "P",
            "campusAbbrev": "LIV",
            "campusName": "LIVINGSTON",
            "meetingDay": "W",
            "buildingCode": "LSH",
            "startTime": "0600",
            "endTime": "0900",
            "meetingModeDesc": "LEC",
            "meetingModeCode": "02"
          }
        ],
        "legendKey": null,
        "honorPrograms": []
      }
    ],
    "supplementCode": "NB",
    "credits": 3,
    "unitNotes": null,
    "coreCodes": [],
    "courseNotes": null,
    "expandedTitle": "HEALTHCARE ANALYTICS                                                            "
  },
  {
    "subjectNotes": null,
    "courseNumber": "641",
    "subject": "799",
    "campusCode": "NB",
    "openSections": 1,
    "synopsisUrl": "http://www.business.rutgers.edu/current-students/mba/scm/courses",
    "subjectGroupNotes": null,
    "offeringUnitCode": "22",
    "offeringUnitTitle": null,
    "title": "SC ARTIFICAL INTELL",
    "courseDescription": null,
    "preReqNotes": null,
    "sections": [
      {
        "sectionEligibility": null,
        "sessionDatePrintIndicator": "N",
        "examCode": "A",
        "specialPermissionAddCode": null,
        "crossListedSections": [
          {
            "courseNumber": "641",
            "supplementCode": "NB",
            "sectionNumber": "68",
            "offeringUnitCampus": "NB",
            "primaryRegistrationIndex": "16707",
            "offeringUnitCode": "22",
            "registrationIndex": "16708",
            "subjectCode": "799"
          }
        ],
        "sectionNotes": null,
        "specialPermissionDropCode": null,
        "instructors": [
          {
            "name": "XU, XIAOWEI"
          }
        ],
        "number": "61",
        "majors": [
          {
            "code": "135",
            "isUnitCode": false,
            "isMajorCode": true
          }
        ],
        "sessionDates": null,
        "specialPermissionDropCodeDescription": null,
        "subtopic": null,
        "openStatus": true,
        "comments": [
          {
            "code": "05",
            "description": "Go to http://canvas.rutgers.edu"
          },
          {
            "code": "63",
            "description": "Hybrid"
          }
        ],
        "minors": [],
        "campusCode": "NB",
        "index": "16707",
        "unitMajors": [],
        "printed": "Y",
        "specialPermissionAddCodeDescription": null,
        "subtitle": null,
        "meetingTimes": [
          {
            "campusLocation": "O",
            "baClassHours": "B",
            "roomNumber": null,
            "pmCode": null,
            "campusAbbrev": "**",
            "campusName": "** INVALID **",
            "meetingDay": null,
            "buildingCode": null,
            "startTime": null,
            "endTime": null,
            "meetingModeDesc": "ONLINE INSTRUCTION(INTERNET)",
            "meetingModeCode": "90"
          },
          {
            "campusLocation": "3",
            "baClassHours": null,
            "roomNumber": "5101",
            "pmCode": "A",
            "campusAbbrev": "LIV",
            "campusName": "LIVINGSTON",
            "meetingDay": "S",
            "buildingCode": "BRR",
            "startTime": "0900",
            "endTime": "1200",
            "meetingModeDesc": "LEC",
            "meetingModeCode": "02"
          }
        ],
        "legendKey": null,
        "honorPrograms": []
      },
      {
        "sectionEligibility": null,
        "sessionDatePrintIndicator": "N",
        "examCode": "A",
        "specialPermissionAddCode": null,
        "crossListedSections": [
          {
            "courseNumber": "641",
            "supplementCode": "NB",
            "sectionNumber": "61",
            "offeringUnitCampus": "NB",
            "primaryRegistrationIndex": "16708",
            "offeringUnitCode": "22",
            "registrationIndex": "16707",
            "subjectCode": "799"
          }
        ],
        "sectionNotes": null,
        "specialPermissionDropCode": null,
        "instructors": [
          {
            "name": "XU, XIAOWEI"
          }
        ],
        "number": "68",
        "majors": [
          {
            "code": "794",
            "isUnitCode": false,
            "isMajorCode": true
          },
          {
            "code": "497",
            "isUnitCode": false,
            "isMajorCode": true
          },
          {
            "code": "491",
            "isUnitCode": false,
            "isMajorCode": true
          }
        ],
        "sessionDates": null,
        "specialPermissionDropCodeDescription": null,
        "subtopic": null,
        "openStatus": false,
        "comments": [
          {
            "code": "05",
            "description": "Go to http://canvas.rutgers.edu"
          },
          {
            "code": "63",
            "description": "Hybrid"
          }
        ],
        "minors": [],
        "campusCode": "NB",
        "index": "16708",
        "unitMajors": [],
        "printed": "Y",
        "specialPermissionAddCodeDescription": null,
        "subtitle": null,
        "meetingTimes": [
          {
            "campusLocation": "3",
            "baClassHours": null,
            "roomNumber": "5101",
            "pmCode": "A",
            "campusAbbrev": "LIV",
            "campusName": "LIVINGSTON",
            "meetingDay": "S",
            "buildingCode": "BRR",
            "startTime": "0900",
            "endTime": "1200",
            "meetingModeDesc": "LEC",
            "meetingModeCode": "02"
          },
          {
            "campusLocation": "O",
            "baClassHours": "B",
            "roomNumber": null,
            "pmCode": null,
            "campusAbbrev": "**",
            "campusName": "** INVALID **",
            "meetingDay": null,
            "buildingCode": null,
            "startTime": null,
            "endTime": null,
            "meetingModeDesc": "ONLINE INSTRUCTION(INTERNET)",
            "meetingModeCode": "90"
          }
        ],
        "legendKey": null,
        "honorPrograms": []
      }
    ],
    "supplementCode": "NB",
    "credits": 3,
    "unitNotes": null,
    "coreCodes": [],
    "courseNotes": null,
    "expandedTitle": "SUPPLY CHAIN ARTIFICAL INTELLIGENCE                                             "
  },
  {
    "subjectNotes": null,
    "courseNumber": "650",
    "subject": "799",
    "campusCode": "NB",
    "openSections": 2,
    "synopsisUrl": "http://www.business.rutgers.edu/current-students/mba/scm/courses",
    "subjectGroupNotes": null,
    "offeringUnitCode": "22",
    "offeringUnitTitle": null,
    "title": "SCM CLIENT PROJECT",
    "courseDescription": null,
    "preReqNotes": null,
    "sections": [
      {
        "sectionEligibility": null,
        "sessionDatePrintIndicator": "N",
        "examCode": "A",
        "specialPermissionAddCode": null,
        "crossListedSections": [
          {
            "courseNumber": "650",
            "supplementCode": "NB",
            "sectionNumber": "68",
            "offeringUnitCampus": "NB",
            "primaryRegistrationIndex": "16709",
            "offeringUnitCode": "22",
            "registrationIndex": "16710",
            "subjectCode": "799"
          }
        ],
        "sectionNotes": null,
        "specialPermissionDropCode": null,
        "instructors": [
          {
            "name": "KHANDARE"
          }
        ],
        "number": "60",
        "majors": [
          {
            "code": "135",
            "isUnitCode": false,
            "isMajorCode": true
          }
        ],
        "sessionDates": null,
        "specialPermissionDropCodeDescription": null,
        "subtopic": null,
        "openStatus": true,
        "comments": [
          {
            "code": "05",
            "description": "Go to http://canvas.rutgers.edu"
          }
        ],
        "minors": [],
        "campusCode": "NB",
        "index": "16709",
        "unitMajors": [],
        "printed": "Y",
        "specialPermissionAddCodeDescription": null,
        "subtitle": null,
        "meetingTimes": [
          {
            "campusLocation": "3",
            "baClassHours": null,
            "roomNumber": "5113",
            "pmCode": "P",
            "campusAbbrev": "LIV",
            "campusName": "LIVINGSTON",
            "meetingDay": "M",
            "buildingCode": "BRR",
            "startTime": "0600",
            "endTime": "0900",
            "meetingModeDesc": "LEC",
            "meetingModeCode": "02"
          }
        ],
        "legendKey": null,
        "honorPrograms": []
      },
      {
        "sectionEligibility": null,
        "sessionDatePrintIndicator": "N",
        "examCode": "A",
        "specialPermissionAddCode": null,
        "crossListedSections": [
          {
            "courseNumber": "650",
            "supplementCode": "NB",
            "sectionNumber": "69",
            "offeringUnitCampus": "NB",
            "primaryRegistrationIndex": "16711",
            "offeringUnitCode": "22",
            "registrationIndex": "16712",
            "subjectCode": "799"
          }
        ],
        "sectionNotes": null,
        "specialPermissionDropCode": null,
        "instructors": [
          {
            "name": "HELLRIEGEL"
          }
        ],
        "number": "61",
        "majors": [
          {
            "code": "135",
            "isUnitCode": false,
            "isMajorCode": true
          }
        ],
        "sessionDates": null,
        "specialPermissionDropCodeDescription": null,
        "subtopic": null,
        "openStatus": true,
        "comments": [
          {
            "code": "05",
            "description": "Go to http://canvas.rutgers.edu"
          }
        ],
        "minors": [],
        "campusCode": "NB",
        "index": "16711",
        "unitMajors": [],
        "printed": "Y",
        "specialPermissionAddCodeDescription": null,
        "subtitle": null,
        "meetingTimes": [
          {
            "campusLocation": "3",
            "baClassHours": null,
            "roomNumber": "5073",
            "pmCode": "A",
            "campusAbbrev": "LIV",
            "campusName": "LIVINGSTON",
            "meetingDay": "W",
            "buildingCode": "BRR",
            "startTime": "1020",
            "endTime": "0120",
            "meetingModeDesc": "LEC",
            "meetingModeCode": "02"
          }
        ],
        "legendKey": null,
        "honorPrograms": []
      },
      {
        "sectionEligibility": null,
        "sessionDatePrintIndicator": "N",
        "examCode": "A",
        "specialPermissionAddCode": null,
        "crossListedSections": [
          {
            "courseNumber": "650",
            "supplementCode": "NB",
            "sectionNumber": "60",
            "offeringUnitCampus": "NB",
            "primaryRegistrationIndex": "16710",
            "offeringUnitCode": "22",
            "registrationIndex": "16709",
            "subjectCode": "799"
          }
        ],
        "sectionNotes": null,
        "specialPermissionDropCode": null,
        "instructors": [
          {
            "name": "KHANDARE"
          }
        ],
        "number": "68",
        "majors": [
          {
            "code": "497",
            "isUnitCode": false,
            "isMajorCode": true
          },
          {
            "code": "491",
            "isUnitCode": false,
            "isMajorCode": true
          },
          {
            "code": "794",
            "isUnitCode": false,
            "isMajorCode": true
          }
        ],
        "sessionDates": null,
        "specialPermissionDropCodeDescription": null,
        "subtopic": null,
        "openStatus": false,
        "comments": [
          {
            "code": "05",
            "description": "Go to http://canvas.rutgers.edu"
          }
        ],
        "minors": [],
        "campusCode": "NB",
        "index": "16710",
        "unitMajors": [],
        "printed": "Y",
        "specialPermissionAddCodeDescription": null,
        "subtitle": null,
        "meetingTimes": [
          {
            "campusLocation": "3",
            "baClassHours": null,
            "roomNumber": "5113",
            "pmCode": "P",
            "campusAbbrev": "LIV",
            "campusName": "LIVINGSTON",
            "meetingDay": "M",
            "buildingCode": "BRR",
            "startTime": "0600",
            "endTime": "0900",
            "meetingModeDesc": "LEC",
            "meetingModeCode": "02"
          }
        ],
        "legendKey": null,
        "honorPrograms": []
      },
      {
        "sectionEligibility": null,
        "sessionDatePrintIndicator": "N",
        "examCode": "A",
        "specialPermissionAddCode": null,
        "crossListedSections": [
          {
            "courseNumber": "650",
            "supplementCode": "NB",
            "sectionNumber": "61",
            "offeringUnitCampus": "NB",
            "primaryRegistrationIndex": "16712",
            "offeringUnitCode": "22",
            "registrationIndex": "16711",
            "subjectCode": "799"
          }
        ],
        "sectionNotes": null,
        "specialPermissionDropCode": null,
        "instructors": [
          {
            "name": "HELLRIEGEL"
          }
        ],
        "number": "69",
        "majors": [
          {
            "code": "491",
            "isUnitCode": false,
            "isMajorCode": true
          },
          {
            "code": "794",
            "isUnitCode": false,
            "isMajorCode": true
          },
          {
            "code": "497",
            "isUnitCode": false,
            "isMajorCode": true
          }
        ],
        "sessionDates": null,
        "specialPermissionDropCodeDescription": null,
        "subtopic": null,
        "openStatus": false,
        "comments": [
          {
            "code": "05",
            "description": "Go to http://canvas.rutgers.edu"
          }
        ],
        "minors": [],
        "campusCode": "NB",
        "index": "16712",
        "unitMajors": [],
        "printed": "Y",
        "specialPermissionAddCodeDescription": null,
        "subtitle": null,
        "meetingTimes": [
          {
            "campusLocation": "3",
            "baClassHours": null,
            "roomNumber": "5073",
            "pmCode": "A",
            "campusAbbrev": "LIV",
            "campusName": "LIVINGSTON",
            "meetingDay": "W",
            "buildingCode": "BRR",
            "startTime": "1020",
            "endTime": "0120",
            "meetingModeDesc": "LEC",
            "meetingModeCode": "02"
          }
        ],
        "legendKey": null,
        "honorPrograms": []
      }
    ],
    "supplementCode": "NB",
    "credits": 3,
    "unitNotes": null,
    "coreCodes": [],
    "courseNotes": null,
    "expandedTitle": null
  },
  {
    "subjectNotes": null,
    "courseNumber": "659",
    "subject": "799",
    "campusCode": "NB",
    "openSections": 1,
    "synopsisUrl": "http://www.business.rutgers.edu/current-students/mba/scm/courses",
    "subjectGroupNotes": null,
    "offeringUnitCode": "22",
    "offeringUnitTitle": null,
    "title": "SC SOLUTN ERP/SAP I",
    "courseDescription": null,
    "preReqNotes": null,
    "sections": [
      {
        "sectionEligibility": null,
        "sessionDatePrintIndicator": "N",
        "examCode": "A",
        "specialPermissionAddCode": null,
        "crossListedSections": [
          {
            "courseNumber": "659",
            "supplementCode": "NB",
            "sectionNumber": "68",
            "offeringUnitCampus": "NB",
            "primaryRegistrationIndex": "16713",
            "offeringUnitCode": "22",
            "registrationIndex": "16714",
            "subjectCode": "799"
          }
        ],
        "sectionNotes": null,
        "specialPermissionDropCode": null,
        "instructors": [
          {
            "name": "BELL, G. TONY"
          }
        ],
        "number": "60",
        "majors": [
          {
            "code": "135",
            "isUnitCode": false,
            "isMajorCode": true
          },
          {
            "code": "544",
            "isUnitCode": false,
            "isMajorCode": true
          }
        ],
        "sessionDates": null,
        "specialPermissionDropCodeDescription": null,
        "subtopic": null,
        "openStatus": true,
        "comments": [
          {
            "code": "35",
            "description": "See online schedule for prereqs"
          },
          {
            "code": "05",
            "description": "Go to http://canvas.rutgers.edu"
          }
        ],
        "minors": [],
        "campusCode": "NB",
        "index": "16713",
        "unitMajors": [],
        "printed": "Y",
        "specialPermissionAddCodeDescription": null,
        "subtitle": null,
        "meetingTimes": [
          {
            "campusLocation": "3",
            "baClassHours": null,
            "roomNumber": "5087",
            "pmCode": "P",
            "campusAbbrev": "LIV",
            "campusName": "LIVINGSTON",
            "meetingDay": "T",
            "buildingCode": "BRR",
            "startTime": "0600",
            "endTime": "0900",
            "meetingModeDesc": "LEC",
            "meetingModeCode": "02"
          }
        ],
        "legendKey": null,
        "honorPrograms": []
      },
      {
        "sectionEligibility": null,
        "sessionDatePrintIndicator": "N",
        "examCode": "A",
        "specialPermissionAddCode": null,
        "crossListedSections": [
          {
            "courseNumber": "659",
            "supplementCode": "NB",
            "sectionNumber": "60",
            "offeringUnitCampus": "NB",
            "primaryRegistrationIndex": "16714",
            "offeringUnitCode": "22",
            "registrationIndex": "16713",
            "subjectCode": "799"
          }
        ],
        "sectionNotes": null,
        "specialPermissionDropCode": null,
        "instructors": [
          {
            "name": "BELL, G. TONY"
          }
        ],
        "number": "68",
        "majors": [
          {
            "code": "491",
            "isUnitCode": false,
            "isMajorCode": true
          },
          {
            "code": "794",
            "isUnitCode": false,
            "isMajorCode": true
          },
          {
            "code": "497",
            "isUnitCode": false,
            "isMajorCode": true
          }
        ],
        "sessionDates": null,
        "specialPermissionDropCodeDescription": null,
        "subtopic": null,
        "openStatus": false,
        "comments": [
          {
            "code": "35",
            "description": "See online schedule for prereqs"
          },
          {
            "code": "05",
            "description": "Go to http://canvas.rutgers.edu"
          }
        ],
        "minors": [],
        "campusCode": "NB",
        "index": "16714",
        "unitMajors": [],
        "printed": "Y",
        "specialPermissionAddCodeDescription": null,
        "subtitle": null,
        "meetingTimes": [
          {
            "campusLocation": "3",
            "baClassHours": null,
            "roomNumber": "5087",
            "pmCode": "P",
            "campusAbbrev": "LIV",
            "campusName": "LIVINGSTON",
            "meetingDay": "T",
            "buildingCode": "BRR",
            "startTime": "0600",
            "endTime": "0900",
            "meetingModeDesc": "LEC",
            "meetingModeCode": "02"
          }
        ],
        "legendKey": null,
        "honorPrograms": []
      }
    ],
    "supplementCode": "NB",
    "credits": 3,
    "unitNotes": null,
    "coreCodes": [],
    "courseNotes": null,
    "expandedTitle": null
  },
  {
    "subjectNotes": null,
    "courseNumber": "661",
    "subject": "799",
    "campusCode": "NB",
    "openSections": 2,
    "synopsisUrl": "http://www.business.rutgers.edu/current-students/mba/scm/courses",
    "subjectGroupNotes": null,
    "offeringUnitCode": "22",
    "offeringUnitTitle": null,
    "title": "PROJECT MANAGEMENT",
    "courseDescription": null,
    "preReqNotes": null,
    "sections": [
      {
        "sectionEligibility": null,
        "sessionDatePrintIndicator": "N",
        "examCode": "A",
        "specialPermissionAddCode": null,
        "crossListedSections": [
          {
            "courseNumber": "661",
            "supplementCode": "NB",
            "sectionNumber": "68",
            "offeringUnitCampus": "NB",
            "primaryRegistrationIndex": "16715",
            "offeringUnitCode": "22",
            "registrationIndex": "16716",
            "subjectCode": "799"
          }
        ],
        "sectionNotes": null,
        "specialPermissionDropCode": null,
        "instructors": [
          {
            "name": "DEGALA"
          }
        ],
        "number": "60",
        "majors": [
          {
            "code": "135",
            "isUnitCode": false,
            "isMajorCode": true
          }
        ],
        "sessionDates": null,
        "specialPermissionDropCodeDescription": null,
        "subtopic": null,
        "openStatus": true,
        "comments": [
          {
            "code": "05",
            "description": "Go to http://canvas.rutgers.edu"
          }
        ],
        "minors": [],
        "campusCode": "NB",
        "index": "16715",
        "unitMajors": [],
        "printed": "Y",
        "specialPermissionAddCodeDescription": null,
        "subtitle": null,
        "meetingTimes": [
          {
            "campusLocation": "3",
            "baClassHours": null,
            "roomNumber": "4087",
            "pmCode": "P",
            "campusAbbrev": "LIV",
            "campusName": "LIVINGSTON",
            "meetingDay": "W",
            "buildingCode": "BRR",
            "startTime": "0600",
            "endTime": "0900",
            "meetingModeDesc": "LEC",
            "meetingModeCode": "02"
          }
        ],
        "legendKey": null,
        "honorPrograms": []
      },
      {
        "sectionEligibility": null,
        "sessionDatePrintIndicator": "N",
        "examCode": "A",
        "specialPermissionAddCode": null,
        "crossListedSections": [
          {
            "courseNumber": "661",
            "supplementCode": "NB",
            "sectionNumber": "60",
            "offeringUnitCampus": "NB",
            "primaryRegistrationIndex": "16716",
            "offeringUnitCode": "22",
            "registrationIndex": "16715",
            "subjectCode": "799"
          }
        ],
        "sectionNotes": null,
        "specialPermissionDropCode": null,
        "instructors": [
          {
            "name": "DEGALA"
          }
        ],
        "number": "68",
        "majors": [
          {
            "code": "497",
            "isUnitCode": false,
            "isMajorCode": true
          },
          {
            "code": "491",
            "isUnitCode": false,
            "isMajorCode": true
          },
          {
            "code": "794",
            "isUnitCode": false,
            "isMajorCode": true
          }
        ],
        "sessionDates": null,
        "specialPermissionDropCodeDescription": null,
        "subtopic": null,
        "openStatus": true,
        "comments": [
          {
            "code": "05",
            "description": "Go to http://canvas.rutgers.edu"
          }
        ],
        "minors": [],
        "campusCode": "NB",
        "index": "16716",
        "unitMajors": [],
        "printed": "Y",
        "specialPermissionAddCodeDescription": null,
        "subtitle": null,
        "meetingTimes": [
          {
            "campusLocation": "3",
            "baClassHours": null,
            "roomNumber": "4087",
            "pmCode": "P",
            "campusAbbrev": "LIV",
            "campusName": "LIVINGSTON",
            "meetingDay": "W",
            "buildingCode": "BRR",
            "startTime": "0600",
            "endTime": "0900",
            "meetingModeDesc": "LEC",
            "meetingModeCode": "02"
          }
        ],
        "legendKey": null,
        "honorPrograms": []
      }
    ],
    "supplementCode": "NB",
    "credits": 3,
    "unitNotes": null,
    "coreCodes": [],
    "courseNotes": null,
    "expandedTitle": null
  },
  {
    "subjectNotes": null,
    "courseNumber": "676",
    "subject": "799",
    "campusCode": "NB",
    "openSections": 2,
    "synopsisUrl": "http://www.business.rutgers.edu/current-students/mba/scm/courses",
    "subjectGroupNotes": null,
    "offeringUnitCode": "22",
    "offeringUnitTitle": null,
    "title": "LEAN SIX SIGMA",
    "courseDescription": null,
    "preReqNotes": null,
    "sections": [
      {
        "sectionEligibility": null,
        "sessionDatePrintIndicator": "N",
        "examCode": "A",
        "specialPermissionAddCode": null,
        "crossListedSections": [
          {
            "courseNumber": "676",
            "supplementCode": "NB",
            "sectionNumber": "68",
            "offeringUnitCampus": "NB",
            "primaryRegistrationIndex": "16717",
            "offeringUnitCode": "22",
            "registrationIndex": "16718",
            "subjectCode": "799"
          }
        ],
        "sectionNotes": null,
        "specialPermissionDropCode": null,
        "instructors": [
          {
            "name": "SORIAL, MICHAEL"
          },
          {
            "name": "MENTONE, JAMES"
          }
        ],
        "number": "60",
        "majors": [
          {
            "code": "135",
            "isUnitCode": false,
            "isMajorCode": true
          }
        ],
        "sessionDates": null,
        "specialPermissionDropCodeDescription": null,
        "subtopic": null,
        "openStatus": true,
        "comments": [
          {
            "code": "35",
            "description": "See online schedule for prereqs"
          },
          {
            "code": "AL",
            "description": "Course may require: Webcam, Microphone, Phone Camera or Scanner"
          },
          {
            "code": "05",
            "description": "Go to http://canvas.rutgers.edu"
          }
        ],
        "minors": [],
        "campusCode": "NB",
        "index": "16717",
        "unitMajors": [],
        "printed": "Y",
        "specialPermissionAddCodeDescription": null,
        "subtitle": null,
        "meetingTimes": [
          {
            "campusLocation": "O",
            "baClassHours": null,
            "roomNumber": null,
            "pmCode": "P",
            "campusAbbrev": "**",
            "campusName": "** INVALID **",
            "meetingDay": "M",
            "buildingCode": null,
            "startTime": "0600",
            "endTime": "0900",
            "meetingModeDesc": "ONLINE INSTRUCTION(INTERNET)",
            "meetingModeCode": "90"
          }
        ],
        "legendKey": null,
        "honorPrograms": []
      },
      {
        "sectionEligibility": null,
        "sessionDatePrintIndicator": "N",
        "examCode": "A",
        "specialPermissionAddCode": null,
        "crossListedSections": [
          {
            "courseNumber": "676",
            "supplementCode": "NB",
            "sectionNumber": "60",
            "offeringUnitCampus": "NB",
            "primaryRegistrationIndex": "16718",
            "offeringUnitCode": "22",
            "registrationIndex": "16717",
            "subjectCode": "799"
          }
        ],
        "sectionNotes": null,
        "specialPermissionDropCode": null,
        "instructors": [
          {
            "name": "SORIAL, MICHAEL"
          },
          {
            "name": "MENTONE, JAMES"
          }
        ],
        "number": "68",
        "majors": [
          {
            "code": "491",
            "isUnitCode": false,
            "isMajorCode": true
          },
          {
            "code": "794",
            "isUnitCode": false,
            "isMajorCode": true
          },
          {
            "code": "497",
            "isUnitCode": false,
            "isMajorCode": true
          }
        ],
        "sessionDates": null,
        "specialPermissionDropCodeDescription": null,
        "subtopic": null,
        "openStatus": true,
        "comments": [
          {
            "code": "35",
            "description": "See online schedule for prereqs"
          },
          {
            "code": "AL",
            "description": "Course may require: Webcam, Microphone, Phone Camera or Scanner"
          },
          {
            "code": "05",
            "description": "Go to http://canvas.rutgers.edu"
          }
        ],
        "minors": [],
        "campusCode": "NB",
        "index": "16718",
        "unitMajors": [],
        "printed": "Y",
        "specialPermissionAddCodeDescription": null,
        "subtitle": null,
        "meetingTimes": [
          {
            "campusLocation": "O",
            "baClassHours": null,
            "roomNumber": null,
            "pmCode": "P",
            "campusAbbrev": "**",
            "campusName": "** INVALID **",
            "meetingDay": "M",
            "buildingCode": null,
            "startTime": "0600",
            "endTime": "0900",
            "meetingModeDesc": "ONLINE INSTRUCTION(INTERNET)",
            "meetingModeCode": "90"
          }
        ],
        "legendKey": null,
        "honorPrograms": []
      }
    ],
    "supplementCode": "NB",
    "credits": 3,
    "unitNotes": null,
    "coreCodes": [],
    "courseNotes": null,
    "expandedTitle": null
  },
  {
    "subjectNotes": null,
    "courseNumber": "691",
    "subject": "799",
    "campusCode": "NB",
    "openSections": 1,
    "synopsisUrl": "http://www.business.rutgers.edu/current-students/mba/scm/courses",
    "subjectGroupNotes": null,
    "offeringUnitCode": "22",
    "offeringUnitTitle": null,
    "title": "PROJECT MGMT",
    "courseDescription": null,
    "preReqNotes": null,
    "sections": [
      {
        "sectionEligibility": null,
        "sessionDatePrintIndicator": "N",
        "examCode": "A",
        "specialPermissionAddCode": null,
        "crossListedSections": [],
        "sectionNotes": "FOR NON-BUSINESS SCHOOL STUDENTSONLY. RBS & MBA STUDENTS WILLNOT RECEIVE CREDIT FOR THISCOURSE.",
        "specialPermissionDropCode": null,
        "instructors": [
          {
            "name": "BAGCHI, ANN"
          }
        ],
        "number": "65",
        "majors": [],
        "sessionDates": null,
        "specialPermissionDropCodeDescription": null,
        "subtopic": null,
        "openStatus": true,
        "comments": [
          {
            "code": "05",
            "description": "Go to http://canvas.rutgers.edu"
          }
        ],
        "minors": [],
        "campusCode": "NB",
        "index": "16719",
        "unitMajors": [],
        "printed": "Y",
        "specialPermissionAddCodeDescription": null,
        "subtitle": "PROJ MGMT FOR NON-RBS STUDENTS          ",
        "meetingTimes": [
          {
            "campusLocation": "3",
            "baClassHours": null,
            "roomNumber": "011",
            "pmCode": "P",
            "campusAbbrev": "LIV",
            "campusName": "LIVINGSTON",
            "meetingDay": "TH",
            "buildingCode": "BE",
            "startTime": "0600",
            "endTime": "0900",
            "meetingModeDesc": "LEC",
            "meetingModeCode": "02"
          }
        ],
        "legendKey": null,
        "honorPrograms": []
      }
    ],
    "supplementCode": "NB",
    "credits": 3,
    "unitNotes": null,
    "coreCodes": [],
    "courseNotes": null,
    "expandedTitle": "PROJECT MANAGEMENT                                                              "
  }
]