[
  {
    "subjectNotes": null,
    "courseNumber": "503",
    "subject": "370",
    "campusCode": "NB",
    "openSections": 1,
    "synopsisUrl": "https://entomology.rutgers.edu/graduate/courses/",
    "subjectGroupNotes": null,
    "offeringUnitCode": "16",
    "offeringUnitTitle": null,
    "title": "MEDICAL ENTOMOLOGY",
    "courseDescription": null,
    "preReqNotes": null,
    "sections": [
      {
        "sectionEligibility": null,
        "sessionDatePrintIndicator": "N",
        "examCode": "C",
        "specialPermissionAddCode": null,
        "crossListedSections": [
          {
            "courseNumber": "406",
            "supplementCode": "  ",
            "sectionNumber": "01",
            "offeringUnitCampus": "NB",
            "primaryRegistrationIndex": "11800",
            "offeringUnitCode": "11",
            "registrationIndex": "11799",
            "subjectCode": "370"
          }
        ],
        "sectionNotes": null,
        "specialPermissionDropCode": null,
        "instructors": [
          {
            "name": "TOLEDO, ALVARO"
          }
        ],
        "number": "01",
        "majors": [],
        "sessionDates": null,
        "specialPermissionDropCodeDescription": null,
        "subtopic": null,
        "openStatus": true,
        "comments": [],
        "minors": [],
        "campusCode": "NB",
        "index": "11800",
        "unitMajors": [],
        "printed": "Y",
        "specialPermissionAddCodeDescription": null,
        "subtitle": null,
        "meetingTimes": [
          {
            "campusLocation": "4",
            "baClassHours": null,
            "roomNumber": "110",
            "pmCode": "P",
            "campusAbbrev": "D/C",
            "campusName": "DOUGLAS/COOK",
            "meetingDay": "W",
            "buildingCode": "CDL",
            "startTime": "0540",
            "endTime": "0700",
            "meetingModeDesc": "LEC",
            "meetingModeCode": "02"
          },
          {
            "campusLocation": "4",
            "baClassHours": null,
            "roomNumber": "110",
            "pmCode": "P",
            "campusAbbrev": "D/C",
            "campusName": "DOUGLAS/COOK",
            "meetingDay": "M",
            "buildingCode": "CDL",
            "startTime": "0540",
            "endTime": "0700",
            "meetingModeDesc": "LEC",
            "meetingModeCode": "02"
          }
        ],
        "legendKey": null,
        "honorPrograms": []
      }
    ],
    "supplementCode": "  ",
    "credits": 3,
    "unitNotes": null,
    "coreCodes": [],
    "courseNotes": null,
    "expandedTitle": null
  },
  {
    "subjectNotes": null,
    "courseNumber": "506",
    "subject": "370",
    "campusCode": "NB",
    "openSections": 1,
    "synopsisUrl": "https://entomology.rutgers.edu/graduate/courses/",
    "subjectGroupNotes": null,
    "offeringUnitCode": "16",
    "offeringUnitTitle": null,
    "title": "INTEGRATED PEST MGMT",
    "courseDescription": null,
    "preReqNotes": null,
    "sections": [
      {
        "sectionEligibility": null,
        "sessionDatePrintIndicator": "N",
        "examCode": "A",
        "specialPermissionAddCode": null,
        "crossListedSections": [
          {
            "courseNumber": "350",
            "supplementCode": "  ",
            "sectionNumber": "01",
            "offeringUnitCampus": "NB",
            "primaryRegistrationIndex": "11793",
            "offeringUnitCode": "11",
            "registrationIndex": "11792",
            "subjectCode": "370"
          }
        ],
        "sectionNotes": null,
        "specialPermissionDropCode": null,
        "instructors": [
          {
            "name": "HAMILTON"
          }
        ],
        "number": "01",
        "majors": [],
        "sessionDates": null,
        "specialPermissionDropCodeDescription": null,
        "subtopic": null,
        "openStatus": true,
        "comments": [
          {
            "code": "AK",
            "description": "Please contact the department offering this course to confirm technology requirements"
          },
          {
            "code": "05",
            "description": "Go to http://canvas.rutgers.edu"
          },
          {
            "code": "AL",
            "description": "Course may require: Webcam, Microphone, Phone Camera or Scanner"
          }
        ],
        "minors": [],
        "campusCode": "NB",
        "index": "11793",
        "unitMajors": [],
        "printed": "Y",
        "specialPermissionAddCodeDescription": null,
        "subtitle": null,
        "meetingTimes": [
          {
            "campusLocation": "4",
            "baClassHours": null,
            "roomNumber": "216",
            "pmCode": "P",
            "campusAbbrev": "D/C",
            "campusName": "DOUGLAS/COOK",
            "meetingDay": "W",
            "buildingCode": "HCK",
            "startTime": "0350",
            "endTime": "0510",
            "meetingModeDesc": "LEC",
            "meetingModeCode": "02"
          },
          {
            "campusLocation": "4",
            "baClassHours": null,
            "roomNumber": "216",
            "pmCode": "P",
            "campusAbbrev": "D/C",
            "campusName": "DOUGLAS/COOK",
            "meetingDay": "M",
            "buildingCode": "HCK",
            "startTime": "0350",
            "endTime": "0510",
            "meetingModeDesc": "LEC",
            "meetingModeCode": "02"
          }
        ],
        "legendKey": null,
        "honorPrograms": []
      }
    ],
    "supplementCode": "  ",
    "credits": 4,
    "unitNotes": null,
    "coreCodes": [],
    "courseNotes": null,
    "expandedTitle": "INTEGRATED PEST MANAGEMENT                                                      "
  },
  {
    "subjectNotes": null,
    "courseNumber": "508",
    "subject": "370",
    "campusCode": "NB",
    "openSections": 1,
    "synopsisUrl": "https://entomology.rutgers.edu/graduate/courses/",
    "subjectGroupNotes": null,
    "offeringUnitCode": "16",
    "offeringUnitTitle": null,
    "title": "URBAN ENTOMOLOGY",
    "courseDescription": null,
    "preReqNotes": null,
    "sections": [
      {
        "sectionEligibility": null,
        "sessionDatePrintIndicator": "N",
        "examCode": "C",
        "specialPermissionAddCode": null,
        "crossListedSections": [
          {
            "courseNumber": "430",
            "supplementCode": "  ",
            "sectionNumber": "01",
            "offeringUnitCampus": "NB",
            "primaryRegistrationIndex": "11805",
            "offeringUnitCode": "11",
            "registrationIndex": "11804",
            "subjectCode": "370"
          }
        ],
        "sectionNotes": null,
        "specialPermissionDropCode": null,
        "instructors": [
          {
            "name": "WANG, CHANGLU"
          }
        ],
        "number": "01",
        "majors": [],
        "sessionDates": null,
        "specialPermissionDropCodeDescription": null,
        "subtopic": null,
        "openStatus": true,
        "comments": [],
        "minors": [],
        "campusCode": "NB",
        "index": "11805",
        "unitMajors": [],
        "printed": "Y",
        "specialPermissionAddCodeDescription": null,
        "subtitle": null,
        "meetingTimes": [
          {
            "campusLocation": "4",
            "baClassHours": null,
            "roomNumber": "101",
            "pmCode": "P",
            "campusAbbrev": "D/C",
            "campusName": "DOUGLAS/COOK",
            "meetingDay": "TH",
            "buildingCode": "BL",
            "startTime": "1210",
            "endTime": "0130",
            "meetingModeDesc": "LEC",
            "meetingModeCode": "02"
          },
          {
            "campusLocation": "4",
            "baClassHours": null,
            "roomNumber": "101",
            "pmCode": "P",
            "campusAbbrev": "D/C",
            "campusName": "DOUGLAS/COOK",
            "meetingDay": "M",
            "buildingCode": "BL",
            "startTime": "1210",
            "endTime": "0130",
            "meetingModeDesc": "LEC",
            "meetingModeCode": "02"
          }
        ],
        "legendKey": null,
        "honorPrograms": []
      }
    ],
    "supplementCode": "  ",
    "credits": 3,
    "unitNotes": null,
    "coreCodes": [],
    "courseNotes": null,
    "expandedTitle": null
  },
  {
    "subjectNotes": null,
    "courseNumber": "522",
    "subject": "370",
    "campusCode": "NB",
    "openSections": 1,
    "synopsisUrl": "https://entomology.rutgers.edu/graduate/courses/",
    "subjectGroupNotes": null,
    "offeringUnitCode": "16",
    "offeringUnitTitle": null,
    "title": "TOXICOL INSECTICIDES",
    "courseDescription": null,
    "preReqNotes": "(01:119:101 )<em> AND </em>(01:119:102 )",
    "sections": [
      {
        "sectionEligibility": null,
        "sessionDatePrintIndicator": "N",
        "examCode": "C",
        "specialPermissionAddCode": null,
        "crossListedSections": [],
        "sectionNotes": null,
        "specialPermissionDropCode": null,
        "instructors": [
          {
            "name": "BRATTSTEN, LENA"
          }
        ],
        "number": "01",
        "majors": [],
        "sessionDates": null,
        "specialPermissionDropCodeDescription": null,
        "subtopic": null,
        "openStatus": true,
        "comments": [
          {
            "code": "AK",
            "description": "Please contact the department offering this course to confirm technology requirements"
          },
          {
            "code": "AL",
            "description": "Course may require: Webcam, Microphone, Phone Camera or Scanner"
          },
          {
            "code": "05",
            "description": "Go to http://canvas.rutgers.edu"
          },
          {
            "code": "05",
            "description": "Go to http://canvas.rutgers.edu"
          }
        ],
        "minors": [],
        "campusCode": "NB",
        "index": "14212",
        "unitMajors": [],
        "printed": "Y",
        "specialPermissionAddCodeDescription": null,
        "subtitle": null,
        "meetingTimes": [
          {
            "campusLocation": "4",
            "baClassHours": null,
            "roomNumber": "114",
            "pmCode": "P",
            "campusAbbrev": "D/C",
            "campusName": "DOUGLAS/COOK",
            "meetingDay": "T",
            "buildingCode": "TH",
            "startTime": "0350",
            "endTime": "0510",
            "meetingModeDesc": "LEC",
            "meetingModeCode": "02"
          },
          {
            "campusLocation": "4",
            "baClassHours": null,
            "roomNumber": "114",
            "pmCode": "P",
            "campusAbbrev": "D/C",
            "campusName": "DOUGLAS/COOK",
            "meetingDay": "TH",
            "buildingCode": "TH",
            "startTime": "0350",
            "endTime": "0510",
            "meetingModeDesc": "LEC",
            "meetingModeCode": "02"
          }
        ],
        "legendKey": null,
        "honorPrograms": []
      }
    ],
    "supplementCode": "  ",
    "credits": 3,
    "unitNotes": null,
    "coreCodes": [],
    "courseNotes": null,
    "expandedTitle": "TOXICOLOGY OF INSECTICIDES                                                      "
  },
  {
    "subjectNotes": null,
    "courseNumber": "525",
    "subject": "370",
    "campusCode": "NB",
    "openSections": 1,
    "synopsisUrl": "https://entomology.rutgers.edu/graduate/courses/",
    "subjectGroupNotes": null,
    "offeringUnitCode": "16",
    "offeringUnitTitle": null,
    "title": "INSECT ECOLOGY",
    "courseDescription": null,
    "preReqNotes": null,
    "sections": [
      {
        "sectionEligibility": null,
        "sessionDatePrintIndicator": "N",
        "examCode": "C",
        "specialPermissionAddCode": null,
        "crossListedSections": [],
        "sectionNotes": null,
        "specialPermissionDropCode": null,
        "instructors": [
          {
            "name": "NIELSEN, ANNE"
          }
        ],
        "number": "01",
        "majors": [],
        "sessionDates": null,
        "specialPermissionDropCodeDescription": null,
        "subtopic": null,
        "openStatus": true,
        "comments": [],
        "minors": [],
        "campusCode": "NB",
        "index": "14213",
        "unitMajors": [],
        "printed": "Y",
        "specialPermissionAddCodeDescription": null,
        "subtitle": null,
        "meetingTimes": [
          {
            "campusLocation": "4",
            "baClassHours": null,
            "roomNumber": "217",
            "pmCode": "A",
            "campusAbbrev": "D/C",
            "campusName": "DOUGLAS/COOK",
            "meetingDay": "TH",
            "buildingCode": "HRL",
            "startTime": "1020",
            "endTime": "0120",
            "meetingModeDesc": "LEC",
            "meetingModeCode": "02"
          }
        ],
        "legendKey": null,
        "honorPrograms": []
      }
    ],
    "supplementCode": "  ",
    "credits": 3,
    "unitNotes": null,
    "coreCodes": [],
    "courseNotes": null,
    "expandedTitle": null
  },
  {
    "subjectNotes": null,
    "courseNumber": "604",
    "subject": "370",
    "campusCode": "NB",
    "openSections": 1,
    "synopsisUrl": "https://entomology.rutgers.edu/graduate/courses/",
    "subjectGroupNotes": null,
    "offeringUnitCode": "16",
    "offeringUnitTitle": null,
    "title": "SEM IN ENTOMOLOGY",
    "courseDescription": null,
    "preReqNotes": null,
    "sections": [
      {
        "sectionEligibility": null,
        "sessionDatePrintIndicator": "N",
        "examCode": "O",
        "specialPermissionAddCode": null,
        "crossListedSections": [
          {
            "courseNumber": "495",
            "supplementCode": "  ",
            "sectionNumber": "01",
            "offeringUnitCampus": "NB",
            "primaryRegistrationIndex": "11817",
            "offeringUnitCode": "11",
            "registrationIndex": "11816",
            "subjectCode": "370"
          }
        ],
        "sectionNotes": null,
        "specialPermissionDropCode": null,
        "instructors": [
          {
            "name": "NIELSEN, ANNE"
          }
        ],
        "number": "01",
        "majors": [],
        "sessionDates": null,
        "specialPermissionDropCodeDescription": null,
        "subtopic": null,
        "openStatus": true,
        "comments": [],
        "minors": [],
        "campusCode": "NB",
        "index": "11817",
        "unitMajors": [],
        "printed": "Y",
        "specialPermissionAddCodeDescription": null,
        "subtitle": null,
        "meetingTimes": [
          {
            "campusLocation": "4",
            "baClassHours": null,
            "roomNumber": "206",
            "pmCode": "A",
            "campusAbbrev": "D/C",
            "campusName": "DOUGLAS/COOK",
            "meetingDay": "F",
            "buildingCode": "TH",
            "startTime": "1020",
            "endTime": "0120",
            "meetingModeDesc": "LEC",
            "meetingModeCode": "02"
          }
        ],
        "legendKey": null,
        "honorPrograms": []
      }
    ],
    "supplementCode": "  ",
    "credits": 1,
    "unitNotes": null,
    "coreCodes": [],
    "courseNotes": null,
    "expandedTitle": "SEMINAR IN ENTOMOLOGY                                                           "
  },
  {
    "subjectNotes": null,
    "courseNumber": "696",
    "subject": "370",
    "campusCode": "NB",
    "openSections": 1,
    "synopsisUrl": "https://entomology.rutgers.edu/graduate/courses/",
    "subjectGroupNotes": null,
    "offeringUnitCode": "16",
    "offeringUnitTitle": null,
    "title": "SPEC STUDIES ENTOMOL",
    "courseDescription": null,
    "preReqNotes": null,
    "sections": [
      {
        "sectionEligibility": null,
        "sessionDatePrintIndicator": "N",
        "examCode": "A",
        "specialPermissionAddCode": null,
        "crossListedSections": [],
        "sectionNotes": null,
        "specialPermissionDropCode": null,
        "instructors": [],
        "number": "01",
        "majors": [],
        "sessionDates": null,
        "specialPermissionDropCodeDescription": null,
        "subtopic": null,
        "openStatus": true,
        "comments": [],
        "minors": [],
        "campusCode": "NB",
        "index": "14214",
        "unitMajors": [],
        "printed": "Y",
        "specialPermissionAddCodeDescription": null,
        "subtitle": null,
        "meetingTimes": [
          {
            "campusLocation": "4",
            "baClassHours": "B",
            "roomNumber": null,
            "pmCode": null,
            "campusAbbrev": "D/C",
            "campusName": "DOUGLAS/COOK",
            "meetingDay": null,
            "buildingCode": null,
            "startTime": null,
            "endTime": null,
            "meetingModeDesc": "LEC",
            "meetingModeCode": "02"
          }
        ],
        "legendKey": null,
        "honorPrograms": []
      }
    ],
    "supplementCode": "  ",
    "credits": null,
    "unitNotes": null,
    "coreCodes": [],
    "courseNotes": null,
    "expandedTitle": null
  },
  {
    "subjectNotes": null,
    "courseNumber": "702",
    "subject": "370",
    "campusCode": "NB",
    "openSections": 12,
    "synopsisUrl": "https://entomology.rutgers.edu/graduate/courses/",
    "subjectGroupNotes": null,
    "offeringUnitCode": "16",
    "offeringUnitTitle": null,
    "title": "RES IN ENTOMOLOGY",
    "courseDescription": null,
    "preReqNotes": null,
    "sections": [
      {
        "sectionEligibility": null,
        "sessionDatePrintIndicator": "N",
        "examCode": "O",
        "specialPermissionAddCode": null,
        "crossListedSections": [],
        "sectionNotes": null,
        "specialPermissionDropCode": null,
        "instructors": [
          {
            "name": "BRATTSTEN, LENA"
          }
        ],
        "number": "B1",
        "majors": [],
        "sessionDates": null,
        "specialPermissionDropCodeDescription": null,
        "subtopic": null,
        "openStatus": true,
        "comments": [],
        "minors": [],
        "campusCode": "NB",
        "index": "14215",
        "unitMajors": [],
        "printed": "Y",
        "specialPermissionAddCodeDescription": null,
        "subtitle": null,
        "meetingTimes": [
          {
            "campusLocation": null,
            "baClassHours": "B",
            "roomNumber": null,
            "pmCode": null,
            "campusAbbrev": null,
            "campusName": null,
            "meetingDay": null,
            "buildingCode": null,
            "startTime": null,
            "endTime": null,
            "meetingModeDesc": "RSCH-MA",
            "meetingModeCode": "23"
          }
        ],
        "legendKey": null,
        "honorPrograms": []
      },
      {
        "sectionEligibility": null,
        "sessionDatePrintIndicator": "N",
        "examCode": "O",
        "specialPermissionAddCode": null,
        "crossListedSections": [],
        "sectionNotes": null,
        "specialPermissionDropCode": null,
        "instructors": [
          {
            "name": "FONSECA, DINA"
          }
        ],
        "number": "F1",
        "majors": [],
        "sessionDates": null,
        "specialPermissionDropCodeDescription": null,
        "subtopic": null,
        "openStatus": true,
        "comments": [],
        "minors": [],
        "campusCode": "NB",
        "index": "14216",
        "unitMajors": [],
        "printed": "Y",
        "specialPermissionAddCodeDescription": null,
        "subtitle": null,
        "meetingTimes": [
          {
            "campusLocation": null,
            "baClassHours": "B",
            "roomNumber": null,
            "pmCode": null,
            "campusAbbrev": null,
            "campusName": null,
            "meetingDay": null,
            "buildingCode": null,
            "startTime": null,
            "endTime": null,
            "meetingModeDesc": "RSCH-MA",
            "meetingModeCode": "23"
          }
        ],
        "legendKey": null,
        "honorPrograms": []
      },
      {
        "sectionEligibility": null,
        "sessionDatePrintIndicator": "N",
        "examCode": "O",
        "specialPermissionAddCode": null,
        "crossListedSections": [],
        "sectionNotes": null,
        "specialPermissionDropCode": null,
        "instructors": [
          {
            "name": "HAMILTON"
          }
        ],
        "number": "H1",
        "majors": [],
        "sessionDates": null,
        "specialPermissionDropCodeDescription": null,
        "subtopic": null,
        "openStatus": true,
        "comments": [],
        "minors": [],
        "campusCode": "NB",
        "index": "14217",
        "unitMajors": [],
        "printed": "Y",
        "specialPermissionAddCodeDescription": null,
        "subtitle": null,
        "meetingTimes": [
          {
            "campusLocation": null,
            "baClassHours": "B",
            "roomNumber": null,
            "pmCode": null,
            "campusAbbrev": null,
            "campusName": null,
            "meetingDay": null,
            "buildingCode": null,
            "startTime": null,
            "endTime": null,
            "meetingModeDesc": "RSCH-MA",
            "meetingModeCode": "23"
          }
        ],
        "legendKey": null,
        "honorPrograms": []
      },
      {
        "sectionEligibility": null,
        "sessionDatePrintIndicator": "N",
        "examCode": "O",
        "specialPermissionAddCode": null,
        "crossListedSections": [],
        "sectionNotes": null,
        "specialPermissionDropCode": null,
        "instructors": [
          {
            "name": "HAWKINGS, CHLOE"
          }
        ],
        "number": "H2",
        "majors": [],
        "sessionDates": null,
        "specialPermissionDropCodeDescription": null,
        "subtopic": null,
        "openStatus": true,
        "comments": [],
        "minors": [],
        "campusCode": "NB",
        "index": "14218",
        "unitMajors": [],
        "printed": "Y",
        "specialPermissionAddCodeDescription": null,
        "subtitle": null,
        "meetingTimes": [
          {
            "campusLocation": null,
            "baClassHours": "B",
            "roomNumber": null,
            "pmCode": null,
            "campusAbbrev": null,
            "campusName": null,
            "meetingDay": null,
            "buildingCode": null,
            "startTime": null,
            "endTime": null,
            "meetingModeDesc": "RSCH-MA",
            "meetingModeCode": "23"
          }
        ],
        "legendKey": null,
        "honorPrograms": []
      },
      {
        "sectionEligibility": null,
        "sessionDatePrintIndicator": "N",
        "examCode": "O",
        "specialPermissionAddCode": null,
        "crossListedSections": [],
        "sectionNotes": null,
        "specialPermissionDropCode": null,
        "instructors": [
          {
            "name": "KOPPENHOFER"
          }
        ],
        "number": "K1",
        "majors": [],
        "sessionDates": null,
        "specialPermissionDropCodeDescription": null,
        "subtopic": null,
        "openStatus": true,
        "comments": [],
        "minors": [],
        "campusCode": "NB",
        "index": "14219",
        "unitMajors": [],
        "printed": "Y",
        "specialPermissionAddCodeDescription": null,
        "subtitle": null,
        "meetingTimes": [
          {
            "campusLocation": null,
            "baClassHours": "B",
            "roomNumber": null,
            "pmCode": null,
            "campusAbbrev": null,
            "campusName": null,
            "meetingDay": null,
            "buildingCode": null,
            "startTime": null,
            "endTime": null,
            "meetingModeDesc": "RSCH-MA",
            "meetingModeCode": "23"
          }
        ],
        "legendKey": null,
        "honorPrograms": []
      },
      {
        "sectionEligibility": null,
        "sessionDatePrintIndicator": "N",
        "examCode": "O",
        "specialPermissionAddCode": null,
        "crossListedSections": [],
        "sectionNotes": null,
        "specialPermissionDropCode": null,
        "instructors": [
          {
            "name": "WARE, JESSICA"
          }
        ],
        "number": "M1",
        "majors": [],
        "sessionDates": null,
        "specialPermissionDropCodeDescription": null,
        "subtopic": null,
        "openStatus": true,
        "comments": [],
        "minors": [],
        "campusCode": "NB",
        "index": "14220",
        "unitMajors": [],
        "printed": "Y",
        "specialPermissionAddCodeDescription": null,
        "subtitle": null,
        "meetingTimes": [
          {
            "campusLocation": null,
            "baClassHours": "B",
            "roomNumber": null,
            "pmCode": null,
            "campusAbbrev": null,
            "campusName": null,
            "meetingDay": null,
            "buildingCode": null,
            "startTime": null,
            "endTime": null,
            "meetingModeDesc": "RSCH-MA",
            "meetingModeCode": "23"
          }
        ],
        "legendKey": null,
        "honorPrograms": []
      },
      {
        "sectionEligibility": null,
        "sessionDatePrintIndicator": "N",
        "examCode": "O",
        "specialPermissionAddCode": null,
        "crossListedSections": [],
        "sectionNotes": null,
        "specialPermissionDropCode": null,
        "instructors": [
          {
            "name": "NIELSEN, ANNE"
          }
        ],
        "number": "N1",
        "majors": [],
        "sessionDates": null,
        "specialPermissionDropCodeDescription": null,
        "subtopic": null,
        "openStatus": true,
        "comments": [],
        "minors": [],
        "campusCode": "NB",
        "index": "14221",
        "unitMajors": [],
        "printed": "Y",
        "specialPermissionAddCodeDescription": null,
        "subtitle": null,
        "meetingTimes": [
          {
            "campusLocation": null,
            "baClassHours": "B",
            "roomNumber": null,
            "pmCode": null,
            "campusAbbrev": null,
            "campusName": null,
            "meetingDay": null,
            "buildingCode": null,
            "startTime": null,
            "endTime": null,
            "meetingModeDesc": "RSCH-MA",
            "meetingModeCode": "23"
          }
        ],
        "legendKey": null,
        "honorPrograms": []
      },
      {
        "sectionEligibility": null,
        "sessionDatePrintIndicator": "N",
        "examCode": "O",
        "specialPermissionAddCode": null,
        "crossListedSections": [],
        "sectionNotes": null,
        "specialPermissionDropCode": null,
        "instructors": [
          {
            "name": "PRICE, DANA"
          }
        ],
        "number": "P1",
        "majors": [],
        "sessionDates": null,
        "specialPermissionDropCodeDescription": null,
        "subtopic": null,
        "openStatus": true,
        "comments": [],
        "minors": [],
        "campusCode": "NB",
        "index": "14222",
        "unitMajors": [],
        "printed": "Y",
        "specialPermissionAddCodeDescription": null,
        "subtitle": null,
        "meetingTimes": [
          {
            "campusLocation": null,
            "baClassHours": "B",
            "roomNumber": null,
            "pmCode": null,
            "campusAbbrev": null,
            "campusName": null,
            "meetingDay": null,
            "buildingCode": null,
            "startTime": null,
            "endTime": null,
            "meetingModeDesc": "RSCH-MA",
            "meetingModeCode": "23"
          }
        ],
        "legendKey": null,
        "honorPrograms": []
      },
      {
        "sectionEligibility": null,
        "sessionDatePrintIndicator": "N",
        "examCode": "O",
        "specialPermissionAddCode": null,
        "crossListedSections": [],
        "sectionNotes": null,
        "specialPermissionDropCode": null,
        "instructors": [
          {
            "name": "RODRIGUEZ-SAONA"
          }
        ],
        "number": "R1",
        "majors": [],
        "sessionDates": null,
        "specialPermissionDropCodeDescription": null,
        "subtopic": null,
        "openStatus": true,
        "comments": [],
        "minors": [],
        "campusCode": "NB",
        "index": "14223",
        "unitMajors": [],
        "printed": "Y",
        "specialPermissionAddCodeDescription": null,
        "subtitle": null,
        "meetingTimes": [
          {
            "campusLocation": null,
            "baClassHours": "B",
            "roomNumber": null,
            "pmCode": null,
            "campusAbbrev": null,
            "campusName": null,
            "meetingDay": null,
            "buildingCode": null,
            "startTime": null,
            "endTime": null,
            "meetingModeDesc": "RSCH-MA",
            "meetingModeCode": "23"
          }
        ],
        "legendKey": null,
        "honorPrograms": []
      },
      {
        "sectionEligibility": null,
        "sessionDatePrintIndicator": "N",
        "examCode": "O",
        "specialPermissionAddCode": null,
        "crossListedSections": [],
        "sectionNotes": null,
        "specialPermissionDropCode": null,
        "instructors": [
          {
            "name": "ROBSON, MARK"
          }
        ],
        "number": "R2",
        "majors": [],
        "sessionDates": null,
        "specialPermissionDropCodeDescription": null,
        "subtopic": null,
        "openStatus": true,
        "comments": [],
        "minors": [],
        "campusCode": "NB",
        "index": "14224",
        "unitMajors": [],
        "printed": "Y",
        "specialPermissionAddCodeDescription": null,
        "subtitle": null,
        "meetingTimes": [
          {
            "campusLocation": null,
            "baClassHours": "B",
            "roomNumber": null,
            "pmCode": null,
            "campusAbbrev": null,
            "campusName": null,
            "meetingDay": null,
            "buildingCode": null,
            "startTime": null,
            "endTime": null,
            "meetingModeDesc": "RSCH-MA",
            "meetingModeCode": "23"
          }
        ],
        "legendKey": null,
        "honorPrograms": []
      },
      {
        "sectionEligibility": null,
        "sessionDatePrintIndicator": "N",
        "examCode": "O",
        "specialPermissionAddCode": null,
        "crossListedSections": [],
        "sectionNotes": null,
        "specialPermissionDropCode": null,
        "instructors": [
          {
            "name": "TOLEDO, ALVARO"
          }
        ],
        "number": "T1",
        "majors": [],
        "sessionDates": null,
        "specialPermissionDropCodeDescription": null,
        "subtopic": null,
        "openStatus": true,
        "comments": [],
        "minors": [],
        "campusCode": "NB",
        "index": "14225",
        "unitMajors": [],
        "printed": "Y",
        "specialPermissionAddCodeDescription": null,
        "subtitle": null,
        "meetingTimes": [
          {
            "campusLocation": null,
            "baClassHours": "B",
            "roomNumber": null,
            "pmCode": null,
            "campusAbbrev": null,
            "campusName": null,
            "meetingDay": null,
            "buildingCode": null,
            "startTime": null,
            "endTime": null,
            "meetingModeDesc": "RSCH-MA",
            "meetingModeCode": "23"
          }
        ],
        "legendKey": null,
        "honorPrograms": []
      },
      {
        "sectionEligibility": null,
        "sessionDatePrintIndicator": "N",
        "examCode": "O",
        "specialPermissionAddCode": null,
        "crossListedSections": [],
        "sectionNotes": null,
        "specialPermissionDropCode": null,
        "instructors": [
          {
            "name": "WANG, CHANGLU"
          }
        ],
        "number": "W1",
        "majors": [],
        "sessionDates": null,
        "specialPermissionDropCodeDescription": null,
        "subtopic": null,
        "openStatus": true,
        "comments": [],
        "minors": [],
        "campusCode": "NB",
        "index": "14226",
        "unitMajors": [],
        "printed": "Y",
        "specialPermissionAddCodeDescription": null,
        "subtitle": null,
        "meetingTimes": [
          {
            "campusLocation": null,
            "baClassHours": "B",
            "roomNumber": null,
            "pmCode": null,
            "campusAbbrev": null,
            "campusName": null,
            "meetingDay": null,
            "buildingCode": null,
            "startTime": null,
            "endTime": null,
            "meetingModeDesc": "RSCH-MA",
            "meetingModeCode": "23"
          }
        ],
        "legendKey": null,
        "honorPrograms": []
      }
    ],
    "supplementCode": "  ",
    "credits": null,
    "unitNotes": null,
    "coreCodes": [],
    "courseNotes": null,
    "expandedTitle": null
  },
  {
    "subjectNotes": null,
    "courseNumber": "800",
    "subject": "370",
    "campusCode": "NB",
    "openSections": 1,
    "synopsisUrl": "https://entomology.rutgers.edu/graduate/courses/",
    "subjectGroupNotes": null,
    "offeringUnitCode": "16",
    "offeringUnitTitle": null,
    "title": "MATRICULATION CONTD",
    "courseDescription": null,
    "preReqNotes": null,
    "sections": [
      {
        "sectionEligibility": null,
        "sessionDatePrintIndicator": "N",
        "examCode": "O",
        "specialPermissionAddCode": "03",
        "crossListedSections": [],
        "sectionNotes": null,
        "specialPermissionDropCode": null,
        "instructors": [
          {
            "name": "FONSECA, DINA"
          }
        ],
        "number": "01",
        "majors": [],
        "sessionDates": null,
        "specialPermissionDropCodeDescription": null,
        "subtopic": null,
        "openStatus": true,
        "comments": [],
        "minors": [],
        "campusCode": "NB",
        "index": "14227",
        "unitMajors": [],
        "printed": "Y",
        "specialPermissionAddCodeDescription": "Department staff",
        "subtitle": null,
        "meetingTimes": [
          {
            "campusLocation": null,
            "baClassHours": "B",
            "roomNumber": null,
            "pmCode": null,
            "campusAbbrev": null,
            "campusName": null,
            "meetingDay": null,
            "buildingCode": null,
            "startTime": null,
            "endTime": null,
            "meetingModeDesc": "GRADUATE 800-LEVEL",
            "meetingModeCode": "80"
          }
        ],
        "legendKey": null,
        "honorPrograms": []
      }
    ],
    "supplementCode": "  ",
    "credits": 0,
    "unitNotes": null,
    "coreCodes": [],
    "courseNotes": null,
    "expandedTitle": null
  },
  {
    "subjectNotes": null,
    "courseNumber": "811",
    "subject": "370",
    "campusCode": "NB",
    "openSections": 1,
    "synopsisUrl": "https://entomology.rutgers.edu/graduate/courses/",
    "subjectGroupNotes": null,
    "offeringUnitCode": "16",
    "offeringUnitTitle": null,
    "title": "GRADUATE FELLOWSHIP",
    "courseDescription": null,
    "preReqNotes": null,
    "sections": [
      {
        "sectionEligibility": null,
        "sessionDatePrintIndicator": "N",
        "examCode": "O",
        "specialPermissionAddCode": null,
        "crossListedSections": [],
        "sectionNotes": null,
        "specialPermissionDropCode": null,
        "instructors": [
          {
            "name": "FONSECA, DINA"
          }
        ],
        "number": "01",
        "majors": [],
        "sessionDates": null,
        "specialPermissionDropCodeDescription": null,
        "subtopic": null,
        "openStatus": true,
        "comments": [],
        "minors": [],
        "campusCode": "NB",
        "index": "14228",
        "unitMajors": [],
        "printed": "Y",
        "specialPermissionAddCodeDescription": null,
        "subtitle": null,
        "meetingTimes": [
          {
            "campusLocation": null,
            "baClassHours": "B",
            "roomNumber": null,
            "pmCode": null,
            "campusAbbrev": null,
            "campusName": null,
            "meetingDay": null,
            "buildingCode": null,
            "startTime": null,
            "endTime": null,
            "meetingModeDesc": "GRADUATE 800-LEVEL",
            "meetingModeCode": "80"
          }
        ],
        "legendKey": null,
        "honorPrograms": []
      }
    ],
    "supplementCode": "  ",
    "credits": 0,
    "unitNotes": null,
    "coreCodes": [],
    "courseNotes": null,
    "expandedTitle": null
  },
  {
    "subjectNotes": null,
    "courseNumber": "844",
    "subject": "370",
    "campusCode": "NB",
    "openSections": 1,
    "synopsisUrl": "https://entomology.rutgers.edu/graduate/courses/",
    "subjectGroupNotes": null,
    "offeringUnitCode": "16",
    "offeringUnitTitle": null,
    "title": "RESEARCH INTERNSHIP",
    "courseDescription": null,
    "preReqNotes": null,
    "sections": [
      {
        "sectionEligibility": null,
        "sessionDatePrintIndicator": "N",
        "examCode": "O",
        "specialPermissionAddCode": null,
        "crossListedSections": [],
        "sectionNotes": null,
        "specialPermissionDropCode": null,
        "instructors": [
          {
            "name": "FONSECA, DINA"
          }
        ],
        "number": "01",
        "majors": [],
        "sessionDates": null,
        "specialPermissionDropCodeDescription": null,
        "subtopic": null,
        "openStatus": true,
        "comments": [],
        "minors": [],
        "campusCode": "NB",
        "index": "14229",
        "unitMajors": [],
        "printed": "Y",
        "specialPermissionAddCodeDescription": null,
        "subtitle": null,
        "meetingTimes": [
          {
            "campusLocation": null,
            "baClassHours": "B",
            "roomNumber": null,
            "pmCode": null,
            "campusAbbrev": null,
            "campusName": null,
            "meetingDay": null,
            "buildingCode": null,
            "startTime": null,
            "endTime": null,
            "meetingModeDesc": "GRADUATE 800-LEVEL",
            "meetingModeCode": "80"
          }
        ],
        "legendKey": null,
        "honorPrograms": []
      }
    ],
    "supplementCode": "  ",
    "credits": 0,
    "unitNotes": null,
    "coreCodes": [],
    "courseNotes": null,
    "expandedTitle": null
  },
  {
    "subjectNotes": null,
    "courseNumber": "866",
    "subject": "370",
    "campusCode": "NB",
    "openSections": 1,
    "synopsisUrl": "https://entomology.rutgers.edu/graduate/courses/",
    "subjectGroupNotes": null,
    "offeringUnitCode": "16",
    "offeringUnitTitle": null,
    "title": "FULL GA APPOINTMENT",
    "courseDescription": null,
    "preReqNotes": null,
    "sections": [
      {
        "sectionEligibility": null,
        "sessionDatePrintIndicator": "N",
        "examCode": "O",
        "specialPermissionAddCode": null,
        "crossListedSections": [],
        "sectionNotes": null,
        "specialPermissionDropCode": null,
        "instructors": [
          {
            "name": "FONSECA, DINA"
          }
        ],
        "number": "01",
        "majors": [],
        "sessionDates": null,
        "specialPermissionDropCodeDescription": null,
        "subtopic": null,
        "openStatus": true,
        "comments": [],
        "minors": [],
        "campusCode": "NB",
        "index": "14230",
        "unitMajors": [],
        "printed": "Y",
        "specialPermissionAddCodeDescription": null,
        "subtitle": null,
        "meetingTimes": [
          {
            "campusLocation": null,
            "baClassHours": "B",
            "roomNumber": null,
            "pmCode": null,
            "campusAbbrev": null,
            "campusName": null,
            "meetingDay": null,
            "buildingCode": null,
            "startTime": null,
            "endTime": null,
            "meetingModeDesc": "GRADUATE 800-LEVEL",
            "meetingModeCode": "80"
          }
        ],
        "legendKey": null,
        "honorPrograms": []
      }
    ],
    "supplementCode": "  ",
    "credits": 6,
    "unitNotes": null,
    "coreCodes": [],
    "courseNotes": null,
    "expandedTitle": null
  },
  {
    "subjectNotes": null,
    "courseNumber": "867",
    "subject": "370",
    "campusCode": "NB",
    "openSections": 1,
    "synopsisUrl": "https://entomology.rutgers.edu/graduate/courses/",
    "subjectGroupNotes": null,
    "offeringUnitCode": "16",
    "offeringUnitTitle": null,
    "title": "PART GA APPOINTMENT",
    "courseDescription": null,
    "preReqNotes": null,
    "sections": [
      {
        "sectionEligibility": null,
        "sessionDatePrintIndicator": "N",
        "examCode": "O",
        "specialPermissionAddCode": null,
        "crossListedSections": [],
        "sectionNotes": null,
        "specialPermissionDropCode": null,
        "instructors": [
          {
            "name": "FONSECA, DINA"
          }
        ],
        "number": "01",
        "majors": [],
        "sessionDates": null,
        "specialPermissionDropCodeDescription": null,
        "subtopic": null,
        "openStatus": true,
        "comments": [],
        "minors": [],
        "campusCode": "NB",
        "index": "14231",
        "unitMajors": [],
        "printed": "Y",
        "specialPermissionAddCodeDescription": null,
        "subtitle": null,
        "meetingTimes": [
          {
            "campusLocation": null,
            "baClassHours": "B",
            "roomNumber": null,
            "pmCode": null,
            "campusAbbrev": null,
            "campusName": null,
            "meetingDay": null,
            "buildingCode": null,
            "startTime": null,
            "endTime": null,
            "meetingModeDesc": "GRADUATE 800-LEVEL",
            "meetingModeCode": "80"
          }
        ],
        "legendKey": null,
        "honorPrograms": []
      }
    ],
    "supplementCode": "  ",
    "credits": 3,
    "unitNotes": null,
    "coreCodes": [],
    "courseNotes": null,
    "expandedTitle": null
  },
  {
    "subjectNotes": null,
    "courseNumber": "877",
    "subject": "370",
    "campusCode": "NB",
    "openSections": 1,
    "synopsisUrl": "https://entomology.rutgers.edu/graduate/courses/",
    "subjectGroupNotes": null,
    "offeringUnitCode": "16",
    "offeringUnitTitle": null,
    "title": "FULL TA APPOINTMENT",
    "courseDescription": null,
    "preReqNotes": null,
    "sections": [
      {
        "sectionEligibility": null,
        "sessionDatePrintIndicator": "N",
        "examCode": "O",
        "specialPermissionAddCode": null,
        "crossListedSections": [],
        "sectionNotes": null,
        "specialPermissionDropCode": null,
        "instructors": [
          {
            "name": "FONSECA, DINA"
          }
        ],
        "number": "01",
        "majors": [],
        "sessionDates": null,
        "specialPermissionDropCodeDescription": null,
        "subtopic": null,
        "openStatus": true,
        "comments": [],
        "minors": [],
        "campusCode": "NB",
        "index": "14232",
        "unitMajors": [],
        "printed": "Y",
        "specialPermissionAddCodeDescription": null,
        "subtitle": null,
        "meetingTimes": [
          {
            "campusLocation": null,
            "baClassHours": "B",
            "roomNumber": null,
            "pmCode": null,
            "campusAbbrev": null,
            "campusName": null,
            "meetingDay": null,
            "buildingCode": null,
            "startTime": null,
            "endTime": null,
            "meetingModeDesc": "GRADUATE 800-LEVEL",
            "meetingModeCode": "80"
          }
        ],
        "legendKey": null,
        "honorPrograms": []
      }
    ],
    "supplementCode": "  ",
    "credits": 6,
    "unitNotes": null,
    "coreCodes": [],
    "courseNotes": null,
    "expandedTitle": null
  },
  {
    "subjectNotes": null,
    "courseNumber": "878",
    "subject": "370",
    "campusCode": "NB",
    "openSections": 1,
    "synopsisUrl": "https://entomology.rutgers.edu/graduate/courses/",
    "subjectGroupNotes": null,
    "offeringUnitCode": "16",
    "offeringUnitTitle": null,
    "title": "PART TA APPOINTMENT",
    "courseDescription": null,
    "preReqNotes": null,
    "sections": [
      {
        "sectionEligibility": null,
        "sessionDatePrintIndicator": "N",
        "examCode": "O",
        "specialPermissionAddCode": null,
        "crossListedSections": [],
        "sectionNotes": null,
        "specialPermissionDropCode": null,
        "instructors": [
          {
            "name": "FONSECA, DINA"
          }
        ],
        "number": "01",
        "majors": [],
        "sessionDates": null,
        "specialPermissionDropCodeDescription": null,
        "subtopic": null,
        "openStatus": true,
        "comments": [],
        "minors": [],
        "campusCode": "NB",
        "index": "14233",
        "unitMajors": [],
        "printed": "Y",
        "specialPermissionAddCodeDescription": null,
        "subtitle": null,
        "meetingTimes": [
          {
            "campusLocation": null,
            "baClassHours": "B",
            "roomNumber": null,
            "pmCode": null,
            "campusAbbrev": null,
            "campusName": null,
            "meetingDay": null,
            "buildingCode": null,
            "startTime": null,
            "endTime": null,
            "meetingModeDesc": "GRADUATE 800-LEVEL",
            "meetingModeCode": "80"
          }
        ],
        "legendKey": null,
        "honorPrograms": []
      }
    ],
    "supplementCode": "  ",
    "credits": 3,
    "unitNotes": null,
    "coreCodes": [],
    "courseNotes": null,
    "expandedTitle": null
  }
]