[
  {
    "subjectNotes": null,
    "courseNumber": "203",
    "subject": "501",
    "campusCode": "NB",
    "openSections": 2,
    "synopsisUrl": "https://bloustein.rutgers.edu/undergraduate/healthadministration/",
    "subjectGroupNotes": null,
    "offeringUnitCode": "10",
    "offeringUnitTitle": null,
    "title": "INTRO HEALTH ADMIN",
    "courseDescription": null,
    "preReqNotes": null,
    "sections": [
      {
        "sectionEligibility": null,
        "sessionDatePrintIndicator": "N",
        "examCode": "C",
        "specialPermissionAddCode": null,
        "crossListedSections": [],
        "sectionNotes": null,
        "specialPermissionDropCode": null,
        "instructors": [
          {
            "name": "PIELOCH"
          }
        ],
        "number": "01",
        "majors": [],
        "sessionDates": null,
        "specialPermissionDropCodeDescription": null,
        "subtopic": null,
        "openStatus": true,
        "comments": [
          {
            "code": "05",
            "description": "Go to http://canvas.rutgers.edu"
          }
        ],
        "minors": [],
        "campusCode": "NB",
        "index": "11339",
        "unitMajors": [],
        "printed": "Y",
        "specialPermissionAddCodeDescription": null,
        "subtitle": null,
        "meetingTimes": [
          {
            "campusLocation": "4",
            "baClassHours": null,
            "roomNumber": "138B",
            "pmCode": "P",
            "campusAbbrev": "D/C",
            "campusName": "DOUGLAS/COOK",
            "meetingDay": "M",
            "buildingCode": "FOR",
            "startTime": "0200",
            "endTime": "0500",
            "meetingModeDesc": "LEC",
            "meetingModeCode": "02"
          }
        ],
        "legendKey": null,
        "honorPrograms": []
      },
      {
        "sectionEligibility": null,
        "sessionDatePrintIndicator": "N",
        "examCode": "C",
        "specialPermissionAddCode": null,
        "crossListedSections": [],
        "sectionNotes": null,
        "specialPermissionDropCode": null,
        "instructors": [
          {
            "name": "PELTZMAN, JACOB"
          }
        ],
        "number": "02",
        "majors": [],
        "sessionDates": null,
        "specialPermissionDropCodeDescription": null,
        "subtopic": null,
        "openStatus": false,
        "comments": [
          {
            "code": "05",
            "description": "Go to http://canvas.rutgers.edu"
          }
        ],
        "minors": [],
        "campusCode": "NB",
        "index": "11340",
        "unitMajors": [],
        "printed": "Y",
        "specialPermissionAddCodeDescription": null,
        "subtitle": null,
        "meetingTimes": [
          {
            "campusLocation": "1",
            "baClassHours": null,
            "roomNumber": "202",
            "pmCode": "P",
            "campusAbbrev": "CAC",
            "campusName": "COLLEGE AVENUE",
            "meetingDay": "W",
            "buildingCode": "SC",
            "startTime": "0540",
            "endTime": "0840",
            "meetingModeDesc": "LEC",
            "meetingModeCode": "02"
          }
        ],
        "legendKey": null,
        "honorPrograms": []
      },
      {
        "sectionEligibility": null,
        "sessionDatePrintIndicator": "N",
        "examCode": "C",
        "specialPermissionAddCode": null,
        "crossListedSections": [],
        "sectionNotes": null,
        "specialPermissionDropCode": null,
        "instructors": [
          {
            "name": "ANDREWS"
          }
        ],
        "number": "03",
        "majors": [],
        "sessionDates": null,
        "specialPermissionDropCodeDescription": null,
        "subtopic": null,
        "openStatus": true,
        "comments": [
          {
            "code": "05",
            "description": "Go to http://canvas.rutgers.edu"
          }
        ],
        "minors": [],
        "campusCode": "NB",
        "index": "11341",
        "unitMajors": [],
        "printed": "Y",
        "specialPermissionAddCodeDescription": null,
        "subtitle": null,
        "meetingTimes": [
          {
            "campusLocation": "1",
            "baClassHours": null,
            "roomNumber": "A5",
            "pmCode": "P",
            "campusAbbrev": "CAC",
            "campusName": "COLLEGE AVENUE",
            "meetingDay": "T",
            "buildingCode": "HH",
            "startTime": "0540",
            "endTime": "0840",
            "meetingModeDesc": "LEC",
            "meetingModeCode": "02"
          },
          {
            "campusLocation": "O",
            "baClassHours": "B",
            "roomNumber": null,
            "pmCode": null,
            "campusAbbrev": "**",
            "campusName": "** INVALID **",
            "meetingDay": null,
            "buildingCode": null,
            "startTime": null,
            "endTime": null,
            "meetingModeDesc": "ONLINE INSTRUCTION(INTERNET)",
            "meetingModeCode": "90"
          }
        ],
        "legendKey": null,
        "honorPrograms": []
      },
      {
        "sectionEligibility": null,
        "sessionDatePrintIndicator": "N",
        "examCode": "A",
        "specialPermissionAddCode": null,
        "crossListedSections": [],
        "sectionNotes": null,
        "specialPermissionDropCode": null,
        "instructors": [
          {
            "name": "SHARMA, SEJAL"
          }
        ],
        "number": "90",
        "majors": [],
        "sessionDates": null,
        "specialPermissionDropCodeDescription": null,
        "subtopic": null,
        "openStatus": false,
        "comments": [
          {
            "code": "05",
            "description": "Go to http://canvas.rutgers.edu"
          },
          {
            "code": "56",
            "description": "Online Course"
          }
        ],
        "minors": [],
        "campusCode": "NB",
        "index": "11342",
        "unitMajors": [],
        "printed": "Y",
        "specialPermissionAddCodeDescription": null,
        "subtitle": null,
        "meetingTimes": [
          {
            "campusLocation": "O",
            "baClassHours": "B",
            "roomNumber": null,
            "pmCode": null,
            "campusAbbrev": "**",
            "campusName": "** INVALID **",
            "meetingDay": null,
            "buildingCode": null,
            "startTime": null,
            "endTime": null,
            "meetingModeDesc": "ONLINE INSTRUCTION(INTERNET)",
            "meetingModeCode": "90"
          }
        ],
        "legendKey": null,
        "honorPrograms": []
      },
      {
        "sectionEligibility": null,
        "sessionDatePrintIndicator": "N",
        "examCode": "A",
        "specialPermissionAddCode": null,
        "crossListedSections": [],
        "sectionNotes": null,
        "specialPermissionDropCode": null,
        "instructors": [
          {
            "name": "SMITH, RHONDA"
          }
        ],
        "number": "91",
        "majors": [],
        "sessionDates": null,
        "specialPermissionDropCodeDescription": null,
        "subtopic": null,
        "openStatus": false,
        "comments": [
          {
            "code": "05",
            "description": "Go to http://canvas.rutgers.edu"
          },
          {
            "code": "56",
            "description": "Online Course"
          }
        ],
        "minors": [],
        "campusCode": "NB",
        "index": "11343",
        "unitMajors": [],
        "printed": "Y",
        "specialPermissionAddCodeDescription": null,
        "subtitle": null,
        "meetingTimes": [
          {
            "campusLocation": "O",
            "baClassHours": "B",
            "roomNumber": null,
            "pmCode": null,
            "campusAbbrev": "**",
            "campusName": "** INVALID **",
            "meetingDay": null,
            "buildingCode": null,
            "startTime": null,
            "endTime": null,
            "meetingModeDesc": "ONLINE INSTRUCTION(INTERNET)",
            "meetingModeCode": "90"
          }
        ],
        "legendKey": null,
        "honorPrograms": []
      },
      {
        "sectionEligibility": null,
        "sessionDatePrintIndicator": "N",
        "examCode": "A",
        "specialPermissionAddCode": null,
        "crossListedSections": [],
        "sectionNotes": null,
        "specialPermissionDropCode": null,
        "instructors": [
          {
            "name": "EDELSTEIN"
          }
        ],
        "number": "92",
        "majors": [],
        "sessionDates": null,
        "specialPermissionDropCodeDescription": null,
        "subtopic": null,
        "openStatus": false,
        "comments": [
          {
            "code": "56",
            "description": "Online Course"
          },
          {
            "code": "05",
            "description": "Go to http://canvas.rutgers.edu"
          }
        ],
        "minors": [],
        "campusCode": "NB",
        "index": "11344",
        "unitMajors": [],
        "printed": "Y",
        "specialPermissionAddCodeDescription": null,
        "subtitle": null,
        "meetingTimes": [
          {
            "campusLocation": "O",
            "baClassHours": "B",
            "roomNumber": null,
            "pmCode": null,
            "campusAbbrev": "**",
            "campusName": "** INVALID **",
            "meetingDay": null,
            "buildingCode": null,
            "startTime": null,
            "endTime": null,
            "meetingModeDesc": "ONLINE INSTRUCTION(INTERNET)",
            "meetingModeCode": "90"
          }
        ],
        "legendKey": null,
        "honorPrograms": []
      }
    ],
    "supplementCode": "  ",
    "credits": 3,
    "unitNotes": "For Special Permission -- http://bloustein.rutgers.edu/courses/special-permission-numbers/\r\n",
    "coreCodes": [],
    "courseNotes": null,
    "expandedTitle": "INTRODUCTION TO HEALTH ADMINISTRATION                                           "
  },
  {
    "subjectNotes": null,
    "courseNumber": "207",
    "subject": "501",
    "campusCode": "NB",
    "openSections": 3,
    "synopsisUrl": "https://bloustein.rutgers.edu/undergraduate/healthadministration/",
    "subjectGroupNotes": null,
    "offeringUnitCode": "10",
    "offeringUnitTitle": null,
    "title": "ACCT FOR SUPRV/MGRS",
    "courseDescription": null,
    "preReqNotes": null,
    "sections": [
      {
        "sectionEligibility": null,
        "sessionDatePrintIndicator": "N",
        "examCode": "C",
        "specialPermissionAddCode": null,
        "crossListedSections": [],
        "sectionNotes": null,
        "specialPermissionDropCode": null,
        "instructors": [
          {
            "name": "DELK, GERALD"
          }
        ],
        "number": "01",
        "majors": [],
        "sessionDates": null,
        "specialPermissionDropCodeDescription": null,
        "subtopic": null,
        "openStatus": true,
        "comments": [
          {
            "code": "05",
            "description": "Go to http://canvas.rutgers.edu"
          }
        ],
        "minors": [],
        "campusCode": "NB",
        "index": "11345",
        "unitMajors": [],
        "printed": "Y",
        "specialPermissionAddCodeDescription": null,
        "subtitle": null,
        "meetingTimes": [
          {
            "campusLocation": "4",
            "baClassHours": null,
            "roomNumber": "205",
            "pmCode": "P",
            "campusAbbrev": "D/C",
            "campusName": "DOUGLAS/COOK",
            "meetingDay": "M",
            "buildingCode": "FNH",
            "startTime": "0540",
            "endTime": "0840",
            "meetingModeDesc": "LEC",
            "meetingModeCode": "02"
          }
        ],
        "legendKey": null,
        "honorPrograms": []
      },
      {
        "sectionEligibility": null,
        "sessionDatePrintIndicator": "N",
        "examCode": "A",
        "specialPermissionAddCode": null,
        "crossListedSections": [],
        "sectionNotes": null,
        "specialPermissionDropCode": null,
        "instructors": [
          {
            "name": "CAMMA, MARK"
          }
        ],
        "number": "90",
        "majors": [
          {
            "code": "501",
            "isUnitCode": false,
            "isMajorCode": true
          }
        ],
        "sessionDates": null,
        "specialPermissionDropCodeDescription": null,
        "subtopic": null,
        "openStatus": true,
        "comments": [
          {
            "code": "05",
            "description": "Go to http://canvas.rutgers.edu"
          },
          {
            "code": "56",
            "description": "Online Course"
          }
        ],
        "minors": [
          {
            "code": "501"
          }
        ],
        "campusCode": "NB",
        "index": "11346",
        "unitMajors": [],
        "printed": "Y",
        "specialPermissionAddCodeDescription": null,
        "subtitle": null,
        "meetingTimes": [
          {
            "campusLocation": "O",
            "baClassHours": "B",
            "roomNumber": null,
            "pmCode": null,
            "campusAbbrev": "**",
            "campusName": "** INVALID **",
            "meetingDay": null,
            "buildingCode": null,
            "startTime": null,
            "endTime": null,
            "meetingModeDesc": "ONLINE INSTRUCTION(INTERNET)",
            "meetingModeCode": "90"
          }
        ],
        "legendKey": null,
        "honorPrograms": []
      },
      {
        "sectionEligibility": null,
        "sessionDatePrintIndicator": "N",
        "examCode": "A",
        "specialPermissionAddCode": null,
        "crossListedSections": [],
        "sectionNotes": null,
        "specialPermissionDropCode": null,
        "instructors": [
          {
            "name": "CAMMA, MARK"
          }
        ],
        "number": "91",
        "majors": [
          {
            "code": "501",
            "isUnitCode": false,
            "isMajorCode": true
          }
        ],
        "sessionDates": null,
        "specialPermissionDropCodeDescription": null,
        "subtopic": null,
        "openStatus": true,
        "comments": [
          {
            "code": "56",
            "description": "Online Course"
          },
          {
            "code": "05",
            "description": "Go to http://canvas.rutgers.edu"
          }
        ],
        "minors": [
          {
            "code": "501"
          }
        ],
        "campusCode": "NB",
        "index": "11347",
        "unitMajors": [],
        "printed": "Y",
        "specialPermissionAddCodeDescription": null,
        "subtitle": null,
        "meetingTimes": [
          {
            "campusLocation": "O",
            "baClassHours": "B",
            "roomNumber": null,
            "pmCode": null,
            "campusAbbrev": "**",
            "campusName": "** INVALID **",
            "meetingDay": null,
            "buildingCode": null,
            "startTime": null,
            "endTime": null,
            "meetingModeDesc": "ONLINE INSTRUCTION(INTERNET)",
            "meetingModeCode": "90"
          }
        ],
        "legendKey": null,
        "honorPrograms": []
      }
    ],
    "supplementCode": "  ",
    "credits": 3,
    "unitNotes": "For Special Permission -- http://bloustein.rutgers.edu/courses/special-permission-numbers/\r\n",
    "coreCodes": [],
    "courseNotes": null,
    "expandedTitle": "ACCOUNTING FOR SUPERVISORS AND MANAGERS                                         "
  },
  {
    "subjectNotes": null,
    "courseNumber": "260",
    "subject": "501",
    "campusCode": "NB",
    "openSections": 1,
    "synopsisUrl": "https://bloustein.rutgers.edu/undergraduate/healthadministration/",
    "subjectGroupNotes": null,
    "offeringUnitCode": "10",
    "offeringUnitTitle": null,
    "title": "HEALTH CARE SYSTEMS",
    "courseDescription": null,
    "preReqNotes": null,
    "sections": [
      {
        "sectionEligibility": null,
        "sessionDatePrintIndicator": "N",
        "examCode": "C",
        "specialPermissionAddCode": null,
        "crossListedSections": [
          {
            "courseNumber": "260",
            "supplementCode": "  ",
            "sectionNumber": "01",
            "offeringUnitCampus": "NB",
            "primaryRegistrationIndex": "11348",
            "offeringUnitCode": "10",
            "registrationIndex": "11349",
            "subjectCode": "832"
          }
        ],
        "sectionNotes": null,
        "specialPermissionDropCode": null,
        "instructors": [
          {
            "name": "FRANZIONE"
          }
        ],
        "number": "01",
        "majors": [],
        "sessionDates": null,
        "specialPermissionDropCodeDescription": null,
        "subtopic": null,
        "openStatus": false,
        "comments": [
          {
            "code": "05",
            "description": "Go to http://canvas.rutgers.edu"
          },
          {
            "code": "63",
            "description": "Hybrid"
          }
        ],
        "minors": [],
        "campusCode": "NB",
        "index": "11348",
        "unitMajors": [],
        "printed": "Y",
        "specialPermissionAddCodeDescription": null,
        "subtitle": null,
        "meetingTimes": [
          {
            "campusLocation": "O",
            "baClassHours": "B",
            "roomNumber": null,
            "pmCode": null,
            "campusAbbrev": "**",
            "campusName": "** INVALID **",
            "meetingDay": null,
            "buildingCode": null,
            "startTime": null,
            "endTime": null,
            "meetingModeDesc": "ONLINE INSTRUCTION(INTERNET)",
            "meetingModeCode": "90"
          },
          {
            "campusLocation": "1",
            "baClassHours": null,
            "roomNumber": "4450",
            "pmCode": "A",
            "campusAbbrev": "CAC",
            "campusName": "COLLEGE AVENUE",
            "meetingDay": "W",
            "buildingCode": "AB",
            "startTime": "1020",
            "endTime": "1140",
            "meetingModeDesc": "LEC",
            "meetingModeCode": "02"
          }
        ],
        "legendKey": null,
        "honorPrograms": []
      },
      {
        "sectionEligibility": null,
        "sessionDatePrintIndicator": "N",
        "examCode": "C",
        "specialPermissionAddCode": null,
        "crossListedSections": [
          {
            "courseNumber": "260",
            "supplementCode": "  ",
            "sectionNumber": "02",
            "offeringUnitCampus": "NB",
            "primaryRegistrationIndex": "11350",
            "offeringUnitCode": "10",
            "registrationIndex": "11351",
            "subjectCode": "832"
          }
        ],
        "sectionNotes": null,
        "specialPermissionDropCode": null,
        "instructors": [
          {
            "name": "EKWALL, SHAWN"
          }
        ],
        "number": "02",
        "majors": [],
        "sessionDates": null,
        "specialPermissionDropCodeDescription": null,
        "subtopic": null,
        "openStatus": true,
        "comments": [
          {
            "code": "05",
            "description": "Go to http://canvas.rutgers.edu"
          }
        ],
        "minors": [],
        "campusCode": "NB",
        "index": "11350",
        "unitMajors": [],
        "printed": "Y",
        "specialPermissionAddCodeDescription": null,
        "subtitle": null,
        "meetingTimes": [
          {
            "campusLocation": "3",
            "baClassHours": null,
            "roomNumber": "209",
            "pmCode": "P",
            "campusAbbrev": "LIV",
            "campusName": "LIVINGSTON",
            "meetingDay": "T",
            "buildingCode": "TIL",
            "startTime": "0540",
            "endTime": "0840",
            "meetingModeDesc": "LEC",
            "meetingModeCode": "02"
          }
        ],
        "legendKey": null,
        "honorPrograms": []
      },
      {
        "sectionEligibility": null,
        "sessionDatePrintIndicator": "N",
        "examCode": "A",
        "specialPermissionAddCode": null,
        "crossListedSections": [
          {
            "courseNumber": "260",
            "supplementCode": "  ",
            "sectionNumber": "90",
            "offeringUnitCampus": "NB",
            "primaryRegistrationIndex": "11352",
            "offeringUnitCode": "10",
            "registrationIndex": "11353",
            "subjectCode": "832"
          }
        ],
        "sectionNotes": null,
        "specialPermissionDropCode": null,
        "instructors": [
          {
            "name": "EKWALL, SHAWN"
          }
        ],
        "number": "90",
        "majors": [],
        "sessionDates": null,
        "specialPermissionDropCodeDescription": null,
        "subtopic": null,
        "openStatus": false,
        "comments": [
          {
            "code": "05",
            "description": "Go to http://canvas.rutgers.edu"
          },
          {
            "code": "56",
            "description": "Online Course"
          }
        ],
        "minors": [],
        "campusCode": "NB",
        "index": "11352",
        "unitMajors": [],
        "printed": "Y",
        "specialPermissionAddCodeDescription": null,
        "subtitle": null,
        "meetingTimes": [
          {
            "campusLocation": "O",
            "baClassHours": "B",
            "roomNumber": null,
            "pmCode": null,
            "campusAbbrev": "**",
            "campusName": "** INVALID **",
            "meetingDay": null,
            "buildingCode": null,
            "startTime": null,
            "endTime": null,
            "meetingModeDesc": "ONLINE INSTRUCTION(INTERNET)",
            "meetingModeCode": "90"
          }
        ],
        "legendKey": null,
        "honorPrograms": []
      },
      {
        "sectionEligibility": null,
        "sessionDatePrintIndicator": "Y",
        "examCode": "A",
        "specialPermissionAddCode": null,
        "crossListedSections": [
          {
            "courseNumber": "260",
            "supplementCode": "  ",
            "sectionNumber": "91",
            "offeringUnitCampus": "NB",
            "primaryRegistrationIndex": "19311",
            "offeringUnitCode": "10",
            "registrationIndex": "19335",
            "subjectCode": "832"
          }
        ],
        "sectionNotes": null,
        "specialPermissionDropCode": null,
        "instructors": [
          {
            "name": "KHAN, DABIR"
          }
        ],
        "number": "91",
        "majors": [],
        "sessionDates": null,
        "specialPermissionDropCodeDescription": null,
        "subtopic": null,
        "openStatus": false,
        "comments": [
          {
            "code": "05",
            "description": "Go to http://canvas.rutgers.edu"
          }
        ],
        "minors": [],
        "campusCode": "NB",
        "index": "19311",
        "unitMajors": [],
        "printed": "Y",
        "specialPermissionAddCodeDescription": null,
        "subtitle": null,
        "meetingTimes": [
          {
            "campusLocation": "O",
            "baClassHours": "B",
            "roomNumber": null,
            "pmCode": null,
            "campusAbbrev": "**",
            "campusName": "** INVALID **",
            "meetingDay": null,
            "buildingCode": null,
            "startTime": null,
            "endTime": null,
            "meetingModeDesc": "ONLINE INSTRUCTION(INTERNET)",
            "meetingModeCode": "90"
          }
        ],
        "legendKey": null,
        "honorPrograms": []
      },
      {
        "sectionEligibility": null,
        "sessionDatePrintIndicator": "Y",
        "examCode": "A",
        "specialPermissionAddCode": null,
        "crossListedSections": [
          {
            "courseNumber": "260",
            "supplementCode": "  ",
            "sectionNumber": "92",
            "offeringUnitCampus": "NB",
            "primaryRegistrationIndex": "19356",
            "offeringUnitCode": "10",
            "registrationIndex": "19355",
            "subjectCode": "832"
          }
        ],
        "sectionNotes": null,
        "specialPermissionDropCode": null,
        "instructors": [
          {
            "name": "BORGEN, IRENE"
          }
        ],
        "number": "92",
        "majors": [],
        "sessionDates": null,
        "specialPermissionDropCodeDescription": null,
        "subtopic": null,
        "openStatus": false,
        "comments": [
          {
            "code": "05",
            "description": "Go to http://canvas.rutgers.edu"
          }
        ],
        "minors": [],
        "campusCode": "NB",
        "index": "19356",
        "unitMajors": [],
        "printed": "Y",
        "specialPermissionAddCodeDescription": null,
        "subtitle": null,
        "meetingTimes": [
          {
            "campusLocation": "O",
            "baClassHours": "B",
            "roomNumber": null,
            "pmCode": null,
            "campusAbbrev": "**",
            "campusName": "** INVALID **",
            "meetingDay": null,
            "buildingCode": null,
            "startTime": null,
            "endTime": null,
            "meetingModeDesc": "ONLINE INSTRUCTION(INTERNET)",
            "meetingModeCode": "90"
          }
        ],
        "legendKey": null,
        "honorPrograms": []
      }
    ],
    "supplementCode": "  ",
    "credits": 3,
    "unitNotes": "For Special Permission -- http://bloustein.rutgers.edu/courses/special-permission-numbers/\r\n",
    "coreCodes": [],
    "courseNotes": null,
    "expandedTitle": null
  },
  {
    "subjectNotes": null,
    "courseNumber": "299",
    "subject": "501",
    "campusCode": "NB",
    "openSections": 1,
    "synopsisUrl": "https://bloustein.rutgers.edu/undergraduate/healthadministration/",
    "subjectGroupNotes": null,
    "offeringUnitCode": "10",
    "offeringUnitTitle": null,
    "title": "INDEPENDENT STUDY",
    "courseDescription": null,
    "preReqNotes": null,
    "sections": [
      {
        "sectionEligibility": null,
        "sessionDatePrintIndicator": "N",
        "examCode": "O",
        "specialPermissionAddCode": "03",
        "crossListedSections": [],
        "sectionNotes": null,
        "specialPermissionDropCode": null,
        "instructors": [],
        "number": "01",
        "majors": [],
        "sessionDates": null,
        "specialPermissionDropCodeDescription": null,
        "subtopic": null,
        "openStatus": true,
        "comments": [],
        "minors": [],
        "campusCode": "NB",
        "index": "11354",
        "unitMajors": [],
        "printed": "Y",
        "specialPermissionAddCodeDescription": "Department staff",
        "subtitle": null,
        "meetingTimes": [
          {
            "campusLocation": null,
            "baClassHours": "B",
            "roomNumber": null,
            "pmCode": null,
            "campusAbbrev": null,
            "campusName": null,
            "meetingDay": null,
            "buildingCode": null,
            "startTime": null,
            "endTime": null,
            "meetingModeDesc": "PROJ-IND",
            "meetingModeCode": "19"
          }
        ],
        "legendKey": null,
        "honorPrograms": []
      }
    ],
    "supplementCode": "  ",
    "credits": null,
    "unitNotes": "For Special Permission -- http://bloustein.rutgers.edu/courses/special-permission-numbers/\r\n",
    "coreCodes": [],
    "courseNotes": null,
    "expandedTitle": null
  },
  {
    "subjectNotes": null,
    "courseNumber": "310",
    "subject": "501",
    "campusCode": "NB",
    "openSections": 0,
    "synopsisUrl": "https://bloustein.rutgers.edu/undergraduate/healthadministration/",
    "subjectGroupNotes": null,
    "offeringUnitCode": "10",
    "offeringUnitTitle": null,
    "title": "ADM ISS/HLTH MGRS",
    "courseDescription": null,
    "preReqNotes": "(10:501:260 )<em> OR </em>(10:832:260 )",
    "sections": [
      {
        "sectionEligibility": null,
        "sessionDatePrintIndicator": "N",
        "examCode": "C",
        "specialPermissionAddCode": null,
        "crossListedSections": [],
        "sectionNotes": null,
        "specialPermissionDropCode": null,
        "instructors": [
          {
            "name": "CHACON, LOIDA"
          }
        ],
        "number": "02",
        "majors": [],
        "sessionDates": null,
        "specialPermissionDropCodeDescription": null,
        "subtopic": null,
        "openStatus": false,
        "comments": [
          {
            "code": "05",
            "description": "Go to http://canvas.rutgers.edu"
          }
        ],
        "minors": [],
        "campusCode": "NB",
        "index": "11356",
        "unitMajors": [],
        "printed": "Y",
        "specialPermissionAddCodeDescription": null,
        "subtitle": null,
        "meetingTimes": [
          {
            "campusLocation": "3",
            "baClassHours": null,
            "roomNumber": "121",
            "pmCode": "P",
            "campusAbbrev": "LIV",
            "campusName": "LIVINGSTON",
            "meetingDay": "M",
            "buildingCode": "BE",
            "startTime": "0540",
            "endTime": "0700",
            "meetingModeDesc": "LEC",
            "meetingModeCode": "02"
          },
          {
            "campusLocation": "O",
            "baClassHours": "B",
            "roomNumber": null,
            "pmCode": null,
            "campusAbbrev": "**",
            "campusName": "** INVALID **",
            "meetingDay": null,
            "buildingCode": null,
            "startTime": null,
            "endTime": null,
            "meetingModeDesc": "ONLINE INSTRUCTION(INTERNET)",
            "meetingModeCode": "90"
          }
        ],
        "legendKey": null,
        "honorPrograms": []
      },
      {
        "sectionEligibility": null,
        "sessionDatePrintIndicator": "N",
        "examCode": "A",
        "specialPermissionAddCode": null,
        "crossListedSections": [],
        "sectionNotes": null,
        "specialPermissionDropCode": null,
        "instructors": [
          {
            "name": "PELTZMAN, JACOB"
          }
        ],
        "number": "90",
        "majors": [],
        "sessionDates": null,
        "specialPermissionDropCodeDescription": null,
        "subtopic": null,
        "openStatus": false,
        "comments": [
          {
            "code": "56",
            "description": "Online Course"
          },
          {
            "code": "05",
            "description": "Go to http://canvas.rutgers.edu"
          }
        ],
        "minors": [],
        "campusCode": "NB",
        "index": "11357",
        "unitMajors": [],
        "printed": "Y",
        "specialPermissionAddCodeDescription": null,
        "subtitle": null,
        "meetingTimes": [
          {
            "campusLocation": "O",
            "baClassHours": "B",
            "roomNumber": null,
            "pmCode": null,
            "campusAbbrev": "**",
            "campusName": "** INVALID **",
            "meetingDay": null,
            "buildingCode": null,
            "startTime": null,
            "endTime": null,
            "meetingModeDesc": "ONLINE INSTRUCTION(INTERNET)",
            "meetingModeCode": "90"
          }
        ],
        "legendKey": null,
        "honorPrograms": []
      }
    ],
    "supplementCode": "  ",
    "credits": 3,
    "unitNotes": "For Special Permission -- http://bloustein.rutgers.edu/courses/special-permission-numbers/\r\n",
    "coreCodes": [],
    "courseNotes": null,
    "expandedTitle": "ADMINISTRATIVE ISSUES FOR HEALTHCARE MANAGERS                                   "
  },
  {
    "subjectNotes": null,
    "courseNumber": "332",
    "subject": "501",
    "campusCode": "NB",
    "openSections": 0,
    "synopsisUrl": "https://bloustein.rutgers.edu/undergraduate/healthadministration/",
    "subjectGroupNotes": null,
    "offeringUnitCode": "10",
    "offeringUnitTitle": null,
    "title": "HEALTH ECONOMICS",
    "courseDescription": null,
    "preReqNotes": "((10:501:207  or 33:010:272 ) and (10:501:203 ))",
    "sections": [
      {
        "sectionEligibility": null,
        "sessionDatePrintIndicator": "N",
        "examCode": "C",
        "specialPermissionAddCode": null,
        "crossListedSections": [],
        "sectionNotes": null,
        "specialPermissionDropCode": null,
        "instructors": [
          {
            "name": "MCDONOUGH"
          }
        ],
        "number": "01",
        "majors": [],
        "sessionDates": null,
        "specialPermissionDropCodeDescription": null,
        "subtopic": null,
        "openStatus": false,
        "comments": [
          {
            "code": "05",
            "description": "Go to http://canvas.rutgers.edu"
          }
        ],
        "minors": [],
        "campusCode": "NB",
        "index": "11358",
        "unitMajors": [],
        "printed": "Y",
        "specialPermissionAddCodeDescription": null,
        "subtitle": null,
        "meetingTimes": [
          {
            "campusLocation": "1",
            "baClassHours": null,
            "roomNumber": "B6",
            "pmCode": "P",
            "campusAbbrev": "CAC",
            "campusName": "COLLEGE AVENUE",
            "meetingDay": "TH",
            "buildingCode": "FH",
            "startTime": "0200",
            "endTime": "0500",
            "meetingModeDesc": "LEC",
            "meetingModeCode": "02"
          }
        ],
        "legendKey": null,
        "honorPrograms": []
      },
      {
        "sectionEligibility": null,
        "sessionDatePrintIndicator": "N",
        "examCode": "A",
        "specialPermissionAddCode": null,
        "crossListedSections": [],
        "sectionNotes": null,
        "specialPermissionDropCode": null,
        "instructors": [
          {
            "name": "MCDONOUGH"
          }
        ],
        "number": "90",
        "majors": [],
        "sessionDates": null,
        "specialPermissionDropCodeDescription": null,
        "subtopic": null,
        "openStatus": false,
        "comments": [
          {
            "code": "05",
            "description": "Go to http://canvas.rutgers.edu"
          },
          {
            "code": "56",
            "description": "Online Course"
          }
        ],
        "minors": [],
        "campusCode": "NB",
        "index": "11359",
        "unitMajors": [],
        "printed": "Y",
        "specialPermissionAddCodeDescription": null,
        "subtitle": null,
        "meetingTimes": [
          {
            "campusLocation": "O",
            "baClassHours": "B",
            "roomNumber": null,
            "pmCode": null,
            "campusAbbrev": "**",
            "campusName": "** INVALID **",
            "meetingDay": null,
            "buildingCode": null,
            "startTime": null,
            "endTime": null,
            "meetingModeDesc": "ONLINE INSTRUCTION(INTERNET)",
            "meetingModeCode": "90"
          }
        ],
        "legendKey": null,
        "honorPrograms": []
      }
    ],
    "supplementCode": "  ",
    "credits": 3,
    "unitNotes": "For Special Permission -- http://bloustein.rutgers.edu/courses/special-permission-numbers/\r\n",
    "coreCodes": [],
    "courseNotes": null,
    "expandedTitle": "HEALTH ECONOMICS                                                                "
  },
  {
    "subjectNotes": null,
    "courseNumber": "333",
    "subject": "501",
    "campusCode": "NB",
    "openSections": 0,
    "synopsisUrl": "https://bloustein.rutgers.edu/undergraduate/healthadministration/",
    "subjectGroupNotes": null,
    "offeringUnitCode": "10",
    "offeringUnitTitle": null,
    "title": "FIN ASPCS/HLTH ADMIN",
    "courseDescription": null,
    "preReqNotes": "((10:501:207  or 33:010:272 ) and (10:501:203 ))",
    "sections": [
      {
        "sectionEligibility": null,
        "sessionDatePrintIndicator": "N",
        "examCode": "C",
        "specialPermissionAddCode": null,
        "crossListedSections": [],
        "sectionNotes": null,
        "specialPermissionDropCode": null,
        "instructors": [
          {
            "name": "ODEDIRAN, GRACE"
          }
        ],
        "number": "01",
        "majors": [],
        "sessionDates": null,
        "specialPermissionDropCodeDescription": null,
        "subtopic": null,
        "openStatus": false,
        "comments": [
          {
            "code": "05",
            "description": "Go to http://canvas.rutgers.edu"
          },
          {
            "code": "63",
            "description": "Hybrid"
          }
        ],
        "minors": [],
        "campusCode": "NB",
        "index": "11360",
        "unitMajors": [],
        "printed": "Y",
        "specialPermissionAddCodeDescription": null,
        "subtitle": null,
        "meetingTimes": [
          {
            "campusLocation": "1",
            "baClassHours": null,
            "roomNumber": "115",
            "pmCode": "P",
            "campusAbbrev": "CAC",
            "campusName": "COLLEGE AVENUE",
            "meetingDay": "T",
            "buildingCode": "SC",
            "startTime": "0540",
            "endTime": "0700",
            "meetingModeDesc": "LEC",
            "meetingModeCode": "02"
          },
          {
            "campusLocation": "O",
            "baClassHours": "B",
            "roomNumber": null,
            "pmCode": null,
            "campusAbbrev": "**",
            "campusName": "** INVALID **",
            "meetingDay": null,
            "buildingCode": null,
            "startTime": null,
            "endTime": null,
            "meetingModeDesc": "ONLINE INSTRUCTION(INTERNET)",
            "meetingModeCode": "90"
          }
        ],
        "legendKey": null,
        "honorPrograms": []
      },
      {
        "sectionEligibility": null,
        "sessionDatePrintIndicator": "N",
        "examCode": "A",
        "specialPermissionAddCode": null,
        "crossListedSections": [],
        "sectionNotes": null,
        "specialPermissionDropCode": null,
        "instructors": [
          {
            "name": "MCDONOUGH"
          }
        ],
        "number": "90",
        "majors": [],
        "sessionDates": null,
        "specialPermissionDropCodeDescription": null,
        "subtopic": null,
        "openStatus": false,
        "comments": [
          {
            "code": "56",
            "description": "Online Course"
          },
          {
            "code": "05",
            "description": "Go to http://canvas.rutgers.edu"
          }
        ],
        "minors": [],
        "campusCode": "NB",
        "index": "11361",
        "unitMajors": [],
        "printed": "Y",
        "specialPermissionAddCodeDescription": null,
        "subtitle": null,
        "meetingTimes": [
          {
            "campusLocation": "O",
            "baClassHours": "B",
            "roomNumber": null,
            "pmCode": null,
            "campusAbbrev": "**",
            "campusName": "** INVALID **",
            "meetingDay": null,
            "buildingCode": null,
            "startTime": null,
            "endTime": null,
            "meetingModeDesc": "ONLINE INSTRUCTION(INTERNET)",
            "meetingModeCode": "90"
          }
        ],
        "legendKey": null,
        "honorPrograms": []
      }
    ],
    "supplementCode": "  ",
    "credits": 3,
    "unitNotes": "For Special Permission -- http://bloustein.rutgers.edu/courses/special-permission-numbers/\r\n",
    "coreCodes": [],
    "courseNotes": null,
    "expandedTitle": "FINANCIAL ASPECTS OF HEALTH ADMINISTRATION                                      "
  },
  {
    "subjectNotes": null,
    "courseNumber": "335",
    "subject": "501",
    "campusCode": "NB",
    "openSections": 0,
    "synopsisUrl": "https://bloustein.rutgers.edu/undergraduate/healthadministration/",
    "subjectGroupNotes": null,
    "offeringUnitCode": "10",
    "offeringUnitTitle": null,
    "title": "POPULATION HEALTH",
    "courseDescription": null,
    "preReqNotes": "(10:501:203 )",
    "sections": [
      {
        "sectionEligibility": null,
        "sessionDatePrintIndicator": "N",
        "examCode": "A",
        "specialPermissionAddCode": null,
        "crossListedSections": [],
        "sectionNotes": null,
        "specialPermissionDropCode": null,
        "instructors": [
          {
            "name": "FRANZIONE"
          }
        ],
        "number": "01",
        "majors": [],
        "sessionDates": null,
        "specialPermissionDropCodeDescription": null,
        "subtopic": null,
        "openStatus": false,
        "comments": [
          {
            "code": "05",
            "description": "Go to http://canvas.rutgers.edu"
          },
          {
            "code": "23",
            "description": "Hybrid Section - Some Meetings Online"
          }
        ],
        "minors": [],
        "campusCode": "NB",
        "index": "11362",
        "unitMajors": [],
        "printed": "Y",
        "specialPermissionAddCodeDescription": null,
        "subtitle": null,
        "meetingTimes": [
          {
            "campusLocation": "1",
            "baClassHours": null,
            "roomNumber": "4400",
            "pmCode": "P",
            "campusAbbrev": "CAC",
            "campusName": "COLLEGE AVENUE",
            "meetingDay": "TH",
            "buildingCode": "AB",
            "startTime": "0200",
            "endTime": "0320",
            "meetingModeDesc": "LEC",
            "meetingModeCode": "02"
          },
          {
            "campusLocation": "O",
            "baClassHours": "B",
            "roomNumber": null,
            "pmCode": null,
            "campusAbbrev": "**",
            "campusName": "** INVALID **",
            "meetingDay": null,
            "buildingCode": null,
            "startTime": null,
            "endTime": null,
            "meetingModeDesc": "ONLINE INSTRUCTION(INTERNET)",
            "meetingModeCode": "90"
          }
        ],
        "legendKey": null,
        "honorPrograms": []
      },
      {
        "sectionEligibility": null,
        "sessionDatePrintIndicator": "N",
        "examCode": "A",
        "specialPermissionAddCode": null,
        "crossListedSections": [],
        "sectionNotes": null,
        "specialPermissionDropCode": null,
        "instructors": [
          {
            "name": "FRANZIONE"
          }
        ],
        "number": "90",
        "majors": [],
        "sessionDates": null,
        "specialPermissionDropCodeDescription": null,
        "subtopic": null,
        "openStatus": false,
        "comments": [
          {
            "code": "05",
            "description": "Go to http://canvas.rutgers.edu"
          },
          {
            "code": "56",
            "description": "Online Course"
          }
        ],
        "minors": [],
        "campusCode": "NB",
        "index": "11364",
        "unitMajors": [],
        "printed": "Y",
        "specialPermissionAddCodeDescription": null,
        "subtitle": null,
        "meetingTimes": [
          {
            "campusLocation": "O",
            "baClassHours": "B",
            "roomNumber": null,
            "pmCode": null,
            "campusAbbrev": "**",
            "campusName": "** INVALID **",
            "meetingDay": null,
            "buildingCode": null,
            "startTime": null,
            "endTime": null,
            "meetingModeDesc": "ONLINE INSTRUCTION(INTERNET)",
            "meetingModeCode": "90"
          }
        ],
        "legendKey": null,
        "honorPrograms": []
      }
    ],
    "supplementCode": "  ",
    "credits": 3,
    "unitNotes": "For Special Permission -- http://bloustein.rutgers.edu/courses/special-permission-numbers/\r\n",
    "coreCodes": [],
    "courseNotes": null,
    "expandedTitle": "POPULATION HEALTH                                                               "
  },
  {
    "subjectNotes": null,
    "courseNumber": "354",
    "subject": "501",
    "campusCode": "NB",
    "openSections": 0,
    "synopsisUrl": "https://bloustein.rutgers.edu/undergraduate/healthadministration/",
    "subjectGroupNotes": null,
    "offeringUnitCode": "10",
    "offeringUnitTitle": null,
    "title": "MKTH FOR HC ORG.",
    "courseDescription": null,
    "preReqNotes": "((10:501:207  or 33:010:272 ) and (10:501:203 ))",
    "sections": [
      {
        "sectionEligibility": null,
        "sessionDatePrintIndicator": "N",
        "examCode": "C",
        "specialPermissionAddCode": null,
        "crossListedSections": [],
        "sectionNotes": "MAY CO-REQ 10:501:207FOR OVERRIDE CONTACT:UNDERGRAD@EJB.RUTGERS.EDU",
        "specialPermissionDropCode": null,
        "instructors": [
          {
            "name": "SANT, JAGPREET"
          }
        ],
        "number": "01",
        "majors": [],
        "sessionDates": null,
        "specialPermissionDropCodeDescription": null,
        "subtopic": null,
        "openStatus": false,
        "comments": [
          {
            "code": "05",
            "description": "Go to http://canvas.rutgers.edu"
          }
        ],
        "minors": [],
        "campusCode": "NB",
        "index": "11365",
        "unitMajors": [],
        "printed": "Y",
        "specialPermissionAddCodeDescription": null,
        "subtitle": null,
        "meetingTimes": [
          {
            "campusLocation": "1",
            "baClassHours": null,
            "roomNumber": "102",
            "pmCode": "P",
            "campusAbbrev": "CAC",
            "campusName": "COLLEGE AVENUE",
            "meetingDay": "M",
            "buildingCode": "SC",
            "startTime": "0540",
            "endTime": "0840",
            "meetingModeDesc": "LEC",
            "meetingModeCode": "02"
          }
        ],
        "legendKey": null,
        "honorPrograms": []
      },
      {
        "sectionEligibility": null,
        "sessionDatePrintIndicator": "N",
        "examCode": "A",
        "specialPermissionAddCode": null,
        "crossListedSections": [],
        "sectionNotes": "MAY CO-REQ 10:501:207FOR OVERRIDE CONTACT:UNDERGRAD@EJB.RUTGERS.EDU",
        "specialPermissionDropCode": null,
        "instructors": [
          {
            "name": "CUNDIFF"
          }
        ],
        "number": "90",
        "majors": [],
        "sessionDates": null,
        "specialPermissionDropCodeDescription": null,
        "subtopic": null,
        "openStatus": false,
        "comments": [
          {
            "code": "05",
            "description": "Go to http://canvas.rutgers.edu"
          },
          {
            "code": "56",
            "description": "Online Course"
          }
        ],
        "minors": [],
        "campusCode": "NB",
        "index": "11366",
        "unitMajors": [],
        "printed": "Y",
        "specialPermissionAddCodeDescription": null,
        "subtitle": null,
        "meetingTimes": [
          {
            "campusLocation": "O",
            "baClassHours": "B",
            "roomNumber": null,
            "pmCode": null,
            "campusAbbrev": "**",
            "campusName": "** INVALID **",
            "meetingDay": null,
            "buildingCode": null,
            "startTime": null,
            "endTime": null,
            "meetingModeDesc": "ONLINE INSTRUCTION(INTERNET)",
            "meetingModeCode": "90"
          }
        ],
        "legendKey": null,
        "honorPrograms": []
      }
    ],
    "supplementCode": "  ",
    "credits": 3,
    "unitNotes": "For Special Permission -- http://bloustein.rutgers.edu/courses/special-permission-numbers/\r\n",
    "coreCodes": [],
    "courseNotes": null,
    "expandedTitle": "MARKETING FOR HEALTH CARE ORGANIZATIONS                                         "
  },
  {
    "subjectNotes": null,
    "courseNumber": "356",
    "subject": "501",
    "campusCode": "NB",
    "openSections": 1,
    "synopsisUrl": "https://bloustein.rutgers.edu/undergraduate/healthadministration/",
    "subjectGroupNotes": null,
    "offeringUnitCode": "10",
    "offeringUnitTitle": null,
    "title": "HLT CARE ETHICS/LAW",
    "courseDescription": null,
    "preReqNotes": "(10:501:203 )",
    "sections": [
      {
        "sectionEligibility": null,
        "sessionDatePrintIndicator": "N",
        "examCode": "C",
        "specialPermissionAddCode": null,
        "crossListedSections": [],
        "sectionNotes": null,
        "specialPermissionDropCode": null,
        "instructors": [
          {
            "name": "MCDONOUGH"
          }
        ],
        "number": "01",
        "majors": [],
        "sessionDates": null,
        "specialPermissionDropCodeDescription": null,
        "subtopic": null,
        "openStatus": true,
        "comments": [
          {
            "code": "05",
            "description": "Go to http://canvas.rutgers.edu"
          }
        ],
        "minors": [],
        "campusCode": "NB",
        "index": "11367",
        "unitMajors": [],
        "printed": "Y",
        "specialPermissionAddCodeDescription": null,
        "subtitle": null,
        "meetingTimes": [
          {
            "campusLocation": "1",
            "baClassHours": null,
            "roomNumber": "B4",
            "pmCode": "P",
            "campusAbbrev": "CAC",
            "campusName": "COLLEGE AVENUE",
            "meetingDay": "W",
            "buildingCode": "HH",
            "startTime": "0200",
            "endTime": "0320",
            "meetingModeDesc": "LEC",
            "meetingModeCode": "02"
          },
          {
            "campusLocation": "1",
            "baClassHours": null,
            "roomNumber": "B4",
            "pmCode": "P",
            "campusAbbrev": "CAC",
            "campusName": "COLLEGE AVENUE",
            "meetingDay": "M",
            "buildingCode": "HH",
            "startTime": "0200",
            "endTime": "0320",
            "meetingModeDesc": "LEC",
            "meetingModeCode": "02"
          }
        ],
        "legendKey": null,
        "honorPrograms": []
      },
      {
        "sectionEligibility": null,
        "sessionDatePrintIndicator": "N",
        "examCode": "A",
        "specialPermissionAddCode": null,
        "crossListedSections": [],
        "sectionNotes": null,
        "specialPermissionDropCode": null,
        "instructors": [
          {
            "name": "REDDEN, JAKE"
          }
        ],
        "number": "90",
        "majors": [
          {
            "code": "501",
            "isUnitCode": false,
            "isMajorCode": true
          }
        ],
        "sessionDates": null,
        "specialPermissionDropCodeDescription": null,
        "subtopic": null,
        "openStatus": false,
        "comments": [
          {
            "code": "56",
            "description": "Online Course"
          },
          {
            "code": "05",
            "description": "Go to http://canvas.rutgers.edu"
          }
        ],
        "minors": [
          {
            "code": "501"
          }
        ],
        "campusCode": "NB",
        "index": "11368",
        "unitMajors": [],
        "printed": "Y",
        "specialPermissionAddCodeDescription": null,
        "subtitle": null,
        "meetingTimes": [
          {
            "campusLocation": "O",
            "baClassHours": "B",
            "roomNumber": null,
            "pmCode": null,
            "campusAbbrev": "**",
            "campusName": "** INVALID **",
            "meetingDay": null,
            "buildingCode": null,
            "startTime": null,
            "endTime": null,
            "meetingModeDesc": "ONLINE INSTRUCTION(INTERNET)",
            "meetingModeCode": "90"
          }
        ],
        "legendKey": null,
        "honorPrograms": []
      },
      {
        "sectionEligibility": null,
        "sessionDatePrintIndicator": "N",
        "examCode": "A",
        "specialPermissionAddCode": null,
        "crossListedSections": [],
        "sectionNotes": null,
        "specialPermissionDropCode": null,
        "instructors": [
          {
            "name": "ROJAS, ERICK"
          }
        ],
        "number": "91",
        "majors": [
          {
            "code": "501",
            "isUnitCode": false,
            "isMajorCode": true
          }
        ],
        "sessionDates": null,
        "specialPermissionDropCodeDescription": null,
        "subtopic": null,
        "openStatus": false,
        "comments": [
          {
            "code": "56",
            "description": "Online Course"
          },
          {
            "code": "05",
            "description": "Go to http://canvas.rutgers.edu"
          }
        ],
        "minors": [
          {
            "code": "501"
          }
        ],
        "campusCode": "NB",
        "index": "11369",
        "unitMajors": [],
        "printed": "Y",
        "specialPermissionAddCodeDescription": null,
        "subtitle": null,
        "meetingTimes": [
          {
            "campusLocation": "O",
            "baClassHours": "B",
            "roomNumber": null,
            "pmCode": null,
            "campusAbbrev": "**",
            "campusName": "** INVALID **",
            "meetingDay": null,
            "buildingCode": null,
            "startTime": null,
            "endTime": null,
            "meetingModeDesc": "ONLINE INSTRUCTION(INTERNET)",
            "meetingModeCode": "90"
          }
        ],
        "legendKey": null,
        "honorPrograms": []
      }
    ],
    "supplementCode": "  ",
    "credits": 3,
    "unitNotes": "For Special Permission -- http://bloustein.rutgers.edu/courses/special-permission-numbers/\r\n",
    "coreCodes": [],
    "courseNotes": null,
    "expandedTitle": "HEALTH CARE ETHICS & LAW                                                        "
  },
  {
    "subjectNotes": null,
    "courseNumber": "363",
    "subject": "501",
    "campusCode": "NB",
    "openSections": 1,
    "synopsisUrl": "https://bloustein.rutgers.edu/undergraduate/healthadministration/",
    "subjectGroupNotes": null,
    "offeringUnitCode": "10",
    "offeringUnitTitle": null,
    "title": "HLTH SYST OPERATION",
    "courseDescription": null,
    "preReqNotes": "(10:501:203  and 10:501:260  and 10:501:207  and 10:501:207 ) <em> OR </em> (10:501:203  and 10:501:260  and 33:010:272  and 33:010:272 ) <em> OR </em> (10:501:203  and 10:832:260  and 10:501:207  and 10:501:207 ) <em> OR </em> (10:501:203  and 10:832:260  and 33:010:272  and 33:010:272 )",
    "sections": [
      {
        "sectionEligibility": null,
        "sessionDatePrintIndicator": "N",
        "examCode": "C",
        "specialPermissionAddCode": null,
        "crossListedSections": [],
        "sectionNotes": "MAY CO-REQ 10:501:207FOR OVERRIDE CONTACT:UNDERGRAD@EJB.RUTGERS.EDU",
        "specialPermissionDropCode": null,
        "instructors": [
          {
            "name": "KHAN, DABIR"
          }
        ],
        "number": "01",
        "majors": [],
        "sessionDates": null,
        "specialPermissionDropCodeDescription": null,
        "subtopic": null,
        "openStatus": true,
        "comments": [
          {
            "code": "05",
            "description": "Go to http://canvas.rutgers.edu"
          }
        ],
        "minors": [],
        "campusCode": "NB",
        "index": "11370",
        "unitMajors": [],
        "printed": "Y",
        "specialPermissionAddCodeDescription": null,
        "subtitle": null,
        "meetingTimes": [
          {
            "campusLocation": "4",
            "baClassHours": null,
            "roomNumber": "104",
            "pmCode": "P",
            "campusAbbrev": "D/C",
            "campusName": "DOUGLAS/COOK",
            "meetingDay": "M",
            "buildingCode": "RAB",
            "startTime": "0540",
            "endTime": "0840",
            "meetingModeDesc": "LEC",
            "meetingModeCode": "02"
          }
        ],
        "legendKey": null,
        "honorPrograms": []
      },
      {
        "sectionEligibility": null,
        "sessionDatePrintIndicator": "N",
        "examCode": "A",
        "specialPermissionAddCode": null,
        "crossListedSections": [],
        "sectionNotes": "MAY CO-REQ 10:501:207FOR OVERRIDE CONTACT:UNDERGRAD@EJB.RUTGERS.EDU",
        "specialPermissionDropCode": null,
        "instructors": [
          {
            "name": "BARROW ADAMS"
          }
        ],
        "number": "90",
        "majors": [],
        "sessionDates": null,
        "specialPermissionDropCodeDescription": null,
        "subtopic": null,
        "openStatus": false,
        "comments": [
          {
            "code": "05",
            "description": "Go to http://canvas.rutgers.edu"
          },
          {
            "code": "56",
            "description": "Online Course"
          }
        ],
        "minors": [],
        "campusCode": "NB",
        "index": "11371",
        "unitMajors": [],
        "printed": "Y",
        "specialPermissionAddCodeDescription": null,
        "subtitle": null,
        "meetingTimes": [
          {
            "campusLocation": "O",
            "baClassHours": "B",
            "roomNumber": null,
            "pmCode": null,
            "campusAbbrev": "**",
            "campusName": "** INVALID **",
            "meetingDay": null,
            "buildingCode": null,
            "startTime": null,
            "endTime": null,
            "meetingModeDesc": "ONLINE INSTRUCTION(INTERNET)",
            "meetingModeCode": "90"
          }
        ],
        "legendKey": null,
        "honorPrograms": []
      }
    ],
    "supplementCode": "  ",
    "credits": 3,
    "unitNotes": "For Special Permission -- http://bloustein.rutgers.edu/courses/special-permission-numbers/\r\n",
    "coreCodes": [],
    "courseNotes": null,
    "expandedTitle": "HEALTH SYSTEM OPERATIONS                                                        "
  },
  {
    "subjectNotes": null,
    "courseNumber": "395",
    "subject": "501",
    "campusCode": "NB",
    "openSections": 2,
    "synopsisUrl": "https://bloustein.rutgers.edu/undergraduate/healthadministration/",
    "subjectGroupNotes": null,
    "offeringUnitCode": "10",
    "offeringUnitTitle": null,
    "title": "DATA MANAGEMNT IN HC",
    "courseDescription": null,
    "preReqNotes": null,
    "sections": [
      {
        "sectionEligibility": null,
        "sessionDatePrintIndicator": "N",
        "examCode": "C",
        "specialPermissionAddCode": "03",
        "crossListedSections": [],
        "sectionNotes": null,
        "specialPermissionDropCode": null,
        "instructors": [
          {
            "name": "PERSILY, JACOB"
          }
        ],
        "number": "01",
        "majors": [
          {
            "code": "10",
            "isUnitCode": true,
            "isMajorCode": false
          },
          {
            "code": "501",
            "isUnitCode": false,
            "isMajorCode": true
          }
        ],
        "sessionDates": null,
        "specialPermissionDropCodeDescription": null,
        "subtopic": null,
        "openStatus": true,
        "comments": [
          {
            "code": "05",
            "description": "Go to http://canvas.rutgers.edu"
          }
        ],
        "minors": [
          {
            "code": "501"
          }
        ],
        "campusCode": "NB",
        "index": "11372",
        "unitMajors": [],
        "printed": "Y",
        "specialPermissionAddCodeDescription": "Department staff",
        "subtitle": null,
        "meetingTimes": [
          {
            "campusLocation": "1",
            "baClassHours": null,
            "roomNumber": "116",
            "pmCode": "P",
            "campusAbbrev": "CAC",
            "campusName": "COLLEGE AVENUE",
            "meetingDay": "TH",
            "buildingCode": "SC",
            "startTime": "0540",
            "endTime": "0840",
            "meetingModeDesc": "LEC",
            "meetingModeCode": "02"
          }
        ],
        "legendKey": null,
        "honorPrograms": []
      },
      {
        "sectionEligibility": null,
        "sessionDatePrintIndicator": "N",
        "examCode": "A",
        "specialPermissionAddCode": "03",
        "crossListedSections": [],
        "sectionNotes": null,
        "specialPermissionDropCode": null,
        "instructors": [
          {
            "name": "SANT, JAGPREET"
          }
        ],
        "number": "90",
        "majors": [
          {
            "code": "501",
            "isUnitCode": false,
            "isMajorCode": true
          }
        ],
        "sessionDates": null,
        "specialPermissionDropCodeDescription": null,
        "subtopic": null,
        "openStatus": true,
        "comments": [
          {
            "code": "56",
            "description": "Online Course"
          },
          {
            "code": "05",
            "description": "Go to http://canvas.rutgers.edu"
          }
        ],
        "minors": [
          {
            "code": "501"
          }
        ],
        "campusCode": "NB",
        "index": "11373",
        "unitMajors": [],
        "printed": "Y",
        "specialPermissionAddCodeDescription": "Department staff",
        "subtitle": null,
        "meetingTimes": [
          {
            "campusLocation": "O",
            "baClassHours": "B",
            "roomNumber": null,
            "pmCode": null,
            "campusAbbrev": "**",
            "campusName": "** INVALID **",
            "meetingDay": null,
            "buildingCode": null,
            "startTime": null,
            "endTime": null,
            "meetingModeDesc": "ONLINE INSTRUCTION(INTERNET)",
            "meetingModeCode": "90"
          }
        ],
        "legendKey": null,
        "honorPrograms": []
      }
    ],
    "supplementCode": "  ",
    "credits": 3,
    "unitNotes": "For Special Permission -- http://bloustein.rutgers.edu/courses/special-permission-numbers/\r\n",
    "coreCodes": [],
    "courseNotes": null,
    "expandedTitle": "DATA MANAGEMENT IN HEALTHCARE                                                   "
  },
  {
    "subjectNotes": null,
    "courseNumber": "410",
    "subject": "501",
    "campusCode": "NB",
    "openSections": 1,
    "synopsisUrl": "https://bloustein.rutgers.edu/undergraduate/healthadministration/",
    "subjectGroupNotes": null,
    "offeringUnitCode": "10",
    "offeringUnitTitle": null,
    "title": "INFO SYS/HLTH CARE",
    "courseDescription": null,
    "preReqNotes": "((10:501:260  or 10:832:260 ) and (10:501:333 ))",
    "sections": [
      {
        "sectionEligibility": null,
        "sessionDatePrintIndicator": "N",
        "examCode": "O",
        "specialPermissionAddCode": null,
        "crossListedSections": [],
        "sectionNotes": null,
        "specialPermissionDropCode": null,
        "instructors": [
          {
            "name": "CAVANAGH, JAMES"
          }
        ],
        "number": "01",
        "majors": [],
        "sessionDates": null,
        "specialPermissionDropCodeDescription": null,
        "subtopic": null,
        "openStatus": true,
        "comments": [
          {
            "code": "05",
            "description": "Go to http://canvas.rutgers.edu"
          }
        ],
        "minors": [],
        "campusCode": "NB",
        "index": "11374",
        "unitMajors": [],
        "printed": "Y",
        "specialPermissionAddCodeDescription": null,
        "subtitle": null,
        "meetingTimes": [
          {
            "campusLocation": "1",
            "baClassHours": null,
            "roomNumber": "4400",
            "pmCode": "P",
            "campusAbbrev": "CAC",
            "campusName": "COLLEGE AVENUE",
            "meetingDay": "T",
            "buildingCode": "AB",
            "startTime": "0540",
            "endTime": "0840",
            "meetingModeDesc": "LEC",
            "meetingModeCode": "02"
          }
        ],
        "legendKey": null,
        "honorPrograms": []
      },
      {
        "sectionEligibility": null,
        "sessionDatePrintIndicator": "N",
        "examCode": "A",
        "specialPermissionAddCode": null,
        "crossListedSections": [],
        "sectionNotes": null,
        "specialPermissionDropCode": null,
        "instructors": [
          {
            "name": "SMITH, RHONDA"
          }
        ],
        "number": "90",
        "majors": [],
        "sessionDates": null,
        "specialPermissionDropCodeDescription": null,
        "subtopic": null,
        "openStatus": false,
        "comments": [
          {
            "code": "56",
            "description": "Online Course"
          },
          {
            "code": "05",
            "description": "Go to http://canvas.rutgers.edu"
          }
        ],
        "minors": [],
        "campusCode": "NB",
        "index": "11375",
        "unitMajors": [],
        "printed": "Y",
        "specialPermissionAddCodeDescription": null,
        "subtitle": null,
        "meetingTimes": [
          {
            "campusLocation": "O",
            "baClassHours": "B",
            "roomNumber": null,
            "pmCode": null,
            "campusAbbrev": "**",
            "campusName": "** INVALID **",
            "meetingDay": null,
            "buildingCode": null,
            "startTime": null,
            "endTime": null,
            "meetingModeDesc": "ONLINE INSTRUCTION(INTERNET)",
            "meetingModeCode": "90"
          }
        ],
        "legendKey": null,
        "honorPrograms": []
      },
      {
        "sectionEligibility": null,
        "sessionDatePrintIndicator": "N",
        "examCode": "A",
        "specialPermissionAddCode": null,
        "crossListedSections": [],
        "sectionNotes": null,
        "specialPermissionDropCode": null,
        "instructors": [
          {
            "name": "ZILOVIC, BOJAN"
          }
        ],
        "number": "91",
        "majors": [],
        "sessionDates": null,
        "specialPermissionDropCodeDescription": null,
        "subtopic": null,
        "openStatus": false,
        "comments": [
          {
            "code": "56",
            "description": "Online Course"
          },
          {
            "code": "05",
            "description": "Go to http://canvas.rutgers.edu"
          }
        ],
        "minors": [],
        "campusCode": "NB",
        "index": "11376",
        "unitMajors": [],
        "printed": "Y",
        "specialPermissionAddCodeDescription": null,
        "subtitle": null,
        "meetingTimes": [
          {
            "campusLocation": "O",
            "baClassHours": "B",
            "roomNumber": null,
            "pmCode": null,
            "campusAbbrev": "**",
            "campusName": "** INVALID **",
            "meetingDay": null,
            "buildingCode": null,
            "startTime": null,
            "endTime": null,
            "meetingModeDesc": "ONLINE INSTRUCTION(INTERNET)",
            "meetingModeCode": "90"
          }
        ],
        "legendKey": null,
        "honorPrograms": []
      }
    ],
    "supplementCode": "  ",
    "credits": 3,
    "unitNotes": "For Special Permission -- http://bloustein.rutgers.edu/courses/special-permission-numbers/\r\n",
    "coreCodes": [],
    "courseNotes": null,
    "expandedTitle": "INFORMATION SYSTEMS FOR HEALTH CARE                                             "
  },
  {
    "subjectNotes": null,
    "courseNumber": "412",
    "subject": "501",
    "campusCode": "NB",
    "openSections": 1,
    "synopsisUrl": "https://bloustein.rutgers.edu/undergraduate/healthadministration/",
    "subjectGroupNotes": null,
    "offeringUnitCode": "10",
    "offeringUnitTitle": null,
    "title": "INTRO/LEAN FOR HC",
    "courseDescription": null,
    "preReqNotes": null,
    "sections": [
      {
        "sectionEligibility": null,
        "sessionDatePrintIndicator": "N",
        "examCode": "C",
        "specialPermissionAddCode": null,
        "crossListedSections": [],
        "sectionNotes": null,
        "specialPermissionDropCode": null,
        "instructors": [
          {
            "name": "CHEN, SAMUEL"
          }
        ],
        "number": "01",
        "majors": [],
        "sessionDates": null,
        "specialPermissionDropCodeDescription": null,
        "subtopic": null,
        "openStatus": true,
        "comments": [
          {
            "code": "05",
            "description": "Go to http://canvas.rutgers.edu"
          }
        ],
        "minors": [],
        "campusCode": "NB",
        "index": "11377",
        "unitMajors": [],
        "printed": "Y",
        "specialPermissionAddCodeDescription": null,
        "subtitle": null,
        "meetingTimes": [
          {
            "campusLocation": "1",
            "baClassHours": null,
            "roomNumber": "214",
            "pmCode": "P",
            "campusAbbrev": "CAC",
            "campusName": "COLLEGE AVENUE",
            "meetingDay": "M",
            "buildingCode": "SC",
            "startTime": "0540",
            "endTime": "0840",
            "meetingModeDesc": "LEC",
            "meetingModeCode": "02"
          }
        ],
        "legendKey": null,
        "honorPrograms": []
      }
    ],
    "supplementCode": "  ",
    "credits": 3,
    "unitNotes": "For Special Permission -- http://bloustein.rutgers.edu/courses/special-permission-numbers/\r\n",
    "coreCodes": [],
    "courseNotes": null,
    "expandedTitle": "INTRODUCTION TO LEAN FOR HEALTH CARE                                            "
  },
  {
    "subjectNotes": null,
    "courseNumber": "425",
    "subject": "501",
    "campusCode": "NB",
    "openSections": 1,
    "synopsisUrl": "https://bloustein.rutgers.edu/undergraduate/healthadministration/",
    "subjectGroupNotes": null,
    "offeringUnitCode": "10",
    "offeringUnitTitle": null,
    "title": "FINANCIAL MANAGEMENT",
    "courseDescription": null,
    "preReqNotes": "(10:501:333 )",
    "sections": [
      {
        "sectionEligibility": null,
        "sessionDatePrintIndicator": "N",
        "examCode": "C",
        "specialPermissionAddCode": null,
        "crossListedSections": [],
        "sectionNotes": null,
        "specialPermissionDropCode": null,
        "instructors": [
          {
            "name": "DENTE, DEBORAH"
          }
        ],
        "number": "01",
        "majors": [],
        "sessionDates": null,
        "specialPermissionDropCodeDescription": null,
        "subtopic": null,
        "openStatus": true,
        "comments": [
          {
            "code": "05",
            "description": "Go to http://canvas.rutgers.edu"
          }
        ],
        "minors": [],
        "campusCode": "NB",
        "index": "11378",
        "unitMajors": [],
        "printed": "Y",
        "specialPermissionAddCodeDescription": null,
        "subtitle": null,
        "meetingTimes": [
          {
            "campusLocation": "1",
            "baClassHours": null,
            "roomNumber": "115",
            "pmCode": "P",
            "campusAbbrev": "CAC",
            "campusName": "COLLEGE AVENUE",
            "meetingDay": "W",
            "buildingCode": "SC",
            "startTime": "0540",
            "endTime": "0840",
            "meetingModeDesc": "LEC",
            "meetingModeCode": "02"
          }
        ],
        "legendKey": null,
        "honorPrograms": []
      },
      {
        "sectionEligibility": null,
        "sessionDatePrintIndicator": "N",
        "examCode": "A",
        "specialPermissionAddCode": null,
        "crossListedSections": [],
        "sectionNotes": null,
        "specialPermissionDropCode": null,
        "instructors": [
          {
            "name": "CAMMA, MARK"
          }
        ],
        "number": "90",
        "majors": [],
        "sessionDates": null,
        "specialPermissionDropCodeDescription": null,
        "subtopic": null,
        "openStatus": false,
        "comments": [
          {
            "code": "05",
            "description": "Go to http://canvas.rutgers.edu"
          },
          {
            "code": "56",
            "description": "Online Course"
          }
        ],
        "minors": [],
        "campusCode": "NB",
        "index": "11379",
        "unitMajors": [],
        "printed": "Y",
        "specialPermissionAddCodeDescription": null,
        "subtitle": null,
        "meetingTimes": [
          {
            "campusLocation": "O",
            "baClassHours": "B",
            "roomNumber": null,
            "pmCode": null,
            "campusAbbrev": "**",
            "campusName": "** INVALID **",
            "meetingDay": null,
            "buildingCode": null,
            "startTime": null,
            "endTime": null,
            "meetingModeDesc": "ONLINE INSTRUCTION(INTERNET)",
            "meetingModeCode": "90"
          }
        ],
        "legendKey": null,
        "honorPrograms": []
      }
    ],
    "supplementCode": "  ",
    "credits": 3,
    "unitNotes": "For Special Permission -- http://bloustein.rutgers.edu/courses/special-permission-numbers/\r\n",
    "coreCodes": [],
    "courseNotes": null,
    "expandedTitle": null
  },
  {
    "subjectNotes": null,
    "courseNumber": "486",
    "subject": "501",
    "campusCode": "NB",
    "openSections": 1,
    "synopsisUrl": "https://bloustein.rutgers.edu/undergraduate/healthadministration/",
    "subjectGroupNotes": null,
    "offeringUnitCode": "10",
    "offeringUnitTitle": null,
    "title": "INDEPENDENT STUDY",
    "courseDescription": null,
    "preReqNotes": null,
    "sections": [
      {
        "sectionEligibility": null,
        "sessionDatePrintIndicator": "N",
        "examCode": "O",
        "specialPermissionAddCode": "03",
        "crossListedSections": [],
        "sectionNotes": null,
        "specialPermissionDropCode": null,
        "instructors": [],
        "number": "01",
        "majors": [],
        "sessionDates": null,
        "specialPermissionDropCodeDescription": null,
        "subtopic": null,
        "openStatus": true,
        "comments": [],
        "minors": [],
        "campusCode": "NB",
        "index": "11380",
        "unitMajors": [],
        "printed": "Y",
        "specialPermissionAddCodeDescription": "Department staff",
        "subtitle": null,
        "meetingTimes": [
          {
            "campusLocation": null,
            "baClassHours": "B",
            "roomNumber": null,
            "pmCode": null,
            "campusAbbrev": null,
            "campusName": null,
            "meetingDay": null,
            "buildingCode": null,
            "startTime": null,
            "endTime": null,
            "meetingModeDesc": "PROJ-IND",
            "meetingModeCode": "19"
          }
        ],
        "legendKey": null,
        "honorPrograms": []
      }
    ],
    "supplementCode": "  ",
    "credits": null,
    "unitNotes": "For Special Permission -- http://bloustein.rutgers.edu/courses/special-permission-numbers/\r\n",
    "coreCodes": [],
    "courseNotes": null,
    "expandedTitle": null
  },
  {
    "subjectNotes": null,
    "courseNumber": "498",
    "subject": "501",
    "campusCode": "NB",
    "openSections": 1,
    "synopsisUrl": "https://bloustein.rutgers.edu/undergraduate/healthadministration/",
    "subjectGroupNotes": null,
    "offeringUnitCode": "10",
    "offeringUnitTitle": null,
    "title": "BLOUSTEIN HONORS RES",
    "courseDescription": null,
    "preReqNotes": null,
    "sections": [
      {
        "sectionEligibility": null,
        "sessionDatePrintIndicator": "N",
        "examCode": "O",
        "specialPermissionAddCode": "03",
        "crossListedSections": [],
        "sectionNotes": null,
        "specialPermissionDropCode": null,
        "instructors": [],
        "number": "01",
        "majors": [],
        "sessionDates": null,
        "specialPermissionDropCodeDescription": null,
        "subtopic": null,
        "openStatus": true,
        "comments": [],
        "minors": [],
        "campusCode": "NB",
        "index": "11381",
        "unitMajors": [],
        "printed": "Y",
        "specialPermissionAddCodeDescription": "Department staff",
        "subtitle": null,
        "meetingTimes": [
          {
            "campusLocation": null,
            "baClassHours": "B",
            "roomNumber": null,
            "pmCode": null,
            "campusAbbrev": null,
            "campusName": null,
            "meetingDay": null,
            "buildingCode": null,
            "startTime": null,
            "endTime": null,
            "meetingModeDesc": "HONORS",
            "meetingModeCode": "21"
          }
        ],
        "legendKey": null,
        "honorPrograms": []
      }
    ],
    "supplementCode": "  ",
    "credits": 3,
    "unitNotes": "For Special Permission -- http://bloustein.rutgers.edu/courses/special-permission-numbers/\r\n",
    "coreCodes": [],
    "courseNotes": null,
    "expandedTitle": "BLOUSTEIN HONORS RESEARCH IN HEALTH ADMINISTRATION"
  }
]