[
  {
    "subjectNotes": null,
    "courseNumber": "301",
    "subject": "360",
    "campusCode": "NB",
    "openSections": 0,
    "synopsisUrl": "http://europe.rutgers.edu/undergraduate/360-course-descriptions",
    "subjectGroupNotes": null,
    "offeringUnitCode": "01",
    "offeringUnitTitle": null,
    "title": "CONTEMPORARY EUROPE",
    "courseDescription": null,
    "preReqNotes": null,
    "sections": [
      {
        "sectionEligibility": null,
        "sessionDatePrintIndicator": "N",
        "examCode": "C",
        "specialPermissionAddCode": null,
        "crossListedSections": [
          {
            "courseNumber": "311",
            "supplementCode": "  ",
            "sectionNumber": "01",
            "offeringUnitCampus": "NB",
            "primaryRegistrationIndex": "07463",
            "offeringUnitCode": "01",
            "registrationIndex": "07464",
            "subjectCode": "790"
          }
        ],
        "sectionNotes": "CREDIT NOT GIVEN FOR THISCOURSE AND 01:790:311",
        "specialPermissionDropCode": null,
        "instructors": [
          {
            "name": "GUMRUKCU"
          }
        ],
        "number": "01",
        "majors": [],
        "sessionDates": null,
        "specialPermissionDropCodeDescription": null,
        "subtopic": null,
        "openStatus": false,
        "comments": [],
        "minors": [],
        "campusCode": "NB",
        "index": "07463",
        "unitMajors": [],
        "printed": "Y",
        "specialPermissionAddCodeDescription": null,
        "subtitle": null,
        "meetingTimes": [
          {
            "campusLocation": "4",
            "baClassHours": null,
            "roomNumber": "138A",
            "pmCode": "P",
            "campusAbbrev": "D/C",
            "campusName": "DOUGLAS/COOK",
            "meetingDay": "T",
            "buildingCode": "FOR",
            "startTime": "0350",
            "endTime": "0510",
            "meetingModeDesc": "LEC",
            "meetingModeCode": "02"
          },
          {
            "campusLocation": "4",
            "baClassHours": null,
            "roomNumber": "138A",
            "pmCode": "P",
            "campusAbbrev": "D/C",
            "campusName": "DOUGLAS/COOK",
            "meetingDay": "TH",
            "buildingCode": "FOR",
            "startTime": "0350",
            "endTime": "0510",
            "meetingModeDesc": "LEC",
            "meetingModeCode": "02"
          }
        ],
        "legendKey": null,
        "honorPrograms": []
      }
    ],
    "supplementCode": "  ",
    "credits": 3,
    "unitNotes": null,
    "coreCodes": [],
    "courseNotes": null,
    "expandedTitle": null
  },
  {
    "subjectNotes": null,
    "courseNumber": "320",
    "subject": "360",
    "campusCode": "NB",
    "openSections": 0,
    "synopsisUrl": "http://europe.rutgers.edu/undergraduate/360-course-descriptions",
    "subjectGroupNotes": null,
    "offeringUnitCode": "01",
    "offeringUnitTitle": null,
    "title": "LESSONS FROM EUROPE",
    "courseDescription": null,
    "preReqNotes": null,
    "sections": [
      {
        "sectionEligibility": null,
        "sessionDatePrintIndicator": "N",
        "examCode": "C",
        "specialPermissionAddCode": null,
        "crossListedSections": [
          {
            "courseNumber": "320",
            "supplementCode": "  ",
            "sectionNumber": "01",
            "offeringUnitCampus": "NB",
            "primaryRegistrationIndex": "07465",
            "offeringUnitCode": "01",
            "registrationIndex": "07466",
            "subjectCode": "790"
          }
        ],
        "sectionNotes": "CREDIT NOT GIVEN FOR BOTHTHIS COURSE AND 01:790:320",
        "specialPermissionDropCode": null,
        "instructors": [
          {
            "name": "CAHILL"
          }
        ],
        "number": "01",
        "majors": [],
        "sessionDates": null,
        "specialPermissionDropCodeDescription": null,
        "subtopic": null,
        "openStatus": false,
        "comments": [],
        "minors": [],
        "campusCode": "NB",
        "index": "07465",
        "unitMajors": [],
        "printed": "Y",
        "specialPermissionAddCodeDescription": null,
        "subtitle": "LESSONS FROM EUROPE                     ",
        "meetingTimes": [
          {
            "campusLocation": "1",
            "baClassHours": null,
            "roomNumber": "4400",
            "pmCode": "P",
            "campusAbbrev": "CAC",
            "campusName": "COLLEGE AVENUE",
            "meetingDay": "W",
            "buildingCode": "AB",
            "startTime": "0200",
            "endTime": "0320",
            "meetingModeDesc": "LEC",
            "meetingModeCode": "02"
          },
          {
            "campusLocation": "1",
            "baClassHours": null,
            "roomNumber": "4400",
            "pmCode": "P",
            "campusAbbrev": "CAC",
            "campusName": "COLLEGE AVENUE",
            "meetingDay": "M",
            "buildingCode": "AB",
            "startTime": "0200",
            "endTime": "0320",
            "meetingModeDesc": "LEC",
            "meetingModeCode": "02"
          }
        ],
        "legendKey": null,
        "honorPrograms": []
      }
    ],
    "supplementCode": "  ",
    "credits": 3,
    "unitNotes": null,
    "coreCodes": [
      {
        "id": "2024101360320  78586",
        "year": "2024",
        "subject": "360",
        "description": "Our Common Future",
        "term": "1",
        "code": "CCO",
        "offeringUnitCode": "01",
        "coreCode": "CCO",
        "coreCodeDescription": "Our Common Future",
        "lastUpdated": 1545063307000,
        "course": "320",
        "offeringUnitCampus": "NB",
        "supplement": "  ",
        "unit": "01",
        "effective": "20241",
        "coreCodeReferenceId": "78586"
      }
    ],
    "courseNotes": null,
    "expandedTitle": "POLITICS AND SOCIAL POLICY: LESSONS FROM EUROPE"
  },
  {
    "subjectNotes": null,
    "courseNumber": "390",
    "subject": "360",
    "campusCode": "NB",
    "openSections": 1,
    "synopsisUrl": "http://europe.rutgers.edu/undergraduate/360-course-descriptions",
    "subjectGroupNotes": null,
    "offeringUnitCode": "01",
    "offeringUnitTitle": null,
    "title": "INDEPENDENT STUDY",
    "courseDescription": null,
    "preReqNotes": null,
    "sections": [
      {
        "sectionEligibility": null,
        "sessionDatePrintIndicator": "N",
        "examCode": "O",
        "specialPermissionAddCode": "03",
        "crossListedSections": [],
        "sectionNotes": null,
        "specialPermissionDropCode": null,
        "instructors": [],
        "number": "01",
        "majors": [],
        "sessionDates": null,
        "specialPermissionDropCodeDescription": null,
        "subtopic": null,
        "openStatus": true,
        "comments": [],
        "minors": [],
        "campusCode": "NB",
        "index": "07467",
        "unitMajors": [],
        "printed": "Y",
        "specialPermissionAddCodeDescription": "Department staff",
        "subtitle": null,
        "meetingTimes": [
          {
            "campusLocation": "1",
            "baClassHours": "B",
            "roomNumber": null,
            "pmCode": null,
            "campusAbbrev": "CAC",
            "campusName": "COLLEGE AVENUE",
            "meetingDay": null,
            "buildingCode": null,
            "startTime": null,
            "endTime": null,
            "meetingModeDesc": "PROJ-IND",
            "meetingModeCode": "19"
          }
        ],
        "legendKey": null,
        "honorPrograms": []
      }
    ],
    "supplementCode": "  ",
    "credits": 3,
    "unitNotes": null,
    "coreCodes": [],
    "courseNotes": null,
    "expandedTitle": null
  }
]