[
  {
    "subjectNotes": "NO SPECIAL PERMISSION WILL BE GRANTED FOR RUTGERS BUSINESS SCHOOL-UNDERGRADUATE NB COURSES.",
    "courseNumber": "334",
    "subject": "522",
    "campusCode": "NB",
    "openSections": 9,
    "synopsisUrl": null,
    "subjectGroupNotes": null,
    "offeringUnitCode": "33",
    "offeringUnitTitle": null,
    "title": "BUSINESS ETHICS",
    "courseDescription": null,
    "preReqNotes": null,
    "sections": [
      {
        "sectionEligibility": "ALL EXCEPT 1ST YEAR ",
        "sessionDatePrintIndicator": "N",
        "examCode": "C",
        "specialPermissionAddCode": null,
        "crossListedSections": [],
        "sectionNotes": null,
        "specialPermissionDropCode": null,
        "instructors": [
          {
            "name": "GIORDANO, MARY"
          }
        ],
        "number": "01",
        "majors": [
          {
            "code": "010",
            "isUnitCode": false,
            "isMajorCode": true
          },
          {
            "code": "136",
            "isUnitCode": false,
            "isMajorCode": true
          },
          {
            "code": "390",
            "isUnitCode": false,
            "isMajorCode": true
          },
          {
            "code": "605",
            "isUnitCode": false,
            "isMajorCode": true
          },
          {
            "code": "620",
            "isUnitCode": false,
            "isMajorCode": true
          },
          {
            "code": "630",
            "isUnitCode": false,
            "isMajorCode": true
          },
          {
            "code": "799",
            "isUnitCode": false,
            "isMajorCode": true
          }
        ],
        "sessionDates": null,
        "specialPermissionDropCodeDescription": null,
        "subtopic": null,
        "openStatus": false,
        "comments": [
          {
            "code": "05",
            "description": "Go to http://canvas.rutgers.edu"
          }
        ],
        "minors": [],
        "campusCode": "NB",
        "index": "17095",
        "unitMajors": [],
        "printed": "Y",
        "specialPermissionAddCodeDescription": null,
        "subtitle": null,
        "meetingTimes": [
          {
            "campusLocation": "3",
            "baClassHours": null,
            "roomNumber": "5073",
            "pmCode": "P",
            "campusAbbrev": "LIV",
            "campusName": "LIVINGSTON",
            "meetingDay": "M",
            "buildingCode": "BRR",
            "startTime": "0200",
            "endTime": "0320",
            "meetingModeDesc": "LEC",
            "meetingModeCode": "02"
          },
          {
            "campusLocation": "3",
            "baClassHours": null,
            "roomNumber": "5073",
            "pmCode": "P",
            "campusAbbrev": "LIV",
            "campusName": "LIVINGSTON",
            "meetingDay": "W",
            "buildingCode": "BRR",
            "startTime": "0200",
            "endTime": "0320",
            "meetingModeDesc": "LEC",
            "meetingModeCode": "02"
          }
        ],
        "legendKey": null,
        "honorPrograms": []
      },
      {
        "sectionEligibility": "ALL EXCEPT 1ST YEAR ",
        "sessionDatePrintIndicator": "N",
        "examCode": "C",
        "specialPermissionAddCode": null,
        "crossListedSections": [],
        "sectionNotes": null,
        "specialPermissionDropCode": null,
        "instructors": [
          {
            "name": "GIORDANO, MARY"
          }
        ],
        "number": "02",
        "majors": [
          {
            "code": "136",
            "isUnitCode": false,
            "isMajorCode": true
          },
          {
            "code": "390",
            "isUnitCode": false,
            "isMajorCode": true
          },
          {
            "code": "605",
            "isUnitCode": false,
            "isMajorCode": true
          },
          {
            "code": "620",
            "isUnitCode": false,
            "isMajorCode": true
          },
          {
            "code": "630",
            "isUnitCode": false,
            "isMajorCode": true
          },
          {
            "code": "799",
            "isUnitCode": false,
            "isMajorCode": true
          },
          {
            "code": "010",
            "isUnitCode": false,
            "isMajorCode": true
          }
        ],
        "sessionDates": null,
        "specialPermissionDropCodeDescription": null,
        "subtopic": null,
        "openStatus": false,
        "comments": [
          {
            "code": "05",
            "description": "Go to http://canvas.rutgers.edu"
          }
        ],
        "minors": [],
        "campusCode": "NB",
        "index": "17096",
        "unitMajors": [],
        "printed": "Y",
        "specialPermissionAddCodeDescription": null,
        "subtitle": null,
        "meetingTimes": [
          {
            "campusLocation": "3",
            "baClassHours": null,
            "roomNumber": "5073",
            "pmCode": "P",
            "campusAbbrev": "LIV",
            "campusName": "LIVINGSTON",
            "meetingDay": "W",
            "buildingCode": "BRR",
            "startTime": "0350",
            "endTime": "0510",
            "meetingModeDesc": "LEC",
            "meetingModeCode": "02"
          },
          {
            "campusLocation": "3",
            "baClassHours": null,
            "roomNumber": "5073",
            "pmCode": "P",
            "campusAbbrev": "LIV",
            "campusName": "LIVINGSTON",
            "meetingDay": "M",
            "buildingCode": "BRR",
            "startTime": "0350",
            "endTime": "0510",
            "meetingModeDesc": "LEC",
            "meetingModeCode": "02"
          }
        ],
        "legendKey": null,
        "honorPrograms": []
      },
      {
        "sectionEligibility": "ALL EXCEPT 1ST YEAR ",
        "sessionDatePrintIndicator": "N",
        "examCode": "C",
        "specialPermissionAddCode": null,
        "crossListedSections": [],
        "sectionNotes": null,
        "specialPermissionDropCode": null,
        "instructors": [
          {
            "name": "HUGHES, ROBERT"
          }
        ],
        "number": "03",
        "majors": [
          {
            "code": "010",
            "isUnitCode": false,
            "isMajorCode": true
          },
          {
            "code": "136",
            "isUnitCode": false,
            "isMajorCode": true
          },
          {
            "code": "390",
            "isUnitCode": false,
            "isMajorCode": true
          },
          {
            "code": "605",
            "isUnitCode": false,
            "isMajorCode": true
          },
          {
            "code": "620",
            "isUnitCode": false,
            "isMajorCode": true
          },
          {
            "code": "630",
            "isUnitCode": false,
            "isMajorCode": true
          },
          {
            "code": "799",
            "isUnitCode": false,
            "isMajorCode": true
          }
        ],
        "sessionDates": null,
        "specialPermissionDropCodeDescription": null,
        "subtopic": null,
        "openStatus": true,
        "comments": [
          {
            "code": "05",
            "description": "Go to http://canvas.rutgers.edu"
          }
        ],
        "minors": [],
        "campusCode": "NB",
        "index": "17097",
        "unitMajors": [],
        "printed": "Y",
        "specialPermissionAddCodeDescription": null,
        "subtitle": null,
        "meetingTimes": [
          {
            "campusLocation": "3",
            "baClassHours": null,
            "roomNumber": "5109",
            "pmCode": "P",
            "campusAbbrev": "LIV",
            "campusName": "LIVINGSTON",
            "meetingDay": "TH",
            "buildingCode": "BRR",
            "startTime": "0200",
            "endTime": "0320",
            "meetingModeDesc": "LEC",
            "meetingModeCode": "02"
          },
          {
            "campusLocation": "3",
            "baClassHours": null,
            "roomNumber": "5109",
            "pmCode": "P",
            "campusAbbrev": "LIV",
            "campusName": "LIVINGSTON",
            "meetingDay": "T",
            "buildingCode": "BRR",
            "startTime": "0200",
            "endTime": "0320",
            "meetingModeDesc": "LEC",
            "meetingModeCode": "02"
          }
        ],
        "legendKey": null,
        "honorPrograms": []
      },
      {
        "sectionEligibility": "ALL EXCEPT 1ST YEAR ",
        "sessionDatePrintIndicator": "N",
        "examCode": "S",
        "specialPermissionAddCode": null,
        "crossListedSections": [],
        "sectionNotes": null,
        "specialPermissionDropCode": null,
        "instructors": [
          {
            "name": "CARR, SERENITY"
          }
        ],
        "number": "04",
        "majors": [
          {
            "code": "010",
            "isUnitCode": false,
            "isMajorCode": true
          },
          {
            "code": "136",
            "isUnitCode": false,
            "isMajorCode": true
          },
          {
            "code": "390",
            "isUnitCode": false,
            "isMajorCode": true
          },
          {
            "code": "799",
            "isUnitCode": false,
            "isMajorCode": true
          },
          {
            "code": "620",
            "isUnitCode": false,
            "isMajorCode": true
          },
          {
            "code": "630",
            "isUnitCode": false,
            "isMajorCode": true
          },
          {
            "code": "605",
            "isUnitCode": false,
            "isMajorCode": true
          }
        ],
        "sessionDates": null,
        "specialPermissionDropCodeDescription": null,
        "subtopic": null,
        "openStatus": true,
        "comments": [
          {
            "code": "05",
            "description": "Go to http://canvas.rutgers.edu"
          }
        ],
        "minors": [],
        "campusCode": "NB",
        "index": "17098",
        "unitMajors": [],
        "printed": "Y",
        "specialPermissionAddCodeDescription": null,
        "subtitle": null,
        "meetingTimes": [
          {
            "campusLocation": "3",
            "baClassHours": null,
            "roomNumber": "5071",
            "pmCode": "P",
            "campusAbbrev": "LIV",
            "campusName": "LIVINGSTON",
            "meetingDay": "W",
            "buildingCode": "BRR",
            "startTime": "0730",
            "endTime": "1030",
            "meetingModeDesc": "LEC",
            "meetingModeCode": "02"
          }
        ],
        "legendKey": null,
        "honorPrograms": []
      },
      {
        "sectionEligibility": "ALL EXCEPT 1ST YEAR ",
        "sessionDatePrintIndicator": "N",
        "examCode": "C",
        "specialPermissionAddCode": null,
        "crossListedSections": [],
        "sectionNotes": null,
        "specialPermissionDropCode": null,
        "instructors": [
          {
            "name": "SCHARDING"
          }
        ],
        "number": "05",
        "majors": [
          {
            "code": "010",
            "isUnitCode": false,
            "isMajorCode": true
          },
          {
            "code": "136",
            "isUnitCode": false,
            "isMajorCode": true
          },
          {
            "code": "390",
            "isUnitCode": false,
            "isMajorCode": true
          },
          {
            "code": "799",
            "isUnitCode": false,
            "isMajorCode": true
          },
          {
            "code": "620",
            "isUnitCode": false,
            "isMajorCode": true
          },
          {
            "code": "630",
            "isUnitCode": false,
            "isMajorCode": true
          },
          {
            "code": "605",
            "isUnitCode": false,
            "isMajorCode": true
          }
        ],
        "sessionDates": null,
        "specialPermissionDropCodeDescription": null,
        "subtopic": null,
        "openStatus": false,
        "comments": [
          {
            "code": "05",
            "description": "Go to http://canvas.rutgers.edu"
          }
        ],
        "minors": [],
        "campusCode": "NB",
        "index": "17099",
        "unitMajors": [],
        "printed": "Y",
        "specialPermissionAddCodeDescription": null,
        "subtitle": null,
        "meetingTimes": [
          {
            "campusLocation": "3",
            "baClassHours": null,
            "roomNumber": "5117",
            "pmCode": "A",
            "campusAbbrev": "LIV",
            "campusName": "LIVINGSTON",
            "meetingDay": "T",
            "buildingCode": "BRR",
            "startTime": "1020",
            "endTime": "0120",
            "meetingModeDesc": "LEC",
            "meetingModeCode": "02"
          }
        ],
        "legendKey": null,
        "honorPrograms": []
      },
      {
        "sectionEligibility": "ALL EXCEPT 1ST YEAR ",
        "sessionDatePrintIndicator": "N",
        "examCode": "C",
        "specialPermissionAddCode": null,
        "crossListedSections": [],
        "sectionNotes": null,
        "specialPermissionDropCode": null,
        "instructors": [
          {
            "name": "YENIYURT"
          }
        ],
        "number": "06",
        "majors": [
          {
            "code": "010",
            "isUnitCode": false,
            "isMajorCode": true
          },
          {
            "code": "136",
            "isUnitCode": false,
            "isMajorCode": true
          },
          {
            "code": "390",
            "isUnitCode": false,
            "isMajorCode": true
          },
          {
            "code": "605",
            "isUnitCode": false,
            "isMajorCode": true
          },
          {
            "code": "620",
            "isUnitCode": false,
            "isMajorCode": true
          },
          {
            "code": "630",
            "isUnitCode": false,
            "isMajorCode": true
          },
          {
            "code": "799",
            "isUnitCode": false,
            "isMajorCode": true
          }
        ],
        "sessionDates": null,
        "specialPermissionDropCodeDescription": null,
        "subtopic": null,
        "openStatus": false,
        "comments": [
          {
            "code": "05",
            "description": "Go to http://canvas.rutgers.edu"
          }
        ],
        "minors": [],
        "campusCode": "NB",
        "index": "17100",
        "unitMajors": [],
        "printed": "Y",
        "specialPermissionAddCodeDescription": null,
        "subtitle": null,
        "meetingTimes": [
          {
            "campusLocation": "3",
            "baClassHours": null,
            "roomNumber": "5117",
            "pmCode": "P",
            "campusAbbrev": "LIV",
            "campusName": "LIVINGSTON",
            "meetingDay": "W",
            "buildingCode": "BRR",
            "startTime": "0200",
            "endTime": "0320",
            "meetingModeDesc": "LEC",
            "meetingModeCode": "02"
          },
          {
            "campusLocation": "3",
            "baClassHours": null,
            "roomNumber": "5117",
            "pmCode": "P",
            "campusAbbrev": "LIV",
            "campusName": "LIVINGSTON",
            "meetingDay": "M",
            "buildingCode": "BRR",
            "startTime": "0200",
            "endTime": "0320",
            "meetingModeDesc": "LEC",
            "meetingModeCode": "02"
          }
        ],
        "legendKey": null,
        "honorPrograms": []
      },
      {
        "sectionEligibility": "ALL EXCEPT 1ST YEAR ",
        "sessionDatePrintIndicator": "N",
        "examCode": "C",
        "specialPermissionAddCode": null,
        "crossListedSections": [],
        "sectionNotes": null,
        "specialPermissionDropCode": null,
        "instructors": [
          {
            "name": "SLEPIAN, JOAN"
          }
        ],
        "number": "07",
        "majors": [
          {
            "code": "010",
            "isUnitCode": false,
            "isMajorCode": true
          },
          {
            "code": "136",
            "isUnitCode": false,
            "isMajorCode": true
          },
          {
            "code": "390",
            "isUnitCode": false,
            "isMajorCode": true
          },
          {
            "code": "605",
            "isUnitCode": false,
            "isMajorCode": true
          },
          {
            "code": "620",
            "isUnitCode": false,
            "isMajorCode": true
          },
          {
            "code": "630",
            "isUnitCode": false,
            "isMajorCode": true
          },
          {
            "code": "799",
            "isUnitCode": false,
            "isMajorCode": true
          }
        ],
        "sessionDates": null,
        "specialPermissionDropCodeDescription": null,
        "subtopic": null,
        "openStatus": true,
        "comments": [
          {
            "code": "05",
            "description": "Go to http://canvas.rutgers.edu"
          }
        ],
        "minors": [],
        "campusCode": "NB",
        "index": "17101",
        "unitMajors": [],
        "printed": "Y",
        "specialPermissionAddCodeDescription": null,
        "subtitle": null,
        "meetingTimes": [
          {
            "campusLocation": "3",
            "baClassHours": null,
            "roomNumber": "5117",
            "pmCode": "A",
            "campusAbbrev": "LIV",
            "campusName": "LIVINGSTON",
            "meetingDay": "M",
            "buildingCode": "BRR",
            "startTime": "0830",
            "endTime": "0950",
            "meetingModeDesc": "LEC",
            "meetingModeCode": "02"
          },
          {
            "campusLocation": "3",
            "baClassHours": null,
            "roomNumber": "5117",
            "pmCode": "A",
            "campusAbbrev": "LIV",
            "campusName": "LIVINGSTON",
            "meetingDay": "TH",
            "buildingCode": "BRR",
            "startTime": "0830",
            "endTime": "0950",
            "meetingModeDesc": "LEC",
            "meetingModeCode": "02"
          }
        ],
        "legendKey": null,
        "honorPrograms": []
      },
      {
        "sectionEligibility": "ALL EXCEPT 1ST YEAR ",
        "sessionDatePrintIndicator": "N",
        "examCode": "C",
        "specialPermissionAddCode": null,
        "crossListedSections": [],
        "sectionNotes": null,
        "specialPermissionDropCode": null,
        "instructors": [
          {
            "name": "SLEPIAN, JOAN"
          }
        ],
        "number": "08",
        "majors": [
          {
            "code": "010",
            "isUnitCode": false,
            "isMajorCode": true
          },
          {
            "code": "136",
            "isUnitCode": false,
            "isMajorCode": true
          },
          {
            "code": "390",
            "isUnitCode": false,
            "isMajorCode": true
          },
          {
            "code": "605",
            "isUnitCode": false,
            "isMajorCode": true
          },
          {
            "code": "620",
            "isUnitCode": false,
            "isMajorCode": true
          },
          {
            "code": "630",
            "isUnitCode": false,
            "isMajorCode": true
          },
          {
            "code": "799",
            "isUnitCode": false,
            "isMajorCode": true
          }
        ],
        "sessionDates": null,
        "specialPermissionDropCodeDescription": null,
        "subtopic": null,
        "openStatus": false,
        "comments": [
          {
            "code": "05",
            "description": "Go to http://canvas.rutgers.edu"
          }
        ],
        "minors": [],
        "campusCode": "NB",
        "index": "17102",
        "unitMajors": [],
        "printed": "Y",
        "specialPermissionAddCodeDescription": null,
        "subtitle": null,
        "meetingTimes": [
          {
            "campusLocation": "3",
            "baClassHours": null,
            "roomNumber": "5113",
            "pmCode": "A",
            "campusAbbrev": "LIV",
            "campusName": "LIVINGSTON",
            "meetingDay": "M",
            "buildingCode": "BRR",
            "startTime": "1020",
            "endTime": "1140",
            "meetingModeDesc": "LEC",
            "meetingModeCode": "02"
          },
          {
            "campusLocation": "3",
            "baClassHours": null,
            "roomNumber": "5113",
            "pmCode": "A",
            "campusAbbrev": "LIV",
            "campusName": "LIVINGSTON",
            "meetingDay": "TH",
            "buildingCode": "BRR",
            "startTime": "1020",
            "endTime": "1140",
            "meetingModeDesc": "LEC",
            "meetingModeCode": "02"
          }
        ],
        "legendKey": null,
        "honorPrograms": []
      },
      {
        "sectionEligibility": "ALL EXCEPT 1ST YEAR ",
        "sessionDatePrintIndicator": "N",
        "examCode": "C",
        "specialPermissionAddCode": null,
        "crossListedSections": [],
        "sectionNotes": null,
        "specialPermissionDropCode": null,
        "instructors": [],
        "number": "10",
        "majors": [
          {
            "code": "010",
            "isUnitCode": false,
            "isMajorCode": true
          },
          {
            "code": "136",
            "isUnitCode": false,
            "isMajorCode": true
          },
          {
            "code": "390",
            "isUnitCode": false,
            "isMajorCode": true
          },
          {
            "code": "605",
            "isUnitCode": false,
            "isMajorCode": true
          },
          {
            "code": "620",
            "isUnitCode": false,
            "isMajorCode": true
          },
          {
            "code": "630",
            "isUnitCode": false,
            "isMajorCode": true
          },
          {
            "code": "799",
            "isUnitCode": false,
            "isMajorCode": true
          }
        ],
        "sessionDates": null,
        "specialPermissionDropCodeDescription": null,
        "subtopic": null,
        "openStatus": true,
        "comments": [
          {
            "code": "05",
            "description": "Go to http://canvas.rutgers.edu"
          }
        ],
        "minors": [],
        "campusCode": "NB",
        "index": "17103",
        "unitMajors": [],
        "printed": "N",
        "specialPermissionAddCodeDescription": null,
        "subtitle": null,
        "meetingTimes": [
          {
            "campusLocation": "3",
            "baClassHours": null,
            "roomNumber": "5101",
            "pmCode": "P",
            "campusAbbrev": "LIV",
            "campusName": "LIVINGSTON",
            "meetingDay": "W",
            "buildingCode": "BRR",
            "startTime": "0540",
            "endTime": "0700",
            "meetingModeDesc": "LEC",
            "meetingModeCode": "02"
          },
          {
            "campusLocation": "3",
            "baClassHours": null,
            "roomNumber": "5101",
            "pmCode": "P",
            "campusAbbrev": "LIV",
            "campusName": "LIVINGSTON",
            "meetingDay": "M",
            "buildingCode": "BRR",
            "startTime": "0540",
            "endTime": "0700",
            "meetingModeDesc": "LEC",
            "meetingModeCode": "02"
          }
        ],
        "legendKey": null,
        "honorPrograms": []
      },
      {
        "sectionEligibility": "ALL EXCEPT 1ST YEAR ",
        "sessionDatePrintIndicator": "N",
        "examCode": "C",
        "specialPermissionAddCode": null,
        "crossListedSections": [],
        "sectionNotes": null,
        "specialPermissionDropCode": null,
        "instructors": [
          {
            "name": "HUGHES, ROBERT"
          }
        ],
        "number": "11",
        "majors": [
          {
            "code": "605",
            "isUnitCode": false,
            "isMajorCode": true
          },
          {
            "code": "630",
            "isUnitCode": false,
            "isMajorCode": true
          },
          {
            "code": "620",
            "isUnitCode": false,
            "isMajorCode": true
          },
          {
            "code": "390",
            "isUnitCode": false,
            "isMajorCode": true
          },
          {
            "code": "136",
            "isUnitCode": false,
            "isMajorCode": true
          },
          {
            "code": "010",
            "isUnitCode": false,
            "isMajorCode": true
          },
          {
            "code": "799",
            "isUnitCode": false,
            "isMajorCode": true
          }
        ],
        "sessionDates": null,
        "specialPermissionDropCodeDescription": null,
        "subtopic": null,
        "openStatus": true,
        "comments": [
          {
            "code": "05",
            "description": "Go to http://canvas.rutgers.edu"
          }
        ],
        "minors": [],
        "campusCode": "NB",
        "index": "17104",
        "unitMajors": [],
        "printed": "Y",
        "specialPermissionAddCodeDescription": null,
        "subtitle": null,
        "meetingTimes": [
          {
            "campusLocation": "3",
            "baClassHours": null,
            "roomNumber": "3087",
            "pmCode": "P",
            "campusAbbrev": "LIV",
            "campusName": "LIVINGSTON",
            "meetingDay": "T",
            "buildingCode": "BRR",
            "startTime": "0350",
            "endTime": "0510",
            "meetingModeDesc": "LEC",
            "meetingModeCode": "02"
          },
          {
            "campusLocation": "3",
            "baClassHours": null,
            "roomNumber": "3087",
            "pmCode": "P",
            "campusAbbrev": "LIV",
            "campusName": "LIVINGSTON",
            "meetingDay": "TH",
            "buildingCode": "BRR",
            "startTime": "0350",
            "endTime": "0510",
            "meetingModeDesc": "LEC",
            "meetingModeCode": "02"
          }
        ],
        "legendKey": null,
        "honorPrograms": []
      },
      {
        "sectionEligibility": "ALL EXCEPT 1ST YEAR ",
        "sessionDatePrintIndicator": "N",
        "examCode": "C",
        "specialPermissionAddCode": null,
        "crossListedSections": [],
        "sectionNotes": null,
        "specialPermissionDropCode": null,
        "instructors": [
          {
            "name": "GIORDANO, MARY"
          }
        ],
        "number": "12",
        "majors": [
          {
            "code": "799",
            "isUnitCode": false,
            "isMajorCode": true
          },
          {
            "code": "010",
            "isUnitCode": false,
            "isMajorCode": true
          },
          {
            "code": "136",
            "isUnitCode": false,
            "isMajorCode": true
          },
          {
            "code": "390",
            "isUnitCode": false,
            "isMajorCode": true
          },
          {
            "code": "605",
            "isUnitCode": false,
            "isMajorCode": true
          },
          {
            "code": "620",
            "isUnitCode": false,
            "isMajorCode": true
          },
          {
            "code": "630",
            "isUnitCode": false,
            "isMajorCode": true
          }
        ],
        "sessionDates": null,
        "specialPermissionDropCodeDescription": null,
        "subtopic": null,
        "openStatus": true,
        "comments": [
          {
            "code": "05",
            "description": "Go to http://canvas.rutgers.edu"
          }
        ],
        "minors": [],
        "campusCode": "NB",
        "index": "17105",
        "unitMajors": [],
        "printed": "Y",
        "specialPermissionAddCodeDescription": null,
        "subtitle": null,
        "meetingTimes": [
          {
            "campusLocation": "3",
            "baClassHours": null,
            "roomNumber": "5109",
            "pmCode": "A",
            "campusAbbrev": "LIV",
            "campusName": "LIVINGSTON",
            "meetingDay": "W",
            "buildingCode": "BRR",
            "startTime": "0830",
            "endTime": "1130",
            "meetingModeDesc": "LEC",
            "meetingModeCode": "02"
          }
        ],
        "legendKey": null,
        "honorPrograms": []
      },
      {
        "sectionEligibility": "ALL EXCEPT 1ST YEAR ",
        "sessionDatePrintIndicator": "N",
        "examCode": "S",
        "specialPermissionAddCode": null,
        "crossListedSections": [],
        "sectionNotes": null,
        "specialPermissionDropCode": null,
        "instructors": [
          {
            "name": "CARR, SERENITY"
          }
        ],
        "number": "13",
        "majors": [
          {
            "code": "799",
            "isUnitCode": false,
            "isMajorCode": true
          },
          {
            "code": "630",
            "isUnitCode": false,
            "isMajorCode": true
          },
          {
            "code": "620",
            "isUnitCode": false,
            "isMajorCode": true
          },
          {
            "code": "605",
            "isUnitCode": false,
            "isMajorCode": true
          },
          {
            "code": "390",
            "isUnitCode": false,
            "isMajorCode": true
          },
          {
            "code": "010",
            "isUnitCode": false,
            "isMajorCode": true
          },
          {
            "code": "136",
            "isUnitCode": false,
            "isMajorCode": true
          }
        ],
        "sessionDates": null,
        "specialPermissionDropCodeDescription": null,
        "subtopic": null,
        "openStatus": true,
        "comments": [
          {
            "code": "05",
            "description": "Go to http://canvas.rutgers.edu"
          }
        ],
        "minors": [],
        "campusCode": "NB",
        "index": "17106",
        "unitMajors": [],
        "printed": "Y",
        "specialPermissionAddCodeDescription": null,
        "subtitle": null,
        "meetingTimes": [
          {
            "campusLocation": "3",
            "baClassHours": null,
            "roomNumber": "3071",
            "pmCode": "P",
            "campusAbbrev": "LIV",
            "campusName": "LIVINGSTON",
            "meetingDay": "T",
            "buildingCode": "BRR",
            "startTime": "0730",
            "endTime": "1030",
            "meetingModeDesc": "LEC",
            "meetingModeCode": "02"
          }
        ],
        "legendKey": null,
        "honorPrograms": []
      },
      {
        "sectionEligibility": "ALL EXCEPT 1ST YEAR ",
        "sessionDatePrintIndicator": "N",
        "examCode": "S",
        "specialPermissionAddCode": null,
        "crossListedSections": [],
        "sectionNotes": null,
        "specialPermissionDropCode": null,
        "instructors": [
          {
            "name": "GIORDANO, MARY"
          }
        ],
        "number": "14",
        "majors": [
          {
            "code": "630",
            "isUnitCode": false,
            "isMajorCode": true
          },
          {
            "code": "620",
            "isUnitCode": false,
            "isMajorCode": true
          },
          {
            "code": "605",
            "isUnitCode": false,
            "isMajorCode": true
          },
          {
            "code": "390",
            "isUnitCode": false,
            "isMajorCode": true
          },
          {
            "code": "136",
            "isUnitCode": false,
            "isMajorCode": true
          },
          {
            "code": "010",
            "isUnitCode": false,
            "isMajorCode": true
          },
          {
            "code": "799",
            "isUnitCode": false,
            "isMajorCode": true
          }
        ],
        "sessionDates": null,
        "specialPermissionDropCodeDescription": null,
        "subtopic": null,
        "openStatus": true,
        "comments": [
          {
            "code": "05",
            "description": "Go to http://canvas.rutgers.edu"
          }
        ],
        "minors": [],
        "campusCode": "NB",
        "index": "17107",
        "unitMajors": [],
        "printed": "Y",
        "specialPermissionAddCodeDescription": null,
        "subtitle": null,
        "meetingTimes": [
          {
            "campusLocation": "3",
            "baClassHours": null,
            "roomNumber": "4031",
            "pmCode": "P",
            "campusAbbrev": "LIV",
            "campusName": "LIVINGSTON",
            "meetingDay": "M",
            "buildingCode": "BRR",
            "startTime": "0730",
            "endTime": "1030",
            "meetingModeDesc": "LEC",
            "meetingModeCode": "02"
          }
        ],
        "legendKey": null,
        "honorPrograms": []
      },
      {
        "sectionEligibility": "ALL EXCEPT 1ST YEAR ",
        "sessionDatePrintIndicator": "N",
        "examCode": "C",
        "specialPermissionAddCode": null,
        "crossListedSections": [],
        "sectionNotes": null,
        "specialPermissionDropCode": null,
        "instructors": [],
        "number": "15",
        "majors": [
          {
            "code": "136",
            "isUnitCode": false,
            "isMajorCode": true
          },
          {
            "code": "390",
            "isUnitCode": false,
            "isMajorCode": true
          },
          {
            "code": "605",
            "isUnitCode": false,
            "isMajorCode": true
          },
          {
            "code": "620",
            "isUnitCode": false,
            "isMajorCode": true
          },
          {
            "code": "630",
            "isUnitCode": false,
            "isMajorCode": true
          },
          {
            "code": "799",
            "isUnitCode": false,
            "isMajorCode": true
          },
          {
            "code": "010",
            "isUnitCode": false,
            "isMajorCode": true
          }
        ],
        "sessionDates": null,
        "specialPermissionDropCodeDescription": null,
        "subtopic": null,
        "openStatus": true,
        "comments": [
          {
            "code": "05",
            "description": "Go to http://canvas.rutgers.edu"
          }
        ],
        "minors": [],
        "campusCode": "NB",
        "index": "17108",
        "unitMajors": [],
        "printed": "N",
        "specialPermissionAddCodeDescription": null,
        "subtitle": null,
        "meetingTimes": [
          {
            "campusLocation": "3",
            "baClassHours": null,
            "roomNumber": "201",
            "pmCode": "P",
            "campusAbbrev": "LIV",
            "campusName": "LIVINGSTON",
            "meetingDay": "TH",
            "buildingCode": "BE",
            "startTime": "1210",
            "endTime": "0130",
            "meetingModeDesc": "LEC",
            "meetingModeCode": "02"
          },
          {
            "campusLocation": "3",
            "baClassHours": null,
            "roomNumber": "201",
            "pmCode": "P",
            "campusAbbrev": "LIV",
            "campusName": "LIVINGSTON",
            "meetingDay": "M",
            "buildingCode": "BE",
            "startTime": "1210",
            "endTime": "0130",
            "meetingModeDesc": "LEC",
            "meetingModeCode": "02"
          }
        ],
        "legendKey": null,
        "honorPrograms": []
      }
    ],
    "supplementCode": "  ",
    "credits": 3,
    "unitNotes": null,
    "coreCodes": [],
    "courseNotes": null,
    "expandedTitle": null
  }
]