[
  {
    "subjectNotes": null,
    "courseNumber": "102",
    "subject": "709",
    "campusCode": "NB",
    "openSections": 0,
    "synopsisUrl": "http://www.nutrition.rutgers.edu/CourseSynopses.htm",
    "subjectGroupNotes": null,
    "offeringUnitCode": "11",
    "offeringUnitTitle": null,
    "title": "CAREERS IN NUTRITION",
    "courseDescription": null,
    "preReqNotes": null,
    "sections": [
      {
        "sectionEligibility": null,
        "sessionDatePrintIndicator": "N",
        "examCode": "C",
        "specialPermissionAddCode": null,
        "crossListedSections": [],
        "sectionNotes": null,
        "specialPermissionDropCode": null,
        "instructors": [
          {
            "name": "QUICK, VIRGINIA"
          }
        ],
        "number": "01",
        "majors": [],
        "sessionDates": null,
        "specialPermissionDropCodeDescription": null,
        "subtopic": null,
        "openStatus": false,
        "comments": [
          {
            "code": "05",
            "description": "Go to http://canvas.rutgers.edu"
          }
        ],
        "minors": [],
        "campusCode": "NB",
        "index": "12063",
        "unitMajors": [],
        "printed": "Y",
        "specialPermissionAddCodeDescription": null,
        "subtitle": null,
        "meetingTimes": [
          {
            "campusLocation": "4",
            "baClassHours": null,
            "roomNumber": "216A",
            "pmCode": "P",
            "campusAbbrev": "D/C",
            "campusName": "DOUGLAS/COOK",
            "meetingDay": "TH",
            "buildingCode": "DAV",
            "startTime": "0200",
            "endTime": "0320",
            "meetingModeDesc": "LEC",
            "meetingModeCode": "02"
          }
        ],
        "legendKey": null,
        "honorPrograms": []
      }
    ],
    "supplementCode": "  ",
    "credits": 1,
    "unitNotes": null,
    "coreCodes": [],
    "courseNotes": null,
    "expandedTitle": "CAREERS IN NUTRITION                                                            "
  },
  {
    "subjectNotes": null,
    "courseNumber": "201",
    "subject": "709",
    "campusCode": "NB",
    "openSections": 1,
    "synopsisUrl": "http://www.nutrition.rutgers.edu/CourseSynopses.htm",
    "subjectGroupNotes": null,
    "offeringUnitCode": "11",
    "offeringUnitTitle": null,
    "title": "CULINARY NUTRITION",
    "courseDescription": null,
    "preReqNotes": null,
    "sections": [
      {
        "sectionEligibility": null,
        "sessionDatePrintIndicator": "N",
        "examCode": "C",
        "specialPermissionAddCode": null,
        "crossListedSections": [],
        "sectionNotes": null,
        "specialPermissionDropCode": null,
        "instructors": [
          {
            "name": "KERESZTES"
          }
        ],
        "number": "01",
        "majors": [],
        "sessionDates": null,
        "specialPermissionDropCodeDescription": null,
        "subtopic": null,
        "openStatus": true,
        "comments": [
          {
            "code": "05",
            "description": "Go to http://canvas.rutgers.edu"
          },
          {
            "code": "AI",
            "description": "First Day Course Materials Charge.  Go to: firstday.rutgers.edu for more information"
          }
        ],
        "minors": [],
        "campusCode": "NB",
        "index": "12064",
        "unitMajors": [],
        "printed": "Y",
        "specialPermissionAddCodeDescription": null,
        "subtitle": null,
        "meetingTimes": [
          {
            "campusLocation": "4",
            "baClassHours": null,
            "roomNumber": "AUD",
            "pmCode": "P",
            "campusAbbrev": "D/C",
            "campusName": "DOUGLAS/COOK",
            "meetingDay": "W",
            "buildingCode": "FS",
            "startTime": "0350",
            "endTime": "0510",
            "meetingModeDesc": "LEC",
            "meetingModeCode": "02"
          },
          {
            "campusLocation": "4",
            "baClassHours": null,
            "roomNumber": "AUD",
            "pmCode": "P",
            "campusAbbrev": "D/C",
            "campusName": "DOUGLAS/COOK",
            "meetingDay": "M",
            "buildingCode": "FS",
            "startTime": "0350",
            "endTime": "0510",
            "meetingModeDesc": "LEC",
            "meetingModeCode": "02"
          }
        ],
        "legendKey": null,
        "honorPrograms": []
      }
    ],
    "supplementCode": "  ",
    "credits": 3,
    "unitNotes": null,
    "coreCodes": [
      {
        "id": "2024111709201  22",
        "year": "2024",
        "description": "Natural Sciences",
        "subject": "709",
        "term": "1",
        "code": "NS",
        "course": "201",
        "offeringUnitCampus": "NB",
        "supplement": "  ",
        "unit": "11",
        "offeringUnitCode": "01",
        "coreCode": "NS",
        "coreCodeDescription": "Natural Sciences",
        "lastUpdated": 1468423776000,
        "effective": "20241",
        "coreCodeReferenceId": "22"
      }
    ],
    "courseNotes": null,
    "expandedTitle": "CULINARY NUTRITION                                                              "
  },
  {
    "subjectNotes": null,
    "courseNumber": "202",
    "subject": "709",
    "campusCode": "NB",
    "openSections": 2,
    "synopsisUrl": "http://www.nutrition.rutgers.edu/CourseSynopses.htm",
    "subjectGroupNotes": null,
    "offeringUnitCode": "11",
    "offeringUnitTitle": null,
    "title": "CULINARY NUTR LAB",
    "courseDescription": null,
    "preReqNotes": null,
    "sections": [
      {
        "sectionEligibility": null,
        "sessionDatePrintIndicator": "N",
        "examCode": "O",
        "specialPermissionAddCode": "03",
        "crossListedSections": [],
        "sectionNotes": "LABS MEET FIRST WEEK OF CLASSES.PRE-OR CO-REQUISITE OF 709:201.SURVEY REQUIRED TO REGISTER:HTTPS://TINYURL.COM/CNSPRINGLAB",
        "specialPermissionDropCode": null,
        "instructors": [
          {
            "name": "KERESZTES"
          }
        ],
        "number": "01",
        "majors": [],
        "sessionDates": null,
        "specialPermissionDropCodeDescription": null,
        "subtopic": null,
        "openStatus": true,
        "comments": [
          {
            "code": "05",
            "description": "Go to http://canvas.rutgers.edu"
          },
          {
            "code": "63",
            "description": "Hybrid"
          }
        ],
        "minors": [],
        "campusCode": "NB",
        "index": "12065",
        "unitMajors": [],
        "printed": "Y",
        "specialPermissionAddCodeDescription": "Department staff",
        "subtitle": null,
        "meetingTimes": [
          {
            "campusLocation": "4",
            "baClassHours": null,
            "roomNumber": "216A",
            "pmCode": "A",
            "campusAbbrev": "D/C",
            "campusName": "DOUGLAS/COOK",
            "meetingDay": "T",
            "buildingCode": "DAV",
            "startTime": "0830",
            "endTime": "1130",
            "meetingModeDesc": "LEC",
            "meetingModeCode": "02"
          },
          {
            "campusLocation": "O",
            "baClassHours": "B",
            "roomNumber": null,
            "pmCode": null,
            "campusAbbrev": "**",
            "campusName": "** INVALID **",
            "meetingDay": null,
            "buildingCode": null,
            "startTime": null,
            "endTime": null,
            "meetingModeDesc": "ONLINE INSTRUCTION(INTERNET)",
            "meetingModeCode": "90"
          }
        ],
        "legendKey": null,
        "honorPrograms": []
      },
      {
        "sectionEligibility": null,
        "sessionDatePrintIndicator": "N",
        "examCode": "O",
        "specialPermissionAddCode": "03",
        "crossListedSections": [],
        "sectionNotes": "LABS MEET FIRST WEEK OF CLASSES.PRE- OR CO-REQUISITE 709:201",
        "specialPermissionDropCode": null,
        "instructors": [
          {
            "name": "KERESZTES"
          }
        ],
        "number": "02",
        "majors": [],
        "sessionDates": null,
        "specialPermissionDropCodeDescription": null,
        "subtopic": null,
        "openStatus": true,
        "comments": [
          {
            "code": "05",
            "description": "Go to http://canvas.rutgers.edu"
          }
        ],
        "minors": [],
        "campusCode": "NB",
        "index": "12066",
        "unitMajors": [],
        "printed": "Y",
        "specialPermissionAddCodeDescription": "Department staff",
        "subtitle": null,
        "meetingTimes": [
          {
            "campusLocation": "4",
            "baClassHours": null,
            "roomNumber": "216A",
            "pmCode": "P",
            "campusAbbrev": "D/C",
            "campusName": "DOUGLAS/COOK",
            "meetingDay": "T",
            "buildingCode": "DAV",
            "startTime": "0200",
            "endTime": "0500",
            "meetingModeDesc": "LEC",
            "meetingModeCode": "02"
          },
          {
            "campusLocation": "O",
            "baClassHours": "B",
            "roomNumber": null,
            "pmCode": null,
            "campusAbbrev": "**",
            "campusName": "** INVALID **",
            "meetingDay": null,
            "buildingCode": null,
            "startTime": null,
            "endTime": null,
            "meetingModeDesc": "ONLINE INSTRUCTION(INTERNET)",
            "meetingModeCode": "90"
          }
        ],
        "legendKey": null,
        "honorPrograms": []
      }
    ],
    "supplementCode": "  ",
    "credits": 1,
    "unitNotes": null,
    "coreCodes": [],
    "courseNotes": null,
    "expandedTitle": "LABORATORY FOR CULINARY NUTRITION                                               "
  },
  {
    "subjectNotes": null,
    "courseNumber": "235",
    "subject": "709",
    "campusCode": "NB",
    "openSections": 0,
    "synopsisUrl": "http://www.nutrition.rutgers.edu/CourseSynopses.htm",
    "subjectGroupNotes": null,
    "offeringUnitCode": "11",
    "offeringUnitTitle": null,
    "title": "SPORTS NUTRITION",
    "courseDescription": null,
    "preReqNotes": null,
    "sections": [
      {
        "sectionEligibility": null,
        "sessionDatePrintIndicator": "N",
        "examCode": "A",
        "specialPermissionAddCode": null,
        "crossListedSections": [],
        "sectionNotes": null,
        "specialPermissionDropCode": null,
        "instructors": [
          {
            "name": "ABBOT, JACLYN"
          }
        ],
        "number": "90",
        "majors": [],
        "sessionDates": null,
        "specialPermissionDropCodeDescription": null,
        "subtopic": null,
        "openStatus": false,
        "comments": [
          {
            "code": "05",
            "description": "Go to http://canvas.rutgers.edu"
          },
          {
            "code": "56",
            "description": "Online Course"
          }
        ],
        "minors": [],
        "campusCode": "NB",
        "index": "12067",
        "unitMajors": [],
        "printed": "Y",
        "specialPermissionAddCodeDescription": null,
        "subtitle": null,
        "meetingTimes": [
          {
            "campusLocation": "O",
            "baClassHours": "B",
            "roomNumber": null,
            "pmCode": null,
            "campusAbbrev": "**",
            "campusName": "** INVALID **",
            "meetingDay": null,
            "buildingCode": null,
            "startTime": null,
            "endTime": null,
            "meetingModeDesc": "ONLINE INSTRUCTION(INTERNET)",
            "meetingModeCode": "90"
          }
        ],
        "legendKey": null,
        "honorPrograms": []
      },
      {
        "sectionEligibility": null,
        "sessionDatePrintIndicator": "N",
        "examCode": "A",
        "specialPermissionAddCode": null,
        "crossListedSections": [],
        "sectionNotes": null,
        "specialPermissionDropCode": null,
        "instructors": [
          {
            "name": "ABBOT, JACLYN"
          }
        ],
        "number": "91",
        "majors": [],
        "sessionDates": null,
        "specialPermissionDropCodeDescription": null,
        "subtopic": null,
        "openStatus": false,
        "comments": [
          {
            "code": "56",
            "description": "Online Course"
          },
          {
            "code": "05",
            "description": "Go to http://canvas.rutgers.edu"
          }
        ],
        "minors": [],
        "campusCode": "NB",
        "index": "12068",
        "unitMajors": [],
        "printed": "Y",
        "specialPermissionAddCodeDescription": null,
        "subtitle": null,
        "meetingTimes": [
          {
            "campusLocation": "O",
            "baClassHours": "B",
            "roomNumber": null,
            "pmCode": null,
            "campusAbbrev": "**",
            "campusName": "** INVALID **",
            "meetingDay": null,
            "buildingCode": null,
            "startTime": null,
            "endTime": null,
            "meetingModeDesc": "ONLINE INSTRUCTION(INTERNET)",
            "meetingModeCode": "90"
          }
        ],
        "legendKey": null,
        "honorPrograms": []
      }
    ],
    "supplementCode": "  ",
    "credits": 3,
    "unitNotes": null,
    "coreCodes": [],
    "courseNotes": null,
    "expandedTitle": "INTRODUCTION TO SPORTS NUTRITION                                                "
  },
  {
    "subjectNotes": null,
    "courseNumber": "245",
    "subject": "709",
    "campusCode": "NB",
    "openSections": 0,
    "synopsisUrl": "http://www.nutrition.rutgers.edu/CourseSynopses.htm",
    "subjectGroupNotes": null,
    "offeringUnitCode": "11",
    "offeringUnitTitle": null,
    "title": "FOOD CUSTOMS",
    "courseDescription": null,
    "preReqNotes": null,
    "sections": [
      {
        "sectionEligibility": null,
        "sessionDatePrintIndicator": "N",
        "examCode": "A",
        "specialPermissionAddCode": null,
        "crossListedSections": [],
        "sectionNotes": null,
        "specialPermissionDropCode": null,
        "instructors": [
          {
            "name": "GREAVES-PETERS"
          }
        ],
        "number": "90",
        "majors": [],
        "sessionDates": null,
        "specialPermissionDropCodeDescription": null,
        "subtopic": null,
        "openStatus": false,
        "comments": [],
        "minors": [],
        "campusCode": "NB",
        "index": "12069",
        "unitMajors": [],
        "printed": "Y",
        "specialPermissionAddCodeDescription": null,
        "subtitle": null,
        "meetingTimes": [
          {
            "campusLocation": "O",
            "baClassHours": null,
            "roomNumber": null,
            "pmCode": "A",
            "campusAbbrev": "**",
            "campusName": "** INVALID **",
            "meetingDay": "M",
            "buildingCode": null,
            "startTime": "1020",
            "endTime": "1140",
            "meetingModeDesc": "ONLINE INSTRUCTION(INTERNET)",
            "meetingModeCode": "90"
          },
          {
            "campusLocation": "O",
            "baClassHours": null,
            "roomNumber": null,
            "pmCode": "A",
            "campusAbbrev": "**",
            "campusName": "** INVALID **",
            "meetingDay": "TH",
            "buildingCode": null,
            "startTime": "1020",
            "endTime": "1140",
            "meetingModeDesc": "ONLINE INSTRUCTION(INTERNET)",
            "meetingModeCode": "90"
          }
        ],
        "legendKey": null,
        "honorPrograms": []
      },
      {
        "sectionEligibility": null,
        "sessionDatePrintIndicator": "N",
        "examCode": "A",
        "specialPermissionAddCode": null,
        "crossListedSections": [],
        "sectionNotes": null,
        "specialPermissionDropCode": null,
        "instructors": [
          {
            "name": "GREAVES-PETERS"
          }
        ],
        "number": "91",
        "majors": [],
        "sessionDates": null,
        "specialPermissionDropCodeDescription": null,
        "subtopic": null,
        "openStatus": false,
        "comments": [],
        "minors": [],
        "campusCode": "NB",
        "index": "12070",
        "unitMajors": [],
        "printed": "Y",
        "specialPermissionAddCodeDescription": null,
        "subtitle": null,
        "meetingTimes": [
          {
            "campusLocation": "O",
            "baClassHours": null,
            "roomNumber": null,
            "pmCode": "P",
            "campusAbbrev": "**",
            "campusName": "** INVALID **",
            "meetingDay": "TH",
            "buildingCode": null,
            "startTime": "1210",
            "endTime": "0130",
            "meetingModeDesc": "ONLINE INSTRUCTION(INTERNET)",
            "meetingModeCode": "90"
          },
          {
            "campusLocation": "O",
            "baClassHours": null,
            "roomNumber": null,
            "pmCode": "P",
            "campusAbbrev": "**",
            "campusName": "** INVALID **",
            "meetingDay": "M",
            "buildingCode": null,
            "startTime": "1210",
            "endTime": "0130",
            "meetingModeDesc": "ONLINE INSTRUCTION(INTERNET)",
            "meetingModeCode": "90"
          }
        ],
        "legendKey": null,
        "honorPrograms": []
      }
    ],
    "supplementCode": "  ",
    "credits": 3,
    "unitNotes": null,
    "coreCodes": [
      {
        "id": "2024111709245  78585",
        "year": "2024",
        "description": "Diversities and Social Inequalities",
        "subject": "709",
        "term": "1",
        "code": "CCD",
        "course": "245",
        "offeringUnitCampus": "NB",
        "supplement": "  ",
        "unit": "11",
        "offeringUnitCode": "01",
        "coreCode": "CCD",
        "coreCodeDescription": "Diversities and Social Inequalities",
        "lastUpdated": 1545063307000,
        "effective": "20241",
        "coreCodeReferenceId": "78585"
      }
    ],
    "courseNotes": null,
    "expandedTitle": "FOOD CUSTOMS AND NUTRITION EQUITY                                               "
  },
  {
    "subjectNotes": null,
    "courseNumber": "255",
    "subject": "709",
    "campusCode": "NB",
    "openSections": 1,
    "synopsisUrl": "http://www.nutrition.rutgers.edu/CourseSynopses.htm",
    "subjectGroupNotes": null,
    "offeringUnitCode": "11",
    "offeringUnitTitle": null,
    "title": "NUTRITION AND HEALTH",
    "courseDescription": null,
    "preReqNotes": null,
    "sections": [
      {
        "sectionEligibility": null,
        "sessionDatePrintIndicator": "N",
        "examCode": "C",
        "specialPermissionAddCode": null,
        "crossListedSections": [],
        "sectionNotes": null,
        "specialPermissionDropCode": null,
        "instructors": [
          {
            "name": "DIXON, JOSEPH"
          }
        ],
        "number": "01",
        "majors": [],
        "sessionDates": null,
        "specialPermissionDropCodeDescription": null,
        "subtopic": null,
        "openStatus": true,
        "comments": [
          {
            "code": "05",
            "description": "Go to http://canvas.rutgers.edu"
          }
        ],
        "minors": [],
        "campusCode": "NB",
        "index": "12071",
        "unitMajors": [],
        "printed": "Y",
        "specialPermissionAddCodeDescription": null,
        "subtitle": null,
        "meetingTimes": [
          {
            "campusLocation": "4",
            "baClassHours": null,
            "roomNumber": "138",
            "pmCode": "P",
            "campusAbbrev": "D/C",
            "campusName": "DOUGLAS/COOK",
            "meetingDay": "M",
            "buildingCode": "HCK",
            "startTime": "1210",
            "endTime": "0130",
            "meetingModeDesc": "LEC",
            "meetingModeCode": "02"
          },
          {
            "campusLocation": "4",
            "baClassHours": null,
            "roomNumber": "138",
            "pmCode": "P",
            "campusAbbrev": "D/C",
            "campusName": "DOUGLAS/COOK",
            "meetingDay": "TH",
            "buildingCode": "HCK",
            "startTime": "1210",
            "endTime": "0130",
            "meetingModeDesc": "LEC",
            "meetingModeCode": "02"
          }
        ],
        "legendKey": null,
        "honorPrograms": []
      },
      {
        "sectionEligibility": null,
        "sessionDatePrintIndicator": "N",
        "examCode": "A",
        "specialPermissionAddCode": null,
        "crossListedSections": [],
        "sectionNotes": "ON-LINE COURSE",
        "specialPermissionDropCode": null,
        "instructors": [
          {
            "name": "ABBOT, JACLYN"
          }
        ],
        "number": "90",
        "majors": [],
        "sessionDates": null,
        "specialPermissionDropCodeDescription": null,
        "subtopic": null,
        "openStatus": false,
        "comments": [
          {
            "code": "56",
            "description": "Online Course"
          },
          {
            "code": "05",
            "description": "Go to http://canvas.rutgers.edu"
          }
        ],
        "minors": [],
        "campusCode": "NB",
        "index": "12072",
        "unitMajors": [],
        "printed": "Y",
        "specialPermissionAddCodeDescription": null,
        "subtitle": null,
        "meetingTimes": [
          {
            "campusLocation": "O",
            "baClassHours": "B",
            "roomNumber": null,
            "pmCode": null,
            "campusAbbrev": "**",
            "campusName": "** INVALID **",
            "meetingDay": null,
            "buildingCode": null,
            "startTime": null,
            "endTime": null,
            "meetingModeDesc": "ONLINE INSTRUCTION(INTERNET)",
            "meetingModeCode": "90"
          }
        ],
        "legendKey": null,
        "honorPrograms": []
      },
      {
        "sectionEligibility": null,
        "sessionDatePrintIndicator": "N",
        "examCode": "A",
        "specialPermissionAddCode": null,
        "crossListedSections": [],
        "sectionNotes": "ON-LINE COURSE",
        "specialPermissionDropCode": null,
        "instructors": [
          {
            "name": "ABBOT, JACLYN"
          }
        ],
        "number": "91",
        "majors": [],
        "sessionDates": null,
        "specialPermissionDropCodeDescription": null,
        "subtopic": null,
        "openStatus": false,
        "comments": [
          {
            "code": "05",
            "description": "Go to http://canvas.rutgers.edu"
          },
          {
            "code": "56",
            "description": "Online Course"
          }
        ],
        "minors": [],
        "campusCode": "NB",
        "index": "12073",
        "unitMajors": [],
        "printed": "Y",
        "specialPermissionAddCodeDescription": null,
        "subtitle": null,
        "meetingTimes": [
          {
            "campusLocation": "O",
            "baClassHours": "B",
            "roomNumber": null,
            "pmCode": null,
            "campusAbbrev": "**",
            "campusName": "** INVALID **",
            "meetingDay": null,
            "buildingCode": null,
            "startTime": null,
            "endTime": null,
            "meetingModeDesc": "ONLINE INSTRUCTION(INTERNET)",
            "meetingModeCode": "90"
          }
        ],
        "legendKey": null,
        "honorPrograms": []
      }
    ],
    "supplementCode": "  ",
    "credits": 3,
    "unitNotes": null,
    "coreCodes": [
      {
        "id": "2024111709255  78586",
        "year": "2024",
        "description": "Our Common Future",
        "subject": "709",
        "term": "1",
        "code": "CCO",
        "course": "255",
        "offeringUnitCampus": "NB",
        "supplement": "  ",
        "unit": "11",
        "offeringUnitCode": "01",
        "coreCode": "CCO",
        "coreCodeDescription": "Our Common Future",
        "lastUpdated": 1545063307000,
        "effective": "20241",
        "coreCodeReferenceId": "78586"
      },
      {
        "id": "2024111709255  22",
        "year": "2024",
        "description": "Natural Sciences",
        "subject": "709",
        "term": "1",
        "code": "NS",
        "course": "255",
        "offeringUnitCampus": "NB",
        "supplement": "  ",
        "unit": "11",
        "offeringUnitCode": "01",
        "coreCode": "NS",
        "coreCodeDescription": "Natural Sciences",
        "lastUpdated": 1468423776000,
        "effective": "20241",
        "coreCodeReferenceId": "22"
      }
    ],
    "courseNotes": null,
    "expandedTitle": null
  },
  {
    "subjectNotes": null,
    "courseNumber": "301",
    "subject": "709",
    "campusCode": "NB",
    "openSections": 1,
    "synopsisUrl": "http://www.nutrition.rutgers.edu/CourseSynopses.htm",
    "subjectGroupNotes": null,
    "offeringUnitCode": "11",
    "offeringUnitTitle": null,
    "title": "FOOD SAFETY & SANITN",
    "courseDescription": null,
    "preReqNotes": "(11:709:201 )<em> AND </em>(11:709:202 )",
    "sections": [
      {
        "sectionEligibility": null,
        "sessionDatePrintIndicator": "N",
        "examCode": "A",
        "specialPermissionAddCode": null,
        "crossListedSections": [],
        "sectionNotes": null,
        "specialPermissionDropCode": null,
        "instructors": [
          {
            "name": "PAPASPYROU RAO"
          }
        ],
        "number": "01",
        "majors": [],
        "sessionDates": null,
        "specialPermissionDropCodeDescription": null,
        "subtopic": null,
        "openStatus": true,
        "comments": [],
        "minors": [],
        "campusCode": "NB",
        "index": "12074",
        "unitMajors": [],
        "printed": "Y",
        "specialPermissionAddCodeDescription": null,
        "subtitle": null,
        "meetingTimes": [
          {
            "campusLocation": "4",
            "baClassHours": null,
            "roomNumber": "101",
            "pmCode": "A",
            "campusAbbrev": "D/C",
            "campusName": "DOUGLAS/COOK",
            "meetingDay": "T",
            "buildingCode": "TH",
            "startTime": "1020",
            "endTime": "0120",
            "meetingModeDesc": "LEC",
            "meetingModeCode": "02"
          }
        ],
        "legendKey": null,
        "honorPrograms": []
      }
    ],
    "supplementCode": "  ",
    "credits": 2,
    "unitNotes": null,
    "coreCodes": [],
    "courseNotes": null,
    "expandedTitle": "FOOD SAFETY AND SANITATION IN FOOD      SERVICE                                 "
  },
  {
    "subjectNotes": null,
    "courseNumber": "401",
    "subject": "709",
    "campusCode": "NB",
    "openSections": 1,
    "synopsisUrl": "http://www.nutrition.rutgers.edu/CourseSynopses.htm",
    "subjectGroupNotes": null,
    "offeringUnitCode": "11",
    "offeringUnitTitle": null,
    "title": "ADV NUTRITION MICRO",
    "courseDescription": null,
    "preReqNotes": "(11:115:301 )<em> OR </em>(11:115:403 )<em> OR </em>(11:115:404 )<em> OR </em>(01:694:301 )<em> OR </em>(01:694:407 )<em> OR </em>(01:694:408 )",
    "sections": [
      {
        "sectionEligibility": null,
        "sessionDatePrintIndicator": "N",
        "examCode": "C",
        "specialPermissionAddCode": null,
        "crossListedSections": [],
        "sectionNotes": "INSTR. #3: WATFORDCROSS-LISTED WITH16:709:552:01",
        "specialPermissionDropCode": null,
        "instructors": [
          {
            "name": "ANTHONY, TRACY"
          },
          {
            "name": "MILLER, JOSHUA"
          }
        ],
        "number": "01",
        "majors": [],
        "sessionDates": null,
        "specialPermissionDropCodeDescription": null,
        "subtopic": null,
        "openStatus": true,
        "comments": [
          {
            "code": "05",
            "description": "Go to http://canvas.rutgers.edu"
          }
        ],
        "minors": [],
        "campusCode": "NB",
        "index": "12075",
        "unitMajors": [],
        "printed": "Y",
        "specialPermissionAddCodeDescription": null,
        "subtitle": null,
        "meetingTimes": [
          {
            "campusLocation": "4",
            "baClassHours": null,
            "roomNumber": "AUD",
            "pmCode": "A",
            "campusAbbrev": "D/C",
            "campusName": "DOUGLAS/COOK",
            "meetingDay": "TH",
            "buildingCode": "FS",
            "startTime": "1020",
            "endTime": "1140",
            "meetingModeDesc": "LEC",
            "meetingModeCode": "02"
          },
          {
            "campusLocation": "4",
            "baClassHours": null,
            "roomNumber": "AUD",
            "pmCode": "A",
            "campusAbbrev": "D/C",
            "campusName": "DOUGLAS/COOK",
            "meetingDay": "M",
            "buildingCode": "FS",
            "startTime": "1020",
            "endTime": "1140",
            "meetingModeDesc": "LEC",
            "meetingModeCode": "02"
          }
        ],
        "legendKey": null,
        "honorPrograms": []
      }
    ],
    "supplementCode": "  ",
    "credits": 3,
    "unitNotes": null,
    "coreCodes": [],
    "courseNotes": null,
    "expandedTitle": "ADVANCED NUTRITION: ENERGY AND         MICRONUTRIENTS                           "
  },
  {
    "subjectNotes": null,
    "courseNumber": "403",
    "subject": "709",
    "campusCode": "NB",
    "openSections": 2,
    "synopsisUrl": "http://www.nutrition.rutgers.edu/CourseSynopses.htm",
    "subjectGroupNotes": null,
    "offeringUnitCode": "11",
    "offeringUnitTitle": null,
    "title": "RDGS: ENERGY MICRO",
    "courseDescription": null,
    "preReqNotes": null,
    "sections": [
      {
        "sectionEligibility": null,
        "sessionDatePrintIndicator": "N",
        "examCode": "O",
        "specialPermissionAddCode": null,
        "crossListedSections": [],
        "sectionNotes": "COREQ: 11:709:401",
        "specialPermissionDropCode": null,
        "instructors": [
          {
            "name": "HOFFMAN, DANIEL"
          },
          {
            "name": "ANTHONY, TRACY"
          }
        ],
        "number": "01",
        "majors": [],
        "sessionDates": null,
        "specialPermissionDropCodeDescription": null,
        "subtopic": null,
        "openStatus": true,
        "comments": [
          {
            "code": "05",
            "description": "Go to http://canvas.rutgers.edu"
          }
        ],
        "minors": [],
        "campusCode": "NB",
        "index": "12076",
        "unitMajors": [],
        "printed": "Y",
        "specialPermissionAddCodeDescription": null,
        "subtitle": null,
        "meetingTimes": [
          {
            "campusLocation": "4",
            "baClassHours": null,
            "roomNumber": "131",
            "pmCode": "P",
            "campusAbbrev": "D/C",
            "campusName": "DOUGLAS/COOK",
            "meetingDay": "W",
            "buildingCode": "HCK",
            "startTime": "0200",
            "endTime": "0320",
            "meetingModeDesc": "PROJ-IND",
            "meetingModeCode": "19"
          }
        ],
        "legendKey": null,
        "honorPrograms": []
      },
      {
        "sectionEligibility": null,
        "sessionDatePrintIndicator": "N",
        "examCode": "O",
        "specialPermissionAddCode": null,
        "crossListedSections": [],
        "sectionNotes": "COREQ: 11:709:401",
        "specialPermissionDropCode": null,
        "instructors": [
          {
            "name": "ANTHONY, TRACY"
          },
          {
            "name": "HOFFMAN, DANIEL"
          }
        ],
        "number": "02",
        "majors": [],
        "sessionDates": null,
        "specialPermissionDropCodeDescription": null,
        "subtopic": null,
        "openStatus": true,
        "comments": [
          {
            "code": "05",
            "description": "Go to http://canvas.rutgers.edu"
          }
        ],
        "minors": [],
        "campusCode": "NB",
        "index": "12077",
        "unitMajors": [],
        "printed": "Y",
        "specialPermissionAddCodeDescription": null,
        "subtitle": null,
        "meetingTimes": [
          {
            "campusLocation": "4",
            "baClassHours": null,
            "roomNumber": "131",
            "pmCode": "P",
            "campusAbbrev": "D/C",
            "campusName": "DOUGLAS/COOK",
            "meetingDay": "W",
            "buildingCode": "HCK",
            "startTime": "0350",
            "endTime": "0510",
            "meetingModeDesc": "PROJ-IND",
            "meetingModeCode": "19"
          }
        ],
        "legendKey": null,
        "honorPrograms": []
      }
    ],
    "supplementCode": "  ",
    "credits": 1,
    "unitNotes": null,
    "coreCodes": [],
    "courseNotes": null,
    "expandedTitle": "ADVANCED NUTRITION: READINGS IN ENERGY  AND MICRONUTRIENTS                      "
  },
  {
    "subjectNotes": null,
    "courseNumber": "410",
    "subject": "709",
    "campusCode": "NB",
    "openSections": 1,
    "synopsisUrl": "http://www.nutrition.rutgers.edu/CourseSynopses.htm",
    "subjectGroupNotes": null,
    "offeringUnitCode": "11",
    "offeringUnitTitle": null,
    "title": "DIETETICS PROF PRAC",
    "courseDescription": null,
    "preReqNotes": "(11:709:102 )",
    "sections": [
      {
        "sectionEligibility": "JUNIORS AND SENIORS ",
        "sessionDatePrintIndicator": "N",
        "examCode": "C",
        "specialPermissionAddCode": null,
        "crossListedSections": [],
        "sectionNotes": null,
        "specialPermissionDropCode": null,
        "instructors": [
          {
            "name": "QUICK, VIRGINIA"
          }
        ],
        "number": "01",
        "majors": [],
        "sessionDates": null,
        "specialPermissionDropCodeDescription": null,
        "subtopic": null,
        "openStatus": true,
        "comments": [
          {
            "code": "05",
            "description": "Go to http://canvas.rutgers.edu"
          }
        ],
        "minors": [],
        "campusCode": "NB",
        "index": "12078",
        "unitMajors": [],
        "printed": "Y",
        "specialPermissionAddCodeDescription": null,
        "subtitle": null,
        "meetingTimes": [
          {
            "campusLocation": "4",
            "baClassHours": null,
            "roomNumber": "109",
            "pmCode": "P",
            "campusAbbrev": "D/C",
            "campusName": "DOUGLAS/COOK",
            "meetingDay": "TH",
            "buildingCode": "CDL",
            "startTime": "1210",
            "endTime": "0130",
            "meetingModeDesc": "LEC",
            "meetingModeCode": "02"
          },
          {
            "campusLocation": "4",
            "baClassHours": null,
            "roomNumber": "109",
            "pmCode": "P",
            "campusAbbrev": "D/C",
            "campusName": "DOUGLAS/COOK",
            "meetingDay": "M",
            "buildingCode": "CDL",
            "startTime": "1210",
            "endTime": "0130",
            "meetingModeDesc": "LEC",
            "meetingModeCode": "02"
          }
        ],
        "legendKey": null,
        "honorPrograms": []
      }
    ],
    "supplementCode": "  ",
    "credits": 3,
    "unitNotes": null,
    "coreCodes": [],
    "courseNotes": null,
    "expandedTitle": "DIETETICS IN PROFESSIONAL PRACTICE                                              "
  },
  {
    "subjectNotes": null,
    "courseNumber": "441",
    "subject": "709",
    "campusCode": "NB",
    "openSections": 1,
    "synopsisUrl": "http://www.nutrition.rutgers.edu/CourseSynopses.htm",
    "subjectGroupNotes": null,
    "offeringUnitCode": "11",
    "offeringUnitTitle": null,
    "title": "COMMUNITY NUTRITION",
    "courseDescription": null,
    "preReqNotes": "(11:709:202 )<em> AND </em>(11:709:255 )<em> AND </em>(11:709:345 )",
    "sections": [
      {
        "sectionEligibility": "JUNIORS AND SENIORS ",
        "sessionDatePrintIndicator": "N",
        "examCode": "C",
        "specialPermissionAddCode": "03",
        "crossListedSections": [],
        "sectionNotes": "JUNIOR AND SENIORS ONLY ORBY SPECIAL PERMISSION",
        "specialPermissionDropCode": null,
        "instructors": [
          {
            "name": "RICCARDO"
          }
        ],
        "number": "01",
        "majors": [
          {
            "code": "709",
            "isUnitCode": false,
            "isMajorCode": true
          }
        ],
        "sessionDates": null,
        "specialPermissionDropCodeDescription": null,
        "subtopic": null,
        "openStatus": true,
        "comments": [
          {
            "code": "05",
            "description": "Go to http://canvas.rutgers.edu"
          },
          {
            "code": "35",
            "description": "See online schedule for prereqs"
          }
        ],
        "minors": [],
        "campusCode": "NB",
        "index": "12079",
        "unitMajors": [],
        "printed": "Y",
        "specialPermissionAddCodeDescription": "Department staff",
        "subtitle": null,
        "meetingTimes": [
          {
            "campusLocation": "4",
            "baClassHours": null,
            "roomNumber": "205",
            "pmCode": "P",
            "campusAbbrev": "D/C",
            "campusName": "DOUGLAS/COOK",
            "meetingDay": "M",
            "buildingCode": "FNH",
            "startTime": "0200",
            "endTime": "0320",
            "meetingModeDesc": "LEC",
            "meetingModeCode": "02"
          },
          {
            "campusLocation": "O",
            "baClassHours": null,
            "roomNumber": null,
            "pmCode": "P",
            "campusAbbrev": "**",
            "campusName": "** INVALID **",
            "meetingDay": "W",
            "buildingCode": null,
            "startTime": "0200",
            "endTime": "0320",
            "meetingModeDesc": "ONLINE INSTRUCTION(INTERNET)",
            "meetingModeCode": "90"
          }
        ],
        "legendKey": null,
        "honorPrograms": []
      }
    ],
    "supplementCode": "  ",
    "credits": 3,
    "unitNotes": null,
    "coreCodes": [],
    "courseNotes": null,
    "expandedTitle": "COMMUNITY NUTRITION                                                             "
  },
  {
    "subjectNotes": null,
    "courseNumber": "448",
    "subject": "709",
    "campusCode": "NB",
    "openSections": 1,
    "synopsisUrl": "http://www.nutrition.rutgers.edu/CourseSynopses.htm",
    "subjectGroupNotes": null,
    "offeringUnitCode": "11",
    "offeringUnitTitle": null,
    "title": "FOOD PROD MGMT",
    "courseDescription": null,
    "preReqNotes": "(11:709:201 )<em> AND </em>(11:709:202 )<em> AND </em>(11:709:301 )",
    "sections": [
      {
        "sectionEligibility": null,
        "sessionDatePrintIndicator": "N",
        "examCode": "C",
        "specialPermissionAddCode": null,
        "crossListedSections": [],
        "sectionNotes": null,
        "specialPermissionDropCode": null,
        "instructors": [
          {
            "name": "PAPASPYROU RAO"
          }
        ],
        "number": "01",
        "majors": [],
        "sessionDates": null,
        "specialPermissionDropCodeDescription": null,
        "subtopic": null,
        "openStatus": true,
        "comments": [
          {
            "code": "05",
            "description": "Go to http://canvas.rutgers.edu"
          }
        ],
        "minors": [],
        "campusCode": "NB",
        "index": "12080",
        "unitMajors": [],
        "printed": "Y",
        "specialPermissionAddCodeDescription": null,
        "subtitle": null,
        "meetingTimes": [
          {
            "campusLocation": "4",
            "baClassHours": null,
            "roomNumber": "109",
            "pmCode": "P",
            "campusAbbrev": "D/C",
            "campusName": "DOUGLAS/COOK",
            "meetingDay": "TH",
            "buildingCode": "CDL",
            "startTime": "0200",
            "endTime": "0320",
            "meetingModeDesc": "LEC",
            "meetingModeCode": "02"
          },
          {
            "campusLocation": "4",
            "baClassHours": null,
            "roomNumber": "109",
            "pmCode": "P",
            "campusAbbrev": "D/C",
            "campusName": "DOUGLAS/COOK",
            "meetingDay": "T",
            "buildingCode": "CDL",
            "startTime": "0200",
            "endTime": "0320",
            "meetingModeDesc": "LEC",
            "meetingModeCode": "02"
          }
        ],
        "legendKey": null,
        "honorPrograms": []
      }
    ],
    "supplementCode": "  ",
    "credits": 3,
    "unitNotes": null,
    "coreCodes": [],
    "courseNotes": null,
    "expandedTitle": "FOOD PRODUCTION AND MANAGEMENT                                                  "
  },
  {
    "subjectNotes": null,
    "courseNumber": "449",
    "subject": "709",
    "campusCode": "NB",
    "openSections": 0,
    "synopsisUrl": "http://www.nutrition.rutgers.edu/CourseSynopses.htm",
    "subjectGroupNotes": null,
    "offeringUnitCode": "11",
    "offeringUnitTitle": null,
    "title": "FOOD SERV LAB",
    "courseDescription": null,
    "preReqNotes": "(11:709:201 )<em> AND </em>(11:709:202 )<em> AND </em>(11:709:301 )",
    "sections": [
      {
        "sectionEligibility": null,
        "sessionDatePrintIndicator": "N",
        "examCode": "C",
        "specialPermissionAddCode": null,
        "crossListedSections": [],
        "sectionNotes": null,
        "specialPermissionDropCode": null,
        "instructors": [
          {
            "name": "PAPASPYROU RAO"
          }
        ],
        "number": "01",
        "majors": [],
        "sessionDates": null,
        "specialPermissionDropCodeDescription": null,
        "subtopic": null,
        "openStatus": false,
        "comments": [
          {
            "code": "05",
            "description": "Go to http://canvas.rutgers.edu"
          }
        ],
        "minors": [],
        "campusCode": "NB",
        "index": "12081",
        "unitMajors": [],
        "printed": "Y",
        "specialPermissionAddCodeDescription": null,
        "subtitle": null,
        "meetingTimes": [
          {
            "campusLocation": "4",
            "baClassHours": null,
            "roomNumber": "216A",
            "pmCode": "A",
            "campusAbbrev": "D/C",
            "campusName": "DOUGLAS/COOK",
            "meetingDay": "W",
            "buildingCode": "DAV",
            "startTime": "0830",
            "endTime": "0130",
            "meetingModeDesc": "LEC",
            "meetingModeCode": "02"
          }
        ],
        "legendKey": null,
        "honorPrograms": []
      },
      {
        "sectionEligibility": null,
        "sessionDatePrintIndicator": "N",
        "examCode": "C",
        "specialPermissionAddCode": null,
        "crossListedSections": [],
        "sectionNotes": null,
        "specialPermissionDropCode": null,
        "instructors": [
          {
            "name": "PAPASPYROU RAO"
          }
        ],
        "number": "02",
        "majors": [],
        "sessionDates": null,
        "specialPermissionDropCodeDescription": null,
        "subtopic": null,
        "openStatus": false,
        "comments": [
          {
            "code": "05",
            "description": "Go to http://canvas.rutgers.edu"
          }
        ],
        "minors": [],
        "campusCode": "NB",
        "index": "12082",
        "unitMajors": [],
        "printed": "Y",
        "specialPermissionAddCodeDescription": null,
        "subtitle": null,
        "meetingTimes": [
          {
            "campusLocation": "4",
            "baClassHours": null,
            "roomNumber": "216A",
            "pmCode": "A",
            "campusAbbrev": "D/C",
            "campusName": "DOUGLAS/COOK",
            "meetingDay": "F",
            "buildingCode": "DAV",
            "startTime": "0830",
            "endTime": "0130",
            "meetingModeDesc": "LEC",
            "meetingModeCode": "02"
          }
        ],
        "legendKey": null,
        "honorPrograms": []
      }
    ],
    "supplementCode": "  ",
    "credits": 1,
    "unitNotes": null,
    "coreCodes": [],
    "courseNotes": null,
    "expandedTitle": "FOOD SERVICE LABORATORY                                                         "
  },
  {
    "subjectNotes": null,
    "courseNumber": "481",
    "subject": "709",
    "campusCode": "NB",
    "openSections": 1,
    "synopsisUrl": "http://www.nutrition.rutgers.edu/CourseSynopses.htm",
    "subjectGroupNotes": null,
    "offeringUnitCode": "11",
    "offeringUnitTitle": null,
    "title": "SEMINAR IN NUTRITION",
    "courseDescription": null,
    "preReqNotes": "(11:709:255 )",
    "sections": [
      {
        "sectionEligibility": null,
        "sessionDatePrintIndicator": "N",
        "examCode": "O",
        "specialPermissionAddCode": null,
        "crossListedSections": [],
        "sectionNotes": null,
        "specialPermissionDropCode": null,
        "instructors": [
          {
            "name": "WATFORD"
          }
        ],
        "number": "01",
        "majors": [],
        "sessionDates": null,
        "specialPermissionDropCodeDescription": null,
        "subtopic": null,
        "openStatus": true,
        "comments": [],
        "minors": [],
        "campusCode": "NB",
        "index": "12083",
        "unitMajors": [],
        "printed": "Y",
        "specialPermissionAddCodeDescription": null,
        "subtitle": null,
        "meetingTimes": [
          {
            "campusLocation": "4",
            "baClassHours": null,
            "roomNumber": "216A",
            "pmCode": "P",
            "campusAbbrev": "D/C",
            "campusName": "DOUGLAS/COOK",
            "meetingDay": "T",
            "buildingCode": "DAV",
            "startTime": "1210",
            "endTime": "0130",
            "meetingModeDesc": "SEM",
            "meetingModeCode": "04"
          }
        ],
        "legendKey": null,
        "honorPrograms": []
      }
    ],
    "supplementCode": "  ",
    "credits": 1.5,
    "unitNotes": null,
    "coreCodes": [],
    "courseNotes": null,
    "expandedTitle": null
  },
  {
    "subjectNotes": null,
    "courseNumber": "485",
    "subject": "709",
    "campusCode": "NB",
    "openSections": 1,
    "synopsisUrl": "http://www.nutrition.rutgers.edu/CourseSynopses.htm",
    "subjectGroupNotes": null,
    "offeringUnitCode": "11",
    "offeringUnitTitle": null,
    "title": "MNT II: INTERVENT",
    "courseDescription": null,
    "preReqNotes": "(11:709:483 )<em> AND </em>(11:709:484 )",
    "sections": [
      {
        "sectionEligibility": null,
        "sessionDatePrintIndicator": "N",
        "examCode": "C",
        "specialPermissionAddCode": null,
        "crossListedSections": [],
        "sectionNotes": null,
        "specialPermissionDropCode": null,
        "instructors": [
          {
            "name": "SHAPSES, SUE"
          }
        ],
        "number": "01",
        "majors": [],
        "sessionDates": null,
        "specialPermissionDropCodeDescription": null,
        "subtopic": null,
        "openStatus": true,
        "comments": [
          {
            "code": "05",
            "description": "Go to http://canvas.rutgers.edu"
          }
        ],
        "minors": [],
        "campusCode": "NB",
        "index": "12084",
        "unitMajors": [],
        "printed": "Y",
        "specialPermissionAddCodeDescription": null,
        "subtitle": null,
        "meetingTimes": [
          {
            "campusLocation": "4",
            "baClassHours": null,
            "roomNumber": "101",
            "pmCode": "P",
            "campusAbbrev": "D/C",
            "campusName": "DOUGLAS/COOK",
            "meetingDay": "TH",
            "buildingCode": "FNH",
            "startTime": "0350",
            "endTime": "0510",
            "meetingModeDesc": "LEC",
            "meetingModeCode": "02"
          },
          {
            "campusLocation": "4",
            "baClassHours": null,
            "roomNumber": "101",
            "pmCode": "P",
            "campusAbbrev": "D/C",
            "campusName": "DOUGLAS/COOK",
            "meetingDay": "T",
            "buildingCode": "FNH",
            "startTime": "0350",
            "endTime": "0510",
            "meetingModeDesc": "LEC",
            "meetingModeCode": "02"
          }
        ],
        "legendKey": null,
        "honorPrograms": []
      }
    ],
    "supplementCode": "  ",
    "credits": 3,
    "unitNotes": null,
    "coreCodes": [],
    "courseNotes": null,
    "expandedTitle": "MEDICAL NUTRITION THERAPY II:           INTERVENTION, MONITORING AND EVALUATION "
  },
  {
    "subjectNotes": null,
    "courseNumber": "494",
    "subject": "709",
    "campusCode": "NB",
    "openSections": 3,
    "synopsisUrl": "http://www.nutrition.rutgers.edu/CourseSynopses.htm",
    "subjectGroupNotes": null,
    "offeringUnitCode": "11",
    "offeringUnitTitle": null,
    "title": "RESEARCH IN NUTR",
    "courseDescription": null,
    "preReqNotes": null,
    "sections": [
      {
        "sectionEligibility": "JUNIORS AND SENIORS ",
        "sessionDatePrintIndicator": "N",
        "examCode": "A",
        "specialPermissionAddCode": "03",
        "crossListedSections": [],
        "sectionNotes": null,
        "specialPermissionDropCode": null,
        "instructors": [],
        "number": "01",
        "majors": [],
        "sessionDates": null,
        "specialPermissionDropCodeDescription": null,
        "subtopic": null,
        "openStatus": true,
        "comments": [
          {
            "code": "05",
            "description": "Go to http://canvas.rutgers.edu"
          }
        ],
        "minors": [],
        "campusCode": "NB",
        "index": "12085",
        "unitMajors": [],
        "printed": "Y",
        "specialPermissionAddCodeDescription": "Department staff",
        "subtitle": null,
        "meetingTimes": [
          {
            "campusLocation": null,
            "baClassHours": "B",
            "roomNumber": null,
            "pmCode": null,
            "campusAbbrev": null,
            "campusName": null,
            "meetingDay": null,
            "buildingCode": null,
            "startTime": null,
            "endTime": null,
            "meetingModeDesc": "PROJ-IND",
            "meetingModeCode": "19"
          }
        ],
        "legendKey": null,
        "honorPrograms": []
      },
      {
        "sectionEligibility": null,
        "sessionDatePrintIndicator": "N",
        "examCode": "O",
        "specialPermissionAddCode": "03",
        "crossListedSections": [],
        "sectionNotes": "SPORTS NUTRITION FIELD WORK",
        "specialPermissionDropCode": null,
        "instructors": [],
        "number": "02",
        "majors": [],
        "sessionDates": null,
        "specialPermissionDropCodeDescription": null,
        "subtopic": null,
        "openStatus": true,
        "comments": [
          {
            "code": "05",
            "description": "Go to http://canvas.rutgers.edu"
          }
        ],
        "minors": [],
        "campusCode": "NB",
        "index": "12086",
        "unitMajors": [],
        "printed": "Y",
        "specialPermissionAddCodeDescription": "Department staff",
        "subtitle": null,
        "meetingTimes": [
          {
            "campusLocation": null,
            "baClassHours": "B",
            "roomNumber": null,
            "pmCode": null,
            "campusAbbrev": null,
            "campusName": null,
            "meetingDay": null,
            "buildingCode": null,
            "startTime": null,
            "endTime": null,
            "meetingModeDesc": "PROJ-IND",
            "meetingModeCode": "19"
          }
        ],
        "legendKey": null,
        "honorPrograms": []
      },
      {
        "sectionEligibility": null,
        "sessionDatePrintIndicator": "N",
        "examCode": "O",
        "specialPermissionAddCode": "03",
        "crossListedSections": [],
        "sectionNotes": "SUSTAINABLE FOOD SYSTEMSFIELD WORK EXP.",
        "specialPermissionDropCode": null,
        "instructors": [],
        "number": "03",
        "majors": [],
        "sessionDates": null,
        "specialPermissionDropCodeDescription": null,
        "subtopic": null,
        "openStatus": true,
        "comments": [
          {
            "code": "05",
            "description": "Go to http://canvas.rutgers.edu"
          }
        ],
        "minors": [],
        "campusCode": "NB",
        "index": "12087",
        "unitMajors": [],
        "printed": "Y",
        "specialPermissionAddCodeDescription": "Department staff",
        "subtitle": null,
        "meetingTimes": [
          {
            "campusLocation": null,
            "baClassHours": "B",
            "roomNumber": null,
            "pmCode": null,
            "campusAbbrev": null,
            "campusName": null,
            "meetingDay": null,
            "buildingCode": null,
            "startTime": null,
            "endTime": null,
            "meetingModeDesc": "PROJ-IND",
            "meetingModeCode": "19"
          }
        ],
        "legendKey": null,
        "honorPrograms": []
      }
    ],
    "supplementCode": "  ",
    "credits": null,
    "unitNotes": null,
    "coreCodes": [],
    "courseNotes": null,
    "expandedTitle": null
  }
]