[
  {
    "subjectNotes": null,
    "courseNumber": "112",
    "subject": "776",
    "campusCode": "NB",
    "openSections": 0,
    "synopsisUrl": "https://plantbiology.rutgers.edu/undergrad/plantbiology/courses/courselistings.html",
    "subjectGroupNotes": null,
    "offeringUnitCode": "11",
    "offeringUnitTitle": null,
    "title": "INTRO BIOENERGY TECH",
    "courseDescription": null,
    "preReqNotes": null,
    "sections": [
      {
        "sectionEligibility": null,
        "sessionDatePrintIndicator": "N",
        "examCode": "A",
        "specialPermissionAddCode": null,
        "crossListedSections": [],
        "sectionNotes": null,
        "specialPermissionDropCode": null,
        "instructors": [],
        "number": "90",
        "majors": [],
        "sessionDates": null,
        "specialPermissionDropCodeDescription": null,
        "subtopic": null,
        "openStatus": false,
        "comments": [
          {
            "code": "05",
            "description": "Go to http://canvas.rutgers.edu"
          }
        ],
        "minors": [],
        "campusCode": "NB",
        "index": "12088",
        "unitMajors": [],
        "printed": "Y",
        "specialPermissionAddCodeDescription": null,
        "subtitle": "INTRODUCTION TO BIOENERGY TECHNOLOGIES  ",
        "meetingTimes": [
          {
            "campusLocation": "O",
            "baClassHours": "B",
            "roomNumber": null,
            "pmCode": null,
            "campusAbbrev": "**",
            "campusName": "** INVALID **",
            "meetingDay": null,
            "buildingCode": null,
            "startTime": null,
            "endTime": null,
            "meetingModeDesc": "ONLINE INSTRUCTION(INTERNET)",
            "meetingModeCode": "90"
          }
        ],
        "legendKey": null,
        "honorPrograms": []
      }
    ],
    "supplementCode": "  ",
    "credits": 3,
    "unitNotes": null,
    "coreCodes": [],
    "courseNotes": null,
    "expandedTitle": "INTRODUCTION TO BIOENERGY TECHNOLOGIES                                          "
  },
  {
    "subjectNotes": null,
    "courseNumber": "170",
    "subject": "776",
    "campusCode": "NB",
    "openSections": 0,
    "synopsisUrl": "https://plantbiology.rutgers.edu/undergrad/plantbiology/courses/courselistings.html",
    "subjectGroupNotes": null,
    "offeringUnitCode": "11",
    "offeringUnitTitle": null,
    "title": "PLANTS & PEOPLE",
    "courseDescription": null,
    "preReqNotes": null,
    "sections": [
      {
        "sectionEligibility": null,
        "sessionDatePrintIndicator": "N",
        "examCode": "O",
        "specialPermissionAddCode": null,
        "crossListedSections": [],
        "sectionNotes": "CLASS IS NOT FOR PLANT SCIENCEMAJORS. GEARED TOWARDS STUDENTSWHO ARE NOT SCIENCE MAJORS",
        "specialPermissionDropCode": null,
        "instructors": [
          {
            "name": "ROBSON, MARK"
          }
        ],
        "number": "01",
        "majors": [],
        "sessionDates": null,
        "specialPermissionDropCodeDescription": null,
        "subtopic": null,
        "openStatus": false,
        "comments": [],
        "minors": [],
        "campusCode": "NB",
        "index": "12089",
        "unitMajors": [],
        "printed": "Y",
        "specialPermissionAddCodeDescription": null,
        "subtitle": null,
        "meetingTimes": [
          {
            "campusLocation": "4",
            "baClassHours": null,
            "roomNumber": "101",
            "pmCode": "P",
            "campusAbbrev": "D/C",
            "campusName": "DOUGLAS/COOK",
            "meetingDay": "M",
            "buildingCode": "FNH",
            "startTime": "0540",
            "endTime": "0840",
            "meetingModeDesc": "LEC",
            "meetingModeCode": "02"
          }
        ],
        "legendKey": null,
        "honorPrograms": []
      },
      {
        "sectionEligibility": null,
        "sessionDatePrintIndicator": "N",
        "examCode": "O",
        "specialPermissionAddCode": null,
        "crossListedSections": [],
        "sectionNotes": "CLASS IS NOT FOR PLANT SCIENCEMAJORS. GEARED TOWARDS STUDENTSWHO ARE NOT SCIENCE MAJORS",
        "specialPermissionDropCode": null,
        "instructors": [
          {
            "name": "PATEL, HARNA"
          }
        ],
        "number": "90",
        "majors": [],
        "sessionDates": null,
        "specialPermissionDropCodeDescription": null,
        "subtopic": null,
        "openStatus": false,
        "comments": [
          {
            "code": "56",
            "description": "Online Course"
          }
        ],
        "minors": [],
        "campusCode": "NB",
        "index": "12090",
        "unitMajors": [],
        "printed": "Y",
        "specialPermissionAddCodeDescription": null,
        "subtitle": null,
        "meetingTimes": [
          {
            "campusLocation": "O",
            "baClassHours": "B",
            "roomNumber": null,
            "pmCode": null,
            "campusAbbrev": "**",
            "campusName": "** INVALID **",
            "meetingDay": null,
            "buildingCode": null,
            "startTime": null,
            "endTime": null,
            "meetingModeDesc": "ONLINE INSTRUCTION(INTERNET)",
            "meetingModeCode": "90"
          }
        ],
        "legendKey": null,
        "honorPrograms": []
      }
    ],
    "supplementCode": "  ",
    "credits": 3,
    "unitNotes": null,
    "coreCodes": [
      {
        "id": "2024111776170  22",
        "year": "2024",
        "description": "Natural Sciences",
        "subject": "776",
        "term": "1",
        "code": "NS",
        "course": "170",
        "offeringUnitCampus": "NB",
        "supplement": "  ",
        "unit": "11",
        "offeringUnitCode": "01",
        "coreCode": "NS",
        "coreCodeDescription": "Natural Sciences",
        "lastUpdated": 1468423776000,
        "effective": "20241",
        "coreCodeReferenceId": "22"
      }
    ],
    "courseNotes": null,
    "expandedTitle": null
  },
  {
    "subjectNotes": null,
    "courseNumber": "205",
    "subject": "776",
    "campusCode": "NB",
    "openSections": 1,
    "synopsisUrl": "https://plantbiology.rutgers.edu/undergrad/plantbiology/courses/courselistings.html",
    "subjectGroupNotes": null,
    "offeringUnitCode": "11",
    "offeringUnitTitle": null,
    "title": "INTRO ETHNOBOTANY",
    "courseDescription": null,
    "preReqNotes": "(01:119:101 )<em> OR </em>(01:119:103 )<em> OR </em>(01:119:115 )",
    "sections": [
      {
        "sectionEligibility": null,
        "sessionDatePrintIndicator": "N",
        "examCode": "A",
        "specialPermissionAddCode": null,
        "crossListedSections": [],
        "sectionNotes": "PLS NOTE THIS IS A HYBRID COURSE",
        "specialPermissionDropCode": null,
        "instructors": [
          {
            "name": "SIMON, JAMES"
          }
        ],
        "number": "01",
        "majors": [],
        "sessionDates": null,
        "specialPermissionDropCodeDescription": null,
        "subtopic": null,
        "openStatus": true,
        "comments": [
          {
            "code": "05",
            "description": "Go to http://canvas.rutgers.edu"
          }
        ],
        "minors": [],
        "campusCode": "NB",
        "index": "12091",
        "unitMajors": [],
        "printed": "Y",
        "specialPermissionAddCodeDescription": null,
        "subtitle": null,
        "meetingTimes": [
          {
            "campusLocation": "O",
            "baClassHours": "B",
            "roomNumber": null,
            "pmCode": null,
            "campusAbbrev": "**",
            "campusName": "** INVALID **",
            "meetingDay": null,
            "buildingCode": null,
            "startTime": null,
            "endTime": null,
            "meetingModeDesc": "ONLINE INSTRUCTION(INTERNET)",
            "meetingModeCode": "90"
          },
          {
            "campusLocation": "4",
            "baClassHours": null,
            "roomNumber": "138B",
            "pmCode": "A",
            "campusAbbrev": "D/C",
            "campusName": "DOUGLAS/COOK",
            "meetingDay": "M",
            "buildingCode": "FOR",
            "startTime": "1020",
            "endTime": "1140",
            "meetingModeDesc": "LEC",
            "meetingModeCode": "02"
          }
        ],
        "legendKey": null,
        "honorPrograms": []
      }
    ],
    "supplementCode": "  ",
    "credits": 3,
    "unitNotes": null,
    "coreCodes": [],
    "courseNotes": null,
    "expandedTitle": null
  },
  {
    "subjectNotes": null,
    "courseNumber": "211",
    "subject": "776",
    "campusCode": "NB",
    "openSections": 0,
    "synopsisUrl": "https://plantbiology.rutgers.edu/undergrad/plantbiology/courses/courselistings.html",
    "subjectGroupNotes": null,
    "offeringUnitCode": "11",
    "offeringUnitTitle": null,
    "title": "INTRO TO HORTICULTRE",
    "courseDescription": null,
    "preReqNotes": null,
    "sections": [
      {
        "sectionEligibility": null,
        "sessionDatePrintIndicator": "N",
        "examCode": "C",
        "specialPermissionAddCode": null,
        "crossListedSections": [],
        "sectionNotes": null,
        "specialPermissionDropCode": null,
        "instructors": [
          {
            "name": "ELMORE, MATTHEW"
          },
          {
            "name": "BESANCON"
          }
        ],
        "number": "01",
        "majors": [],
        "sessionDates": null,
        "specialPermissionDropCodeDescription": null,
        "subtopic": null,
        "openStatus": false,
        "comments": [
          {
            "code": "05",
            "description": "Go to http://canvas.rutgers.edu"
          }
        ],
        "minors": [],
        "campusCode": "NB",
        "index": "12092",
        "unitMajors": [],
        "printed": "Y",
        "specialPermissionAddCodeDescription": null,
        "subtitle": "INTRODUCTION TO HORTICULTURE            ",
        "meetingTimes": [
          {
            "campusLocation": "4",
            "baClassHours": null,
            "roomNumber": "115",
            "pmCode": "A",
            "campusAbbrev": "D/C",
            "campusName": "DOUGLAS/COOK",
            "meetingDay": "M",
            "buildingCode": "FG",
            "startTime": "1020",
            "endTime": "1140",
            "meetingModeDesc": "LAB",
            "meetingModeCode": "05"
          },
          {
            "campusLocation": "4",
            "baClassHours": null,
            "roomNumber": "115",
            "pmCode": "A",
            "campusAbbrev": "D/C",
            "campusName": "DOUGLAS/COOK",
            "meetingDay": "TH",
            "buildingCode": "FG",
            "startTime": "1020",
            "endTime": "1140",
            "meetingModeDesc": "LAB",
            "meetingModeCode": "05"
          }
        ],
        "legendKey": null,
        "honorPrograms": []
      }
    ],
    "supplementCode": "  ",
    "credits": 3,
    "unitNotes": null,
    "coreCodes": [],
    "courseNotes": null,
    "expandedTitle": "INTRODUCTION TO HORTICULTURE                                                    "
  },
  {
    "subjectNotes": null,
    "courseNumber": "225",
    "subject": "776",
    "campusCode": "NB",
    "openSections": 0,
    "synopsisUrl": "https://plantbiology.rutgers.edu/undergrad/plantbiology/courses/courselistings.html",
    "subjectGroupNotes": null,
    "offeringUnitCode": "11",
    "offeringUnitTitle": null,
    "title": "HORT THERAPY CONCEPT",
    "courseDescription": null,
    "preReqNotes": null,
    "sections": [
      {
        "sectionEligibility": null,
        "sessionDatePrintIndicator": "N",
        "examCode": "A",
        "specialPermissionAddCode": null,
        "crossListedSections": [],
        "sectionNotes": "RECOMMEND 11:776:201 ASPREREQUISITE",
        "specialPermissionDropCode": null,
        "instructors": [
          {
            "name": "ALTMAN, GARY"
          }
        ],
        "number": "90",
        "majors": [],
        "sessionDates": null,
        "specialPermissionDropCodeDescription": null,
        "subtopic": null,
        "openStatus": false,
        "comments": [],
        "minors": [],
        "campusCode": "NB",
        "index": "12093",
        "unitMajors": [],
        "printed": "Y",
        "specialPermissionAddCodeDescription": null,
        "subtitle": null,
        "meetingTimes": [
          {
            "campusLocation": "O",
            "baClassHours": "B",
            "roomNumber": null,
            "pmCode": null,
            "campusAbbrev": "**",
            "campusName": "** INVALID **",
            "meetingDay": null,
            "buildingCode": null,
            "startTime": null,
            "endTime": null,
            "meetingModeDesc": "ONLINE INSTRUCTION(INTERNET)",
            "meetingModeCode": "90"
          }
        ],
        "legendKey": null,
        "honorPrograms": []
      }
    ],
    "supplementCode": "  ",
    "credits": 3,
    "unitNotes": null,
    "coreCodes": [],
    "courseNotes": null,
    "expandedTitle": "HORTICULTURAL THERAPY: CONCEPTS AND     SKILLS                                  "
  },
  {
    "subjectNotes": null,
    "courseNumber": "242",
    "subject": "776",
    "campusCode": "NB",
    "openSections": 0,
    "synopsisUrl": "https://plantbiology.rutgers.edu/undergrad/plantbiology/courses/courselistings.html",
    "subjectGroupNotes": null,
    "offeringUnitCode": "11",
    "offeringUnitTitle": null,
    "title": "PLANT SCIENCE",
    "courseDescription": null,
    "preReqNotes": null,
    "sections": [
      {
        "sectionEligibility": null,
        "sessionDatePrintIndicator": "N",
        "examCode": "C",
        "specialPermissionAddCode": null,
        "crossListedSections": [],
        "sectionNotes": null,
        "specialPermissionDropCode": null,
        "instructors": [
          {
            "name": "PATEL, NRUPALI"
          }
        ],
        "number": "01",
        "majors": [],
        "sessionDates": null,
        "specialPermissionDropCodeDescription": null,
        "subtopic": null,
        "openStatus": false,
        "comments": [
          {
            "code": "05",
            "description": "Go to http://canvas.rutgers.edu"
          },
          {
            "code": "56",
            "description": "Online Course"
          }
        ],
        "minors": [],
        "campusCode": "NB",
        "index": "12094",
        "unitMajors": [],
        "printed": "Y",
        "specialPermissionAddCodeDescription": null,
        "subtitle": null,
        "meetingTimes": [
          {
            "campusLocation": "O",
            "baClassHours": null,
            "roomNumber": null,
            "pmCode": "A",
            "campusAbbrev": "**",
            "campusName": "** INVALID **",
            "meetingDay": "T",
            "buildingCode": null,
            "startTime": "1020",
            "endTime": "1140",
            "meetingModeDesc": "LEC",
            "meetingModeCode": "02"
          },
          {
            "campusLocation": "O",
            "baClassHours": "B",
            "roomNumber": null,
            "pmCode": null,
            "campusAbbrev": "**",
            "campusName": "** INVALID **",
            "meetingDay": null,
            "buildingCode": null,
            "startTime": null,
            "endTime": null,
            "meetingModeDesc": "ONLINE INSTRUCTION(INTERNET)",
            "meetingModeCode": "90"
          }
        ],
        "legendKey": null,
        "honorPrograms": []
      },
      {
        "sectionEligibility": null,
        "sessionDatePrintIndicator": "N",
        "examCode": "C",
        "specialPermissionAddCode": null,
        "crossListedSections": [],
        "sectionNotes": null,
        "specialPermissionDropCode": null,
        "instructors": [
          {
            "name": "PATEL, NRUPALI"
          }
        ],
        "number": "02",
        "majors": [],
        "sessionDates": null,
        "specialPermissionDropCodeDescription": null,
        "subtopic": null,
        "openStatus": false,
        "comments": [
          {
            "code": "05",
            "description": "Go to http://canvas.rutgers.edu"
          },
          {
            "code": "56",
            "description": "Online Course"
          }
        ],
        "minors": [],
        "campusCode": "NB",
        "index": "12095",
        "unitMajors": [],
        "printed": "Y",
        "specialPermissionAddCodeDescription": null,
        "subtitle": null,
        "meetingTimes": [
          {
            "campusLocation": "O",
            "baClassHours": "B",
            "roomNumber": null,
            "pmCode": null,
            "campusAbbrev": "**",
            "campusName": "** INVALID **",
            "meetingDay": null,
            "buildingCode": null,
            "startTime": null,
            "endTime": null,
            "meetingModeDesc": "ONLINE INSTRUCTION(INTERNET)",
            "meetingModeCode": "90"
          },
          {
            "campusLocation": "O",
            "baClassHours": null,
            "roomNumber": null,
            "pmCode": "P",
            "campusAbbrev": "**",
            "campusName": "** INVALID **",
            "meetingDay": "T",
            "buildingCode": null,
            "startTime": "1210",
            "endTime": "0130",
            "meetingModeDesc": "LEC",
            "meetingModeCode": "02"
          }
        ],
        "legendKey": null,
        "honorPrograms": []
      }
    ],
    "supplementCode": "  ",
    "credits": 3,
    "unitNotes": null,
    "coreCodes": [
      {
        "id": "2024111776242  22",
        "year": "2024",
        "description": "Natural Sciences",
        "subject": "776",
        "term": "1",
        "code": "NS",
        "course": "242",
        "offeringUnitCampus": "NB",
        "supplement": "  ",
        "unit": "11",
        "offeringUnitCode": "01",
        "coreCode": "NS",
        "coreCodeDescription": "Natural Sciences",
        "lastUpdated": 1468423776000,
        "effective": "20241",
        "coreCodeReferenceId": "22"
      }
    ],
    "courseNotes": null,
    "expandedTitle": null
  },
  {
    "subjectNotes": null,
    "courseNumber": "310",
    "subject": "776",
    "campusCode": "NB",
    "openSections": 1,
    "synopsisUrl": "https://plantbiology.rutgers.edu/undergrad/plantbiology/courses/courselistings.html",
    "subjectGroupNotes": null,
    "offeringUnitCode": "11",
    "offeringUnitTitle": null,
    "title": "PLANT PROPAGATION",
    "courseDescription": null,
    "preReqNotes": "(11:776:242 )<em> OR </em>(11:776:211 )",
    "sections": [
      {
        "sectionEligibility": null,
        "sessionDatePrintIndicator": "N",
        "examCode": "C",
        "specialPermissionAddCode": null,
        "crossListedSections": [],
        "sectionNotes": null,
        "specialPermissionDropCode": null,
        "instructors": [
          {
            "name": "MOLNAR, THOMAS"
          }
        ],
        "number": "01",
        "majors": [],
        "sessionDates": null,
        "specialPermissionDropCodeDescription": null,
        "subtopic": null,
        "openStatus": true,
        "comments": [
          {
            "code": "05",
            "description": "Go to http://canvas.rutgers.edu"
          },
          {
            "code": "35",
            "description": "See online schedule for prereqs"
          }
        ],
        "minors": [],
        "campusCode": "NB",
        "index": "12096",
        "unitMajors": [],
        "printed": "Y",
        "specialPermissionAddCodeDescription": null,
        "subtitle": null,
        "meetingTimes": [
          {
            "campusLocation": "4",
            "baClassHours": null,
            "roomNumber": "115",
            "pmCode": "A",
            "campusAbbrev": "D/C",
            "campusName": "DOUGLAS/COOK",
            "meetingDay": "T",
            "buildingCode": "FG",
            "startTime": "1020",
            "endTime": "1140",
            "meetingModeDesc": "LEC",
            "meetingModeCode": "02"
          },
          {
            "campusLocation": "4",
            "baClassHours": null,
            "roomNumber": "115",
            "pmCode": "P",
            "campusAbbrev": "D/C",
            "campusName": "DOUGLAS/COOK",
            "meetingDay": "TH",
            "buildingCode": "FG",
            "startTime": "0200",
            "endTime": "0500",
            "meetingModeDesc": "LAB",
            "meetingModeCode": "05"
          }
        ],
        "legendKey": null,
        "honorPrograms": []
      }
    ],
    "supplementCode": "  ",
    "credits": 3,
    "unitNotes": null,
    "coreCodes": [],
    "courseNotes": null,
    "expandedTitle": null
  },
  {
    "subjectNotes": null,
    "courseNumber": "325",
    "subject": "776",
    "campusCode": "NB",
    "openSections": 1,
    "synopsisUrl": "https://plantbiology.rutgers.edu/undergrad/plantbiology/courses/courselistings.html",
    "subjectGroupNotes": null,
    "offeringUnitCode": "11",
    "offeringUnitTitle": null,
    "title": "HORT THERAPY TECH",
    "courseDescription": null,
    "preReqNotes": null,
    "sections": [
      {
        "sectionEligibility": null,
        "sessionDatePrintIndicator": "N",
        "examCode": "A",
        "specialPermissionAddCode": null,
        "crossListedSections": [],
        "sectionNotes": "11:776:225 IS HIGHLY RECOMMENDEDAS A PREREQUISITE",
        "specialPermissionDropCode": null,
        "instructors": [
          {
            "name": "ALTMAN, GARY"
          }
        ],
        "number": "90",
        "majors": [],
        "sessionDates": null,
        "specialPermissionDropCodeDescription": null,
        "subtopic": null,
        "openStatus": true,
        "comments": [
          {
            "code": "05",
            "description": "Go to http://canvas.rutgers.edu"
          }
        ],
        "minors": [],
        "campusCode": "NB",
        "index": "12097",
        "unitMajors": [],
        "printed": "Y",
        "specialPermissionAddCodeDescription": null,
        "subtitle": null,
        "meetingTimes": [
          {
            "campusLocation": "O",
            "baClassHours": "B",
            "roomNumber": null,
            "pmCode": null,
            "campusAbbrev": "**",
            "campusName": "** INVALID **",
            "meetingDay": null,
            "buildingCode": null,
            "startTime": null,
            "endTime": null,
            "meetingModeDesc": "ONLINE INSTRUCTION(INTERNET)",
            "meetingModeCode": "90"
          }
        ],
        "legendKey": null,
        "honorPrograms": []
      }
    ],
    "supplementCode": "  ",
    "credits": 3,
    "unitNotes": null,
    "coreCodes": [],
    "courseNotes": null,
    "expandedTitle": null
  },
  {
    "subjectNotes": null,
    "courseNumber": "382",
    "subject": "776",
    "campusCode": "NB",
    "openSections": 0,
    "synopsisUrl": "https://plantbiology.rutgers.edu/undergrad/plantbiology/courses/courselistings.html",
    "subjectGroupNotes": null,
    "offeringUnitCode": "11",
    "offeringUnitTitle": null,
    "title": "PLANT PHYSIOLOGY",
    "courseDescription": null,
    "preReqNotes": "((01:160:162  and 01:119:102  and 01:119:102 ) or (01:119:116 ))",
    "sections": [
      {
        "sectionEligibility": null,
        "sessionDatePrintIndicator": "N",
        "examCode": "C",
        "specialPermissionAddCode": null,
        "crossListedSections": [],
        "sectionNotes": null,
        "specialPermissionDropCode": null,
        "instructors": [
          {
            "name": "JULIANI, HECTOR"
          },
          {
            "name": "JULIANI, HECTOR"
          }
        ],
        "number": "01",
        "majors": [],
        "sessionDates": null,
        "specialPermissionDropCodeDescription": null,
        "subtopic": null,
        "openStatus": false,
        "comments": [
          {
            "code": "05",
            "description": "Go to http://canvas.rutgers.edu"
          }
        ],
        "minors": [],
        "campusCode": "NB",
        "index": "12098",
        "unitMajors": [],
        "printed": "Y",
        "specialPermissionAddCodeDescription": null,
        "subtitle": null,
        "meetingTimes": [
          {
            "campusLocation": "4",
            "baClassHours": null,
            "roomNumber": "194",
            "pmCode": "P",
            "campusAbbrev": "D/C",
            "campusName": "DOUGLAS/COOK",
            "meetingDay": "TH",
            "buildingCode": "FOR",
            "startTime": "0350",
            "endTime": "0650",
            "meetingModeDesc": "LAB",
            "meetingModeCode": "05"
          },
          {
            "campusLocation": "4",
            "baClassHours": null,
            "roomNumber": "114",
            "pmCode": "A",
            "campusAbbrev": "D/C",
            "campusName": "DOUGLAS/COOK",
            "meetingDay": "T",
            "buildingCode": "HCK",
            "startTime": "1020",
            "endTime": "1140",
            "meetingModeDesc": "LEC",
            "meetingModeCode": "02"
          },
          {
            "campusLocation": "4",
            "baClassHours": null,
            "roomNumber": "114",
            "pmCode": "A",
            "campusAbbrev": "D/C",
            "campusName": "DOUGLAS/COOK",
            "meetingDay": "F",
            "buildingCode": "HCK",
            "startTime": "1020",
            "endTime": "1140",
            "meetingModeDesc": "LEC",
            "meetingModeCode": "02"
          }
        ],
        "legendKey": null,
        "honorPrograms": []
      }
    ],
    "supplementCode": "  ",
    "credits": 4,
    "unitNotes": null,
    "coreCodes": [],
    "courseNotes": null,
    "expandedTitle": null
  },
  {
    "subjectNotes": null,
    "courseNumber": "391",
    "subject": "776",
    "campusCode": "NB",
    "openSections": 1,
    "synopsisUrl": "https://plantbiology.rutgers.edu/undergrad/plantbiology/courses/courselistings.html",
    "subjectGroupNotes": null,
    "offeringUnitCode": "11",
    "offeringUnitTitle": null,
    "title": "WDS, DIS, & INSCT PL",
    "courseDescription": null,
    "preReqNotes": null,
    "sections": [
      {
        "sectionEligibility": null,
        "sessionDatePrintIndicator": "N",
        "examCode": "C",
        "specialPermissionAddCode": null,
        "crossListedSections": [],
        "sectionNotes": null,
        "specialPermissionDropCode": null,
        "instructors": [
          {
            "name": "WYENANDT"
          }
        ],
        "number": "02",
        "majors": [],
        "sessionDates": null,
        "specialPermissionDropCodeDescription": null,
        "subtopic": null,
        "openStatus": true,
        "comments": [
          {
            "code": "05",
            "description": "Go to http://canvas.rutgers.edu"
          }
        ],
        "minors": [],
        "campusCode": "NB",
        "index": "12099",
        "unitMajors": [],
        "printed": "Y",
        "specialPermissionAddCodeDescription": null,
        "subtitle": null,
        "meetingTimes": [
          {
            "campusLocation": "4",
            "baClassHours": null,
            "roomNumber": "101",
            "pmCode": "P",
            "campusAbbrev": "D/C",
            "campusName": "DOUGLAS/COOK",
            "meetingDay": "M",
            "buildingCode": "FS",
            "startTime": "0200",
            "endTime": "0320",
            "meetingModeDesc": "LEC",
            "meetingModeCode": "02"
          },
          {
            "campusLocation": "4",
            "baClassHours": null,
            "roomNumber": "101",
            "pmCode": "P",
            "campusAbbrev": "D/C",
            "campusName": "DOUGLAS/COOK",
            "meetingDay": "W",
            "buildingCode": "FS",
            "startTime": "0200",
            "endTime": "0320",
            "meetingModeDesc": "LEC",
            "meetingModeCode": "02"
          }
        ],
        "legendKey": null,
        "honorPrograms": []
      }
    ],
    "supplementCode": "  ",
    "credits": 3,
    "unitNotes": null,
    "coreCodes": [],
    "courseNotes": null,
    "expandedTitle": "WEEDS, DISEASES, AND INSECTS OF PLANTS"
  },
  {
    "subjectNotes": null,
    "courseNumber": "404",
    "subject": "776",
    "campusCode": "NB",
    "openSections": 1,
    "synopsisUrl": "https://plantbiology.rutgers.edu/undergrad/plantbiology/courses/courselistings.html",
    "subjectGroupNotes": null,
    "offeringUnitCode": "11",
    "offeringUnitTitle": null,
    "title": "SOIL MGT SPRTS&LANDS",
    "courseDescription": null,
    "preReqNotes": null,
    "sections": [
      {
        "sectionEligibility": null,
        "sessionDatePrintIndicator": "N",
        "examCode": "C",
        "specialPermissionAddCode": null,
        "crossListedSections": [],
        "sectionNotes": null,
        "specialPermissionDropCode": null,
        "instructors": [
          {
            "name": "MURPHY, JAMES"
          }
        ],
        "number": "01",
        "majors": [],
        "sessionDates": null,
        "specialPermissionDropCodeDescription": null,
        "subtopic": null,
        "openStatus": true,
        "comments": [],
        "minors": [],
        "campusCode": "NB",
        "index": "12100",
        "unitMajors": [],
        "printed": "Y",
        "specialPermissionAddCodeDescription": null,
        "subtitle": "SOIL MGMT FOR SPORTS FIELDS & LANDSCAPES",
        "meetingTimes": [
          {
            "campusLocation": "4",
            "baClassHours": null,
            "roomNumber": "127",
            "pmCode": "P",
            "campusAbbrev": "D/C",
            "campusName": "DOUGLAS/COOK",
            "meetingDay": "TH",
            "buildingCode": "HCK",
            "startTime": "1210",
            "endTime": "0130",
            "meetingModeDesc": "LEC",
            "meetingModeCode": "02"
          },
          {
            "campusLocation": "4",
            "baClassHours": null,
            "roomNumber": "127",
            "pmCode": "P",
            "campusAbbrev": "D/C",
            "campusName": "DOUGLAS/COOK",
            "meetingDay": "M",
            "buildingCode": "HCK",
            "startTime": "1210",
            "endTime": "0130",
            "meetingModeDesc": "LEC",
            "meetingModeCode": "02"
          }
        ],
        "legendKey": null,
        "honorPrograms": []
      }
    ],
    "supplementCode": "  ",
    "credits": 3,
    "unitNotes": null,
    "coreCodes": [],
    "courseNotes": null,
    "expandedTitle": null
  },
  {
    "subjectNotes": null,
    "courseNumber": "405",
    "subject": "776",
    "campusCode": "NB",
    "openSections": 1,
    "synopsisUrl": "https://plantbiology.rutgers.edu/undergrad/plantbiology/courses/courselistings.html",
    "subjectGroupNotes": null,
    "offeringUnitCode": "11",
    "offeringUnitTitle": null,
    "title": "PLANT BIOSECURITY",
    "courseDescription": null,
    "preReqNotes": "(01:119:102 )<em> OR </em>(01:119:116 )",
    "sections": [
      {
        "sectionEligibility": null,
        "sessionDatePrintIndicator": "N",
        "examCode": "C",
        "specialPermissionAddCode": null,
        "crossListedSections": [],
        "sectionNotes": null,
        "specialPermissionDropCode": null,
        "instructors": [
          {
            "name": "DI, RONG"
          }
        ],
        "number": "01",
        "majors": [],
        "sessionDates": null,
        "specialPermissionDropCodeDescription": null,
        "subtopic": null,
        "openStatus": true,
        "comments": [
          {
            "code": "05",
            "description": "Go to http://canvas.rutgers.edu"
          }
        ],
        "minors": [],
        "campusCode": "NB",
        "index": "12101",
        "unitMajors": [],
        "printed": "Y",
        "specialPermissionAddCodeDescription": null,
        "subtitle": null,
        "meetingTimes": [
          {
            "campusLocation": "4",
            "baClassHours": null,
            "roomNumber": "132",
            "pmCode": "P",
            "campusAbbrev": "D/C",
            "campusName": "DOUGLAS/COOK",
            "meetingDay": "T",
            "buildingCode": "HCK",
            "startTime": "0200",
            "endTime": "0320",
            "meetingModeDesc": "LEC",
            "meetingModeCode": "02"
          },
          {
            "campusLocation": "4",
            "baClassHours": null,
            "roomNumber": "194",
            "pmCode": "P",
            "campusAbbrev": "D/C",
            "campusName": "DOUGLAS/COOK",
            "meetingDay": "TH",
            "buildingCode": "FOR",
            "startTime": "1210",
            "endTime": "0310",
            "meetingModeDesc": "LAB",
            "meetingModeCode": "05"
          }
        ],
        "legendKey": null,
        "honorPrograms": []
      }
    ],
    "supplementCode": "  ",
    "credits": 3,
    "unitNotes": null,
    "coreCodes": [],
    "courseNotes": null,
    "expandedTitle": null
  },
  {
    "subjectNotes": null,
    "courseNumber": "406",
    "subject": "776",
    "campusCode": "NB",
    "openSections": 1,
    "synopsisUrl": "https://plantbiology.rutgers.edu/undergrad/plantbiology/courses/courselistings.html",
    "subjectGroupNotes": null,
    "offeringUnitCode": "11",
    "offeringUnitTitle": null,
    "title": "PLANT BREEDING",
    "courseDescription": null,
    "preReqNotes": "(01:119:102 )<em> OR </em>(01:119:116 )",
    "sections": [
      {
        "sectionEligibility": null,
        "sessionDatePrintIndicator": "N",
        "examCode": "C",
        "specialPermissionAddCode": null,
        "crossListedSections": [
          {
            "courseNumber": "529",
            "supplementCode": "  ",
            "sectionNumber": "01",
            "offeringUnitCampus": "NB",
            "primaryRegistrationIndex": "12102",
            "offeringUnitCode": "16",
            "registrationIndex": "12103",
            "subjectCode": "765"
          }
        ],
        "sectionNotes": null,
        "specialPermissionDropCode": null,
        "instructors": [
          {
            "name": "SIDELI, GINA"
          },
          {
            "name": "BONOS, STACY"
          }
        ],
        "number": "01",
        "majors": [],
        "sessionDates": null,
        "specialPermissionDropCodeDescription": null,
        "subtopic": null,
        "openStatus": true,
        "comments": [
          {
            "code": "35",
            "description": "See online schedule for prereqs"
          },
          {
            "code": "05",
            "description": "Go to http://canvas.rutgers.edu"
          }
        ],
        "minors": [],
        "campusCode": "NB",
        "index": "12102",
        "unitMajors": [],
        "printed": "Y",
        "specialPermissionAddCodeDescription": null,
        "subtitle": null,
        "meetingTimes": [
          {
            "campusLocation": "4",
            "baClassHours": null,
            "roomNumber": "115",
            "pmCode": "P",
            "campusAbbrev": "D/C",
            "campusName": "DOUGLAS/COOK",
            "meetingDay": "T",
            "buildingCode": "FG",
            "startTime": "1210",
            "endTime": "0310",
            "meetingModeDesc": "LAB",
            "meetingModeCode": "05"
          },
          {
            "campusLocation": "4",
            "baClassHours": null,
            "roomNumber": "115",
            "pmCode": "P",
            "campusAbbrev": "D/C",
            "campusName": "DOUGLAS/COOK",
            "meetingDay": "M",
            "buildingCode": "FG",
            "startTime": "1210",
            "endTime": "0130",
            "meetingModeDesc": "LEC",
            "meetingModeCode": "02"
          },
          {
            "campusLocation": "4",
            "baClassHours": null,
            "roomNumber": "115",
            "pmCode": "P",
            "campusAbbrev": "D/C",
            "campusName": "DOUGLAS/COOK",
            "meetingDay": "TH",
            "buildingCode": "FG",
            "startTime": "1210",
            "endTime": "0130",
            "meetingModeDesc": "LEC",
            "meetingModeCode": "02"
          }
        ],
        "legendKey": null,
        "honorPrograms": []
      }
    ],
    "supplementCode": "  ",
    "credits": 4,
    "unitNotes": null,
    "coreCodes": [],
    "courseNotes": null,
    "expandedTitle": null
  },
  {
    "subjectNotes": null,
    "courseNumber": "415",
    "subject": "776",
    "campusCode": "NB",
    "openSections": 1,
    "synopsisUrl": "https://plantbiology.rutgers.edu/undergrad/plantbiology/courses/courselistings.html",
    "subjectGroupNotes": null,
    "offeringUnitCode": "11",
    "offeringUnitTitle": null,
    "title": "FUNGI & HUMAN HEALTH",
    "courseDescription": null,
    "preReqNotes": "(01:119:102 )<em> OR </em>(01:119:116 )",
    "sections": [
      {
        "sectionEligibility": null,
        "sessionDatePrintIndicator": "N",
        "examCode": "C",
        "specialPermissionAddCode": null,
        "crossListedSections": [
          {
            "courseNumber": "515",
            "supplementCode": "  ",
            "sectionNumber": "01",
            "offeringUnitCampus": "NB",
            "primaryRegistrationIndex": "12104",
            "offeringUnitCode": "16",
            "registrationIndex": "15577",
            "subjectCode": "765"
          }
        ],
        "sectionNotes": null,
        "specialPermissionDropCode": null,
        "instructors": [
          {
            "name": "BENNETT, JOAN"
          }
        ],
        "number": "01",
        "majors": [],
        "sessionDates": null,
        "specialPermissionDropCodeDescription": null,
        "subtopic": null,
        "openStatus": true,
        "comments": [],
        "minors": [],
        "campusCode": "NB",
        "index": "12104",
        "unitMajors": [],
        "printed": "Y",
        "specialPermissionAddCodeDescription": null,
        "subtitle": null,
        "meetingTimes": [
          {
            "campusLocation": "4",
            "baClassHours": null,
            "roomNumber": "205",
            "pmCode": "P",
            "campusAbbrev": "D/C",
            "campusName": "DOUGLAS/COOK",
            "meetingDay": "M",
            "buildingCode": "FNH",
            "startTime": "1210",
            "endTime": "0130",
            "meetingModeDesc": "LEC",
            "meetingModeCode": "02"
          },
          {
            "campusLocation": "4",
            "baClassHours": null,
            "roomNumber": "205",
            "pmCode": "P",
            "campusAbbrev": "D/C",
            "campusName": "DOUGLAS/COOK",
            "meetingDay": "TH",
            "buildingCode": "FNH",
            "startTime": "1210",
            "endTime": "0130",
            "meetingModeDesc": "LEC",
            "meetingModeCode": "02"
          }
        ],
        "legendKey": null,
        "honorPrograms": []
      }
    ],
    "supplementCode": "  ",
    "credits": 3,
    "unitNotes": null,
    "coreCodes": [],
    "courseNotes": null,
    "expandedTitle": null
  },
  {
    "subjectNotes": null,
    "courseNumber": "438",
    "subject": "776",
    "campusCode": "NB",
    "openSections": 1,
    "synopsisUrl": "https://plantbiology.rutgers.edu/undergrad/plantbiology/courses/courselistings.html",
    "subjectGroupNotes": null,
    "offeringUnitCode": "11",
    "offeringUnitTitle": null,
    "title": "PLNTS & HUMHEALTH",
    "courseDescription": null,
    "preReqNotes": null,
    "sections": [
      {
        "sectionEligibility": null,
        "sessionDatePrintIndicator": "N",
        "examCode": "C",
        "specialPermissionAddCode": null,
        "crossListedSections": [],
        "sectionNotes": null,
        "specialPermissionDropCode": null,
        "instructors": [
          {
            "name": "JULIANI, HECTOR"
          }
        ],
        "number": "01",
        "majors": [],
        "sessionDates": null,
        "specialPermissionDropCodeDescription": null,
        "subtopic": null,
        "openStatus": true,
        "comments": [
          {
            "code": "05",
            "description": "Go to http://canvas.rutgers.edu"
          }
        ],
        "minors": [],
        "campusCode": "NB",
        "index": "12105",
        "unitMajors": [],
        "printed": "Y",
        "specialPermissionAddCodeDescription": null,
        "subtitle": null,
        "meetingTimes": [
          {
            "campusLocation": "4",
            "baClassHours": null,
            "roomNumber": "205",
            "pmCode": "P",
            "campusAbbrev": "D/C",
            "campusName": "DOUGLAS/COOK",
            "meetingDay": "TH",
            "buildingCode": "FNH",
            "startTime": "0200",
            "endTime": "0320",
            "meetingModeDesc": "LEC",
            "meetingModeCode": "02"
          },
          {
            "campusLocation": "4",
            "baClassHours": null,
            "roomNumber": "205",
            "pmCode": "P",
            "campusAbbrev": "D/C",
            "campusName": "DOUGLAS/COOK",
            "meetingDay": "T",
            "buildingCode": "FNH",
            "startTime": "0200",
            "endTime": "0320",
            "meetingModeDesc": "LEC",
            "meetingModeCode": "02"
          }
        ],
        "legendKey": null,
        "honorPrograms": []
      }
    ],
    "supplementCode": "  ",
    "credits": 3,
    "unitNotes": null,
    "coreCodes": [],
    "courseNotes": null,
    "expandedTitle": null
  },
  {
    "subjectNotes": null,
    "courseNumber": "439",
    "subject": "776",
    "campusCode": "NB",
    "openSections": 1,
    "synopsisUrl": "https://plantbiology.rutgers.edu/undergrad/plantbiology/courses/courselistings.html",
    "subjectGroupNotes": null,
    "offeringUnitCode": "11",
    "offeringUnitTitle": null,
    "title": "NURSERY CROP PROD",
    "courseDescription": null,
    "preReqNotes": "(11:776:211 )<em> OR </em>(11:776:242 )",
    "sections": [
      {
        "sectionEligibility": null,
        "sessionDatePrintIndicator": "N",
        "examCode": "O",
        "specialPermissionAddCode": null,
        "crossListedSections": [],
        "sectionNotes": "PREREQ REQUIREMENTS: ANYPLANT SCIENCE/BIOLOGY 0RAGRICULTURAL PRODUCTION COURSEPREFERRED OR PERM OF INSTRUCTOR",
        "specialPermissionDropCode": null,
        "instructors": [
          {
            "name": "CABRERA, RAUL"
          }
        ],
        "number": "01",
        "majors": [],
        "sessionDates": null,
        "specialPermissionDropCodeDescription": null,
        "subtopic": null,
        "openStatus": true,
        "comments": [
          {
            "code": "05",
            "description": "Go to http://canvas.rutgers.edu"
          }
        ],
        "minors": [],
        "campusCode": "NB",
        "index": "12106",
        "unitMajors": [],
        "printed": "Y",
        "specialPermissionAddCodeDescription": null,
        "subtitle": null,
        "meetingTimes": [
          {
            "campusLocation": "4",
            "baClassHours": null,
            "roomNumber": "115",
            "pmCode": "P",
            "campusAbbrev": "D/C",
            "campusName": "DOUGLAS/COOK",
            "meetingDay": "W",
            "buildingCode": "FG",
            "startTime": "0200",
            "endTime": "0500",
            "meetingModeDesc": "LEC",
            "meetingModeCode": "02"
          }
        ],
        "legendKey": null,
        "honorPrograms": []
      }
    ],
    "supplementCode": "  ",
    "credits": 3,
    "unitNotes": null,
    "coreCodes": [],
    "courseNotes": null,
    "expandedTitle": null
  },
  {
    "subjectNotes": null,
    "courseNumber": "442",
    "subject": "776",
    "campusCode": "NB",
    "openSections": 1,
    "synopsisUrl": "https://plantbiology.rutgers.edu/undergrad/plantbiology/courses/courselistings.html",
    "subjectGroupNotes": null,
    "offeringUnitCode": "11",
    "offeringUnitTitle": null,
    "title": "AGROECOLOGY",
    "courseDescription": null,
    "preReqNotes": null,
    "sections": [
      {
        "sectionEligibility": "JUNIORS AND SENIORS ",
        "sessionDatePrintIndicator": "N",
        "examCode": "C",
        "specialPermissionAddCode": null,
        "crossListedSections": [],
        "sectionNotes": "CLASS LEVEL: JUNIOR SENIOR",
        "specialPermissionDropCode": null,
        "instructors": [
          {
            "name": "ROBSON, MARK"
          }
        ],
        "number": "01",
        "majors": [],
        "sessionDates": null,
        "specialPermissionDropCodeDescription": null,
        "subtopic": null,
        "openStatus": true,
        "comments": [],
        "minors": [],
        "campusCode": "NB",
        "index": "12107",
        "unitMajors": [],
        "printed": "Y",
        "specialPermissionAddCodeDescription": null,
        "subtitle": null,
        "meetingTimes": [
          {
            "campusLocation": "O",
            "baClassHours": null,
            "roomNumber": null,
            "pmCode": "P",
            "campusAbbrev": "**",
            "campusName": "** INVALID **",
            "meetingDay": "TH",
            "buildingCode": null,
            "startTime": "0600",
            "endTime": "0900",
            "meetingModeDesc": "LEC",
            "meetingModeCode": "02"
          }
        ],
        "legendKey": null,
        "honorPrograms": []
      }
    ],
    "supplementCode": "  ",
    "credits": 3,
    "unitNotes": null,
    "coreCodes": [],
    "courseNotes": null,
    "expandedTitle": "AGROECOLOGY                                                                     "
  },
  {
    "subjectNotes": null,
    "courseNumber": "452",
    "subject": "776",
    "campusCode": "NB",
    "openSections": 1,
    "synopsisUrl": "https://plantbiology.rutgers.edu/undergrad/plantbiology/courses/courselistings.html",
    "subjectGroupNotes": null,
    "offeringUnitCode": "11",
    "offeringUnitTitle": null,
    "title": "PLNT TISS CULT@ ENGN",
    "courseDescription": null,
    "preReqNotes": "(11:776:210 )<em> OR </em>(11:776:211 )<em> OR </em>(11:776:241 )<em> OR </em>(11:776:242 )",
    "sections": [
      {
        "sectionEligibility": null,
        "sessionDatePrintIndicator": "N",
        "examCode": "C",
        "specialPermissionAddCode": null,
        "crossListedSections": [],
        "sectionNotes": null,
        "specialPermissionDropCode": null,
        "instructors": [
          {
            "name": "CURRY, TIEMI"
          },
          {
            "name": "DI, RONG"
          }
        ],
        "number": "01",
        "majors": [],
        "sessionDates": null,
        "specialPermissionDropCodeDescription": null,
        "subtopic": null,
        "openStatus": true,
        "comments": [
          {
            "code": "35",
            "description": "See online schedule for prereqs"
          },
          {
            "code": "05",
            "description": "Go to http://canvas.rutgers.edu"
          }
        ],
        "minors": [],
        "campusCode": "NB",
        "index": "12108",
        "unitMajors": [],
        "printed": "Y",
        "specialPermissionAddCodeDescription": null,
        "subtitle": "PLANT TISSUE CULTURE AND ENGINEERING    ",
        "meetingTimes": [
          {
            "campusLocation": "4",
            "baClassHours": null,
            "roomNumber": "104",
            "pmCode": "A",
            "campusAbbrev": "D/C",
            "campusName": "DOUGLAS/COOK",
            "meetingDay": "T",
            "buildingCode": "FOR",
            "startTime": "1020",
            "endTime": "0120",
            "meetingModeDesc": "LAB",
            "meetingModeCode": "05"
          },
          {
            "campusLocation": "4",
            "baClassHours": null,
            "roomNumber": "104",
            "pmCode": "A",
            "campusAbbrev": "D/C",
            "campusName": "DOUGLAS/COOK",
            "meetingDay": "TH",
            "buildingCode": "FOR",
            "startTime": "1020",
            "endTime": "1140",
            "meetingModeDesc": "LEC",
            "meetingModeCode": "02"
          }
        ],
        "legendKey": null,
        "honorPrograms": []
      }
    ],
    "supplementCode": "  ",
    "credits": 3,
    "unitNotes": null,
    "coreCodes": [],
    "courseNotes": null,
    "expandedTitle": "PLANT TISSUE CULTURE AND ENGINEERING                                            "
  },
  {
    "subjectNotes": null,
    "courseNumber": "496",
    "subject": "776",
    "campusCode": "NB",
    "openSections": 1,
    "synopsisUrl": "https://plantbiology.rutgers.edu/undergrad/plantbiology/courses/courselistings.html",
    "subjectGroupNotes": null,
    "offeringUnitCode": "11",
    "offeringUnitTitle": null,
    "title": "SPEC PROBS PLANT SCI",
    "courseDescription": null,
    "preReqNotes": null,
    "sections": [
      {
        "sectionEligibility": null,
        "sessionDatePrintIndicator": "N",
        "examCode": "A",
        "specialPermissionAddCode": "04",
        "crossListedSections": [],
        "sectionNotes": "GO TO HTTPS://PLANTBIOLOGY.RUTGERS.EDU/UNDERGRAD/PLANTBIOLOGY/EXPERIENCE-BASED-EDUCATION-GUIDELINES.HTML",
        "specialPermissionDropCode": null,
        "instructors": [],
        "number": "01",
        "majors": [],
        "sessionDates": null,
        "specialPermissionDropCodeDescription": null,
        "subtopic": null,
        "openStatus": true,
        "comments": [],
        "minors": [],
        "campusCode": "NB",
        "index": "12109",
        "unitMajors": [],
        "printed": "Y",
        "specialPermissionAddCodeDescription": "Instructor",
        "subtitle": null,
        "meetingTimes": [
          {
            "campusLocation": null,
            "baClassHours": "B",
            "roomNumber": null,
            "pmCode": null,
            "campusAbbrev": null,
            "campusName": null,
            "meetingDay": null,
            "buildingCode": null,
            "startTime": null,
            "endTime": null,
            "meetingModeDesc": "LEC",
            "meetingModeCode": "02"
          }
        ],
        "legendKey": null,
        "honorPrograms": []
      }
    ],
    "supplementCode": "  ",
    "credits": null,
    "unitNotes": null,
    "coreCodes": [],
    "courseNotes": "Special Permission by Dr. Patel. Complete and submit learning contract as per guidelines (https://plantbiology.rutgers.edu/undergrad/plantbiology/experience-based-education-guidelines.html) to receive SPN",
    "expandedTitle": null
  }
]