[
  {
    "subjectNotes": null,
    "courseNumber": "177",
    "subject": "723",
    "campusCode": "NB",
    "openSections": 1,
    "synopsisUrl": null,
    "subjectGroupNotes": null,
    "offeringUnitCode": "01",
    "offeringUnitTitle": null,
    "title": "ELEM PERSIAN II",
    "courseDescription": null,
    "preReqNotes": "(01:013:176 )<em> OR </em>(01:723:176 )",
    "sections": [
      {
        "sectionEligibility": null,
        "sessionDatePrintIndicator": "N",
        "examCode": "C",
        "specialPermissionAddCode": null,
        "crossListedSections": [
          {
            "courseNumber": "177",
            "supplementCode": "  ",
            "sectionNumber": "01",
            "offeringUnitCampus": "NB",
            "primaryRegistrationIndex": "05417",
            "offeringUnitCode": "01",
            "registrationIndex": "05416",
            "subjectCode": "013"
          }
        ],
        "sectionNotes": "PREREQ: 01:013:176 01:723:176OR PLACEMENT TEST",
        "specialPermissionDropCode": null,
        "instructors": [
          {
            "name": "PAYDAR, FERI"
          }
        ],
        "number": "01",
        "majors": [],
        "sessionDates": null,
        "specialPermissionDropCodeDescription": null,
        "subtopic": null,
        "openStatus": true,
        "comments": [
          {
            "code": "35",
            "description": "See online schedule for prereqs"
          },
          {
            "code": "05",
            "description": "Go to http://canvas.rutgers.edu"
          },
          {
            "code": "AP",
            "description": "Big Ten Academic Alliance CourseShare offering hosted by Rutgers"
          }
        ],
        "minors": [],
        "campusCode": "NB",
        "index": "05417",
        "unitMajors": [],
        "printed": "Y",
        "specialPermissionAddCodeDescription": null,
        "subtitle": null,
        "meetingTimes": [
          {
            "campusLocation": "5",
            "baClassHours": null,
            "roomNumber": "403",
            "pmCode": "A",
            "campusAbbrev": "DNB",
            "campusName": "DOWNTOWN NB",
            "meetingDay": "TH",
            "buildingCode": "SPR",
            "startTime": "1020",
            "endTime": "1140",
            "meetingModeDesc": "LEC",
            "meetingModeCode": "02"
          },
          {
            "campusLocation": "O",
            "baClassHours": "B",
            "roomNumber": null,
            "pmCode": null,
            "campusAbbrev": "**",
            "campusName": "** INVALID **",
            "meetingDay": null,
            "buildingCode": null,
            "startTime": null,
            "endTime": null,
            "meetingModeDesc": "ONLINE INSTRUCTION(INTERNET)",
            "meetingModeCode": "90"
          },
          {
            "campusLocation": "5",
            "baClassHours": null,
            "roomNumber": "403",
            "pmCode": "A",
            "campusAbbrev": "DNB",
            "campusName": "DOWNTOWN NB",
            "meetingDay": "M",
            "buildingCode": "SPR",
            "startTime": "1020",
            "endTime": "1140",
            "meetingModeDesc": "LEC",
            "meetingModeCode": "02"
          }
        ],
        "legendKey": null,
        "honorPrograms": []
      }
    ],
    "supplementCode": "  ",
    "credits": 4,
    "unitNotes": null,
    "coreCodes": [],
    "courseNotes": null,
    "expandedTitle": "ELEMENTARY PERSIAN II                                                           "
  },
  {
    "subjectNotes": null,
    "courseNumber": "277",
    "subject": "723",
    "campusCode": "NB",
    "openSections": 1,
    "synopsisUrl": null,
    "subjectGroupNotes": null,
    "offeringUnitCode": "01",
    "offeringUnitTitle": null,
    "title": "INTERM PERSIAN II",
    "courseDescription": null,
    "preReqNotes": "(01:013:276 )<em> OR </em>(01:723:276 )",
    "sections": [
      {
        "sectionEligibility": null,
        "sessionDatePrintIndicator": "N",
        "examCode": "C",
        "specialPermissionAddCode": null,
        "crossListedSections": [
          {
            "courseNumber": "277",
            "supplementCode": "  ",
            "sectionNumber": "01",
            "offeringUnitCampus": "NB",
            "primaryRegistrationIndex": "05445",
            "offeringUnitCode": "01",
            "registrationIndex": "05444",
            "subjectCode": "013"
          }
        ],
        "sectionNotes": "PREREQ: 01:013:276 OR 01:723:276OR PLACEMENT",
        "specialPermissionDropCode": null,
        "instructors": [
          {
            "name": "PAYDAR, FERI"
          }
        ],
        "number": "01",
        "majors": [],
        "sessionDates": null,
        "specialPermissionDropCodeDescription": null,
        "subtopic": null,
        "openStatus": true,
        "comments": [
          {
            "code": "35",
            "description": "See online schedule for prereqs"
          },
          {
            "code": "05",
            "description": "Go to http://canvas.rutgers.edu"
          },
          {
            "code": "AP",
            "description": "Big Ten Academic Alliance CourseShare offering hosted by Rutgers"
          }
        ],
        "minors": [],
        "campusCode": "NB",
        "index": "05445",
        "unitMajors": [],
        "printed": "Y",
        "specialPermissionAddCodeDescription": null,
        "subtitle": null,
        "meetingTimes": [
          {
            "campusLocation": "5",
            "baClassHours": null,
            "roomNumber": "403",
            "pmCode": "P",
            "campusAbbrev": "DNB",
            "campusName": "DOWNTOWN NB",
            "meetingDay": "M",
            "buildingCode": "SPR",
            "startTime": "1210",
            "endTime": "0130",
            "meetingModeDesc": "LEC",
            "meetingModeCode": "02"
          },
          {
            "campusLocation": "O",
            "baClassHours": "B",
            "roomNumber": null,
            "pmCode": null,
            "campusAbbrev": "**",
            "campusName": "** INVALID **",
            "meetingDay": null,
            "buildingCode": null,
            "startTime": null,
            "endTime": null,
            "meetingModeDesc": "ONLINE INSTRUCTION(INTERNET)",
            "meetingModeCode": "90"
          },
          {
            "campusLocation": "5",
            "baClassHours": null,
            "roomNumber": "403",
            "pmCode": "P",
            "campusAbbrev": "DNB",
            "campusName": "DOWNTOWN NB",
            "meetingDay": "TH",
            "buildingCode": "SPR",
            "startTime": "1210",
            "endTime": "0130",
            "meetingModeDesc": "LEC",
            "meetingModeCode": "02"
          }
        ],
        "legendKey": null,
        "honorPrograms": []
      }
    ],
    "supplementCode": "  ",
    "credits": 4,
    "unitNotes": null,
    "coreCodes": [],
    "courseNotes": null,
    "expandedTitle": "INTERMEDIATE PERSIAN II                                                         "
  }
]