[
  {
    "subjectNotes": "NO SPECIAL PERMISSION WILL BE GRANTED FOR RUTGERS BUSINESS SCHOOL-UNDERGRADUATE NB COURSES.",
    "courseNumber": "301",
    "subject": "799",
    "campusCode": "NB",
    "openSections": 4,
    "synopsisUrl": "http://www.business.rutgers.edu/undergrad-new-brunswick/academics/scm/curriculum",
    "subjectGroupNotes": null,
    "offeringUnitCode": "33",
    "offeringUnitTitle": null,
    "title": "INTR SUPPLY CHAIN",
    "courseDescription": null,
    "preReqNotes": null,
    "sections": [
      {
        "sectionEligibility": "ALL EXCEPT 1ST YEAR ",
        "sessionDatePrintIndicator": "N",
        "examCode": "C",
        "specialPermissionAddCode": null,
        "crossListedSections": [],
        "sectionNotes": null,
        "specialPermissionDropCode": null,
        "instructors": [
          {
            "name": "WOHLFAHRT"
          }
        ],
        "number": "02",
        "majors": [
          {
            "code": "14",
            "isUnitCode": true,
            "isMajorCode": false
          },
          {
            "code": "33",
            "isUnitCode": true,
            "isMajorCode": false
          }
        ],
        "sessionDates": null,
        "specialPermissionDropCodeDescription": null,
        "subtopic": null,
        "openStatus": true,
        "comments": [],
        "minors": [
          {
            "code": "135"
          }
        ],
        "campusCode": "NB",
        "index": "18965",
        "unitMajors": [],
        "printed": "Y",
        "specialPermissionAddCodeDescription": null,
        "subtitle": null,
        "meetingTimes": [
          {
            "campusLocation": "3",
            "baClassHours": null,
            "roomNumber": "A143",
            "pmCode": "P",
            "campusAbbrev": "LIV",
            "campusName": "LIVINGSTON",
            "meetingDay": "M",
            "buildingCode": "LSH",
            "startTime": "0540",
            "endTime": "0700",
            "meetingModeDesc": "LEC",
            "meetingModeCode": "02"
          },
          {
            "campusLocation": "3",
            "baClassHours": null,
            "roomNumber": "A143",
            "pmCode": "P",
            "campusAbbrev": "LIV",
            "campusName": "LIVINGSTON",
            "meetingDay": "W",
            "buildingCode": "LSH",
            "startTime": "0540",
            "endTime": "0700",
            "meetingModeDesc": "LEC",
            "meetingModeCode": "02"
          }
        ],
        "legendKey": null,
        "honorPrograms": []
      },
      {
        "sectionEligibility": "ALL EXCEPT 1ST YEAR ",
        "sessionDatePrintIndicator": "N",
        "examCode": "C",
        "specialPermissionAddCode": null,
        "crossListedSections": [],
        "sectionNotes": null,
        "specialPermissionDropCode": null,
        "instructors": [
          {
            "name": "BELL, G. TONY"
          }
        ],
        "number": "03",
        "majors": [
          {
            "code": "33",
            "isUnitCode": true,
            "isMajorCode": false
          },
          {
            "code": "14",
            "isUnitCode": true,
            "isMajorCode": false
          }
        ],
        "sessionDates": null,
        "specialPermissionDropCodeDescription": null,
        "subtopic": null,
        "openStatus": true,
        "comments": [
          {
            "code": "05",
            "description": "Go to http://canvas.rutgers.edu"
          }
        ],
        "minors": [
          {
            "code": "135"
          }
        ],
        "campusCode": "NB",
        "index": "17206",
        "unitMajors": [],
        "printed": "Y",
        "specialPermissionAddCodeDescription": null,
        "subtitle": null,
        "meetingTimes": [
          {
            "campusLocation": "3",
            "baClassHours": null,
            "roomNumber": "4085",
            "pmCode": "P",
            "campusAbbrev": "LIV",
            "campusName": "LIVINGSTON",
            "meetingDay": "T",
            "buildingCode": "BRR",
            "startTime": "1210",
            "endTime": "0130",
            "meetingModeDesc": "LEC",
            "meetingModeCode": "02"
          },
          {
            "campusLocation": "3",
            "baClassHours": null,
            "roomNumber": "4085",
            "pmCode": "P",
            "campusAbbrev": "LIV",
            "campusName": "LIVINGSTON",
            "meetingDay": "F",
            "buildingCode": "BRR",
            "startTime": "1210",
            "endTime": "0130",
            "meetingModeDesc": "LEC",
            "meetingModeCode": "02"
          }
        ],
        "legendKey": null,
        "honorPrograms": []
      },
      {
        "sectionEligibility": "ALL EXCEPT 1ST YEAR ",
        "sessionDatePrintIndicator": "N",
        "examCode": "C",
        "specialPermissionAddCode": null,
        "crossListedSections": [],
        "sectionNotes": null,
        "specialPermissionDropCode": null,
        "instructors": [
          {
            "name": "RAMAN, SUNDAR"
          }
        ],
        "number": "04",
        "majors": [
          {
            "code": "33",
            "isUnitCode": true,
            "isMajorCode": false
          },
          {
            "code": "14",
            "isUnitCode": true,
            "isMajorCode": false
          }
        ],
        "sessionDates": null,
        "specialPermissionDropCodeDescription": null,
        "subtopic": null,
        "openStatus": true,
        "comments": [
          {
            "code": "05",
            "description": "Go to http://canvas.rutgers.edu"
          }
        ],
        "minors": [
          {
            "code": "135"
          }
        ],
        "campusCode": "NB",
        "index": "17207",
        "unitMajors": [],
        "printed": "Y",
        "specialPermissionAddCodeDescription": null,
        "subtitle": null,
        "meetingTimes": [
          {
            "campusLocation": "3",
            "baClassHours": null,
            "roomNumber": "254",
            "pmCode": "A",
            "campusAbbrev": "LIV",
            "campusName": "LIVINGSTON",
            "meetingDay": "M",
            "buildingCode": "TIL",
            "startTime": "1020",
            "endTime": "1140",
            "meetingModeDesc": "LEC",
            "meetingModeCode": "02"
          },
          {
            "campusLocation": "3",
            "baClassHours": null,
            "roomNumber": "254",
            "pmCode": "A",
            "campusAbbrev": "LIV",
            "campusName": "LIVINGSTON",
            "meetingDay": "TH",
            "buildingCode": "TIL",
            "startTime": "1020",
            "endTime": "1140",
            "meetingModeDesc": "LEC",
            "meetingModeCode": "02"
          }
        ],
        "legendKey": null,
        "honorPrograms": []
      },
      {
        "sectionEligibility": "ALL EXCEPT 1ST YEAR ",
        "sessionDatePrintIndicator": "N",
        "examCode": "C",
        "specialPermissionAddCode": null,
        "crossListedSections": [],
        "sectionNotes": null,
        "specialPermissionDropCode": null,
        "instructors": [
          {
            "name": "TAITT, ANTHONY"
          }
        ],
        "number": "05",
        "majors": [
          {
            "code": "33",
            "isUnitCode": true,
            "isMajorCode": false
          },
          {
            "code": "14",
            "isUnitCode": true,
            "isMajorCode": false
          }
        ],
        "sessionDates": null,
        "specialPermissionDropCodeDescription": null,
        "subtopic": null,
        "openStatus": true,
        "comments": [
          {
            "code": "05",
            "description": "Go to http://canvas.rutgers.edu"
          }
        ],
        "minors": [
          {
            "code": "135"
          }
        ],
        "campusCode": "NB",
        "index": "17208",
        "unitMajors": [],
        "printed": "Y",
        "specialPermissionAddCodeDescription": null,
        "subtitle": null,
        "meetingTimes": [
          {
            "campusLocation": "3",
            "baClassHours": null,
            "roomNumber": "2071",
            "pmCode": "P",
            "campusAbbrev": "LIV",
            "campusName": "LIVINGSTON",
            "meetingDay": "TH",
            "buildingCode": "BRR",
            "startTime": "1210",
            "endTime": "0130",
            "meetingModeDesc": "LEC",
            "meetingModeCode": "02"
          },
          {
            "campusLocation": "3",
            "baClassHours": null,
            "roomNumber": "2071",
            "pmCode": "P",
            "campusAbbrev": "LIV",
            "campusName": "LIVINGSTON",
            "meetingDay": "M",
            "buildingCode": "BRR",
            "startTime": "1210",
            "endTime": "0130",
            "meetingModeDesc": "LEC",
            "meetingModeCode": "02"
          }
        ],
        "legendKey": null,
        "honorPrograms": []
      },
      {
        "sectionEligibility": "ALL EXCEPT 1ST YEAR ",
        "sessionDatePrintIndicator": "N",
        "examCode": "C",
        "specialPermissionAddCode": null,
        "crossListedSections": [],
        "sectionNotes": null,
        "specialPermissionDropCode": null,
        "instructors": [
          {
            "name": "TAITT, ANTHONY"
          }
        ],
        "number": "09",
        "majors": [
          {
            "code": "14",
            "isUnitCode": true,
            "isMajorCode": false
          },
          {
            "code": "33",
            "isUnitCode": true,
            "isMajorCode": false
          }
        ],
        "sessionDates": null,
        "specialPermissionDropCodeDescription": null,
        "subtopic": null,
        "openStatus": false,
        "comments": [
          {
            "code": "05",
            "description": "Go to http://canvas.rutgers.edu"
          }
        ],
        "minors": [
          {
            "code": "135"
          }
        ],
        "campusCode": "NB",
        "index": "17209",
        "unitMajors": [],
        "printed": "Y",
        "specialPermissionAddCodeDescription": null,
        "subtitle": null,
        "meetingTimes": [
          {
            "campusLocation": "3",
            "baClassHours": null,
            "roomNumber": "257",
            "pmCode": "P",
            "campusAbbrev": "LIV",
            "campusName": "LIVINGSTON",
            "meetingDay": "M",
            "buildingCode": "TIL",
            "startTime": "0350",
            "endTime": "0510",
            "meetingModeDesc": "LEC",
            "meetingModeCode": "02"
          },
          {
            "campusLocation": "3",
            "baClassHours": null,
            "roomNumber": "257",
            "pmCode": "P",
            "campusAbbrev": "LIV",
            "campusName": "LIVINGSTON",
            "meetingDay": "W",
            "buildingCode": "TIL",
            "startTime": "0350",
            "endTime": "0510",
            "meetingModeDesc": "LEC",
            "meetingModeCode": "02"
          }
        ],
        "legendKey": null,
        "honorPrograms": []
      },
      {
        "sectionEligibility": "ALL EXCEPT 1ST YEAR ",
        "sessionDatePrintIndicator": "N",
        "examCode": "A",
        "specialPermissionAddCode": null,
        "crossListedSections": [],
        "sectionNotes": null,
        "specialPermissionDropCode": null,
        "instructors": [
          {
            "name": "MCLAURY"
          }
        ],
        "number": "90",
        "majors": [
          {
            "code": "14",
            "isUnitCode": true,
            "isMajorCode": false
          },
          {
            "code": "33",
            "isUnitCode": true,
            "isMajorCode": false
          }
        ],
        "sessionDates": null,
        "specialPermissionDropCodeDescription": null,
        "subtopic": null,
        "openStatus": false,
        "comments": [
          {
            "code": "05",
            "description": "Go to http://canvas.rutgers.edu"
          }
        ],
        "minors": [
          {
            "code": "135"
          }
        ],
        "campusCode": "NB",
        "index": "17210",
        "unitMajors": [],
        "printed": "Y",
        "specialPermissionAddCodeDescription": null,
        "subtitle": null,
        "meetingTimes": [
          {
            "campusLocation": "O",
            "baClassHours": "B",
            "roomNumber": null,
            "pmCode": null,
            "campusAbbrev": "**",
            "campusName": "** INVALID **",
            "meetingDay": null,
            "buildingCode": null,
            "startTime": null,
            "endTime": null,
            "meetingModeDesc": "ONLINE INSTRUCTION(INTERNET)",
            "meetingModeCode": "90"
          }
        ],
        "legendKey": null,
        "honorPrograms": []
      },
      {
        "sectionEligibility": "ALL EXCEPT 1ST YEAR ",
        "sessionDatePrintIndicator": "N",
        "examCode": "A",
        "specialPermissionAddCode": null,
        "crossListedSections": [],
        "sectionNotes": null,
        "specialPermissionDropCode": null,
        "instructors": [
          {
            "name": "MCLAURY"
          }
        ],
        "number": "91",
        "majors": [
          {
            "code": "33",
            "isUnitCode": true,
            "isMajorCode": false
          },
          {
            "code": "14",
            "isUnitCode": true,
            "isMajorCode": false
          }
        ],
        "sessionDates": null,
        "specialPermissionDropCodeDescription": null,
        "subtopic": null,
        "openStatus": false,
        "comments": [
          {
            "code": "05",
            "description": "Go to http://canvas.rutgers.edu"
          }
        ],
        "minors": [
          {
            "code": "135"
          }
        ],
        "campusCode": "NB",
        "index": "17211",
        "unitMajors": [],
        "printed": "Y",
        "specialPermissionAddCodeDescription": null,
        "subtitle": null,
        "meetingTimes": [
          {
            "campusLocation": "O",
            "baClassHours": "B",
            "roomNumber": null,
            "pmCode": null,
            "campusAbbrev": "**",
            "campusName": "** INVALID **",
            "meetingDay": null,
            "buildingCode": null,
            "startTime": null,
            "endTime": null,
            "meetingModeDesc": "ONLINE INSTRUCTION(INTERNET)",
            "meetingModeCode": "90"
          }
        ],
        "legendKey": null,
        "honorPrograms": []
      },
      {
        "sectionEligibility": "ALL EXCEPT 1ST YEAR ",
        "sessionDatePrintIndicator": "N",
        "examCode": "A",
        "specialPermissionAddCode": null,
        "crossListedSections": [],
        "sectionNotes": "HONORS PROGRAM/COLLEGE ONLY",
        "specialPermissionDropCode": null,
        "instructors": [
          {
            "name": "MCLAURY"
          }
        ],
        "number": "H1",
        "majors": [
          {
            "code": "33",
            "isUnitCode": true,
            "isMajorCode": false
          }
        ],
        "sessionDates": null,
        "specialPermissionDropCodeDescription": null,
        "subtopic": null,
        "openStatus": false,
        "comments": [
          {
            "code": "05",
            "description": "Go to http://canvas.rutgers.edu"
          },
          {
            "code": "81",
            "description": "H sections for honors students only"
          }
        ],
        "minors": [
          {
            "code": "135"
          }
        ],
        "campusCode": "NB",
        "index": "17212",
        "unitMajors": [],
        "printed": "Y",
        "specialPermissionAddCodeDescription": null,
        "subtitle": null,
        "meetingTimes": [
          {
            "campusLocation": "O",
            "baClassHours": "B",
            "roomNumber": null,
            "pmCode": null,
            "campusAbbrev": "**",
            "campusName": "** INVALID **",
            "meetingDay": null,
            "buildingCode": null,
            "startTime": null,
            "endTime": null,
            "meetingModeDesc": "ONLINE INSTRUCTION(INTERNET)",
            "meetingModeCode": "90"
          }
        ],
        "legendKey": null,
        "honorPrograms": [
          {
            "code": "A"
          }
        ]
      }
    ],
    "supplementCode": "  ",
    "credits": 3,
    "unitNotes": null,
    "coreCodes": [],
    "courseNotes": null,
    "expandedTitle": "INTRODUCTION TO SUPPLY CHAIN MANAGEMENT                                         "
  },
  {
    "subjectNotes": "NO SPECIAL PERMISSION WILL BE GRANTED FOR RUTGERS BUSINESS SCHOOL-UNDERGRADUATE NB COURSES.",
    "courseNumber": "305",
    "subject": "799",
    "campusCode": "NB",
    "openSections": 3,
    "synopsisUrl": "http://www.business.rutgers.edu/undergrad-new-brunswick/academics/scm/curriculum",
    "subjectGroupNotes": null,
    "offeringUnitCode": "33",
    "offeringUnitTitle": null,
    "title": "PROC GLOB SORC STR",
    "courseDescription": null,
    "preReqNotes": "(33:799:301 )<em> OR </em>(29:799:301 )",
    "sections": [
      {
        "sectionEligibility": "ALL EXCEPT 1ST YEAR ",
        "sessionDatePrintIndicator": "N",
        "examCode": "C",
        "specialPermissionAddCode": null,
        "crossListedSections": [],
        "sectionNotes": null,
        "specialPermissionDropCode": null,
        "instructors": [],
        "number": "01",
        "majors": [
          {
            "code": "799",
            "isUnitCode": false,
            "isMajorCode": true
          }
        ],
        "sessionDates": null,
        "specialPermissionDropCodeDescription": null,
        "subtopic": null,
        "openStatus": true,
        "comments": [
          {
            "code": "05",
            "description": "Go to http://canvas.rutgers.edu"
          }
        ],
        "minors": [],
        "campusCode": "NB",
        "index": "17213",
        "unitMajors": [],
        "printed": "Y",
        "specialPermissionAddCodeDescription": null,
        "subtitle": null,
        "meetingTimes": [
          {
            "campusLocation": "3",
            "baClassHours": null,
            "roomNumber": "3085",
            "pmCode": "P",
            "campusAbbrev": "LIV",
            "campusName": "LIVINGSTON",
            "meetingDay": "F",
            "buildingCode": "BRR",
            "startTime": "1210",
            "endTime": "0130",
            "meetingModeDesc": "LEC",
            "meetingModeCode": "02"
          },
          {
            "campusLocation": "3",
            "baClassHours": null,
            "roomNumber": "3085",
            "pmCode": "P",
            "campusAbbrev": "LIV",
            "campusName": "LIVINGSTON",
            "meetingDay": "T",
            "buildingCode": "BRR",
            "startTime": "1210",
            "endTime": "0130",
            "meetingModeDesc": "LEC",
            "meetingModeCode": "02"
          }
        ],
        "legendKey": null,
        "honorPrograms": []
      },
      {
        "sectionEligibility": "ALL EXCEPT 1ST YEAR ",
        "sessionDatePrintIndicator": "N",
        "examCode": "S",
        "specialPermissionAddCode": null,
        "crossListedSections": [],
        "sectionNotes": null,
        "specialPermissionDropCode": null,
        "instructors": [
          {
            "name": "BELL, G. TONY"
          }
        ],
        "number": "02",
        "majors": [
          {
            "code": "799",
            "isUnitCode": false,
            "isMajorCode": true
          }
        ],
        "sessionDates": null,
        "specialPermissionDropCodeDescription": null,
        "subtopic": null,
        "openStatus": true,
        "comments": [
          {
            "code": "05",
            "description": "Go to http://canvas.rutgers.edu"
          }
        ],
        "minors": [],
        "campusCode": "NB",
        "index": "17214",
        "unitMajors": [],
        "printed": "Y",
        "specialPermissionAddCodeDescription": null,
        "subtitle": null,
        "meetingTimes": [
          {
            "campusLocation": "3",
            "baClassHours": null,
            "roomNumber": "3071",
            "pmCode": "P",
            "campusAbbrev": "LIV",
            "campusName": "LIVINGSTON",
            "meetingDay": "TH",
            "buildingCode": "BRR",
            "startTime": "0730",
            "endTime": "1030",
            "meetingModeDesc": "LEC",
            "meetingModeCode": "02"
          }
        ],
        "legendKey": null,
        "honorPrograms": []
      },
      {
        "sectionEligibility": "ALL EXCEPT 1ST YEAR ",
        "sessionDatePrintIndicator": "N",
        "examCode": "S",
        "specialPermissionAddCode": null,
        "crossListedSections": [],
        "sectionNotes": null,
        "specialPermissionDropCode": null,
        "instructors": [],
        "number": "03",
        "majors": [
          {
            "code": "799",
            "isUnitCode": false,
            "isMajorCode": true
          }
        ],
        "sessionDates": null,
        "specialPermissionDropCodeDescription": null,
        "subtopic": null,
        "openStatus": true,
        "comments": [
          {
            "code": "05",
            "description": "Go to http://canvas.rutgers.edu"
          }
        ],
        "minors": [],
        "campusCode": "NB",
        "index": "17215",
        "unitMajors": [],
        "printed": "Y",
        "specialPermissionAddCodeDescription": null,
        "subtitle": null,
        "meetingTimes": [
          {
            "campusLocation": "3",
            "baClassHours": null,
            "roomNumber": "5085",
            "pmCode": "P",
            "campusAbbrev": "LIV",
            "campusName": "LIVINGSTON",
            "meetingDay": "M",
            "buildingCode": "BRR",
            "startTime": "0730",
            "endTime": "1030",
            "meetingModeDesc": "LEC",
            "meetingModeCode": "02"
          }
        ],
        "legendKey": null,
        "honorPrograms": []
      }
    ],
    "supplementCode": "  ",
    "credits": 3,
    "unitNotes": null,
    "coreCodes": [],
    "courseNotes": null,
    "expandedTitle": "PROCUREMENT AND GLOBAL SOURCING STRATEGY                                        "
  },
  {
    "subjectNotes": "NO SPECIAL PERMISSION WILL BE GRANTED FOR RUTGERS BUSINESS SCHOOL-UNDERGRADUATE NB COURSES.",
    "courseNumber": "310",
    "subject": "799",
    "campusCode": "NB",
    "openSections": 2,
    "synopsisUrl": "http://www.business.rutgers.edu/undergrad-new-brunswick/academics/scm/curriculum",
    "subjectGroupNotes": null,
    "offeringUnitCode": "33",
    "offeringUnitTitle": null,
    "title": "DEMAND PLAN & FULFIL",
    "courseDescription": null,
    "preReqNotes": "(33:799:301 )<em> OR </em>(29:799:301 )",
    "sections": [
      {
        "sectionEligibility": "ALL EXCEPT 1ST YEAR ",
        "sessionDatePrintIndicator": "N",
        "examCode": "C",
        "specialPermissionAddCode": null,
        "crossListedSections": [],
        "sectionNotes": null,
        "specialPermissionDropCode": null,
        "instructors": [
          {
            "name": "DREYFUS, DAVID"
          }
        ],
        "number": "01",
        "majors": [
          {
            "code": "799",
            "isUnitCode": false,
            "isMajorCode": true
          }
        ],
        "sessionDates": null,
        "specialPermissionDropCodeDescription": null,
        "subtopic": null,
        "openStatus": true,
        "comments": [
          {
            "code": "05",
            "description": "Go to http://canvas.rutgers.edu"
          }
        ],
        "minors": [],
        "campusCode": "NB",
        "index": "17216",
        "unitMajors": [],
        "printed": "Y",
        "specialPermissionAddCodeDescription": null,
        "subtitle": null,
        "meetingTimes": [
          {
            "campusLocation": "3",
            "baClassHours": null,
            "roomNumber": "250",
            "pmCode": "P",
            "campusAbbrev": "LIV",
            "campusName": "LIVINGSTON",
            "meetingDay": "W",
            "buildingCode": "BE",
            "startTime": "0200",
            "endTime": "0320",
            "meetingModeDesc": "LEC",
            "meetingModeCode": "02"
          },
          {
            "campusLocation": "3",
            "baClassHours": null,
            "roomNumber": "250",
            "pmCode": "P",
            "campusAbbrev": "LIV",
            "campusName": "LIVINGSTON",
            "meetingDay": "M",
            "buildingCode": "BE",
            "startTime": "0200",
            "endTime": "0320",
            "meetingModeDesc": "LEC",
            "meetingModeCode": "02"
          }
        ],
        "legendKey": null,
        "honorPrograms": []
      },
      {
        "sectionEligibility": "ALL EXCEPT 1ST YEAR ",
        "sessionDatePrintIndicator": "N",
        "examCode": "C",
        "specialPermissionAddCode": null,
        "crossListedSections": [],
        "sectionNotes": null,
        "specialPermissionDropCode": null,
        "instructors": [
          {
            "name": "DREYFUS, DAVID"
          }
        ],
        "number": "02",
        "majors": [
          {
            "code": "799",
            "isUnitCode": false,
            "isMajorCode": true
          }
        ],
        "sessionDates": null,
        "specialPermissionDropCodeDescription": null,
        "subtopic": null,
        "openStatus": false,
        "comments": [
          {
            "code": "05",
            "description": "Go to http://canvas.rutgers.edu"
          }
        ],
        "minors": [],
        "campusCode": "NB",
        "index": "17217",
        "unitMajors": [],
        "printed": "Y",
        "specialPermissionAddCodeDescription": null,
        "subtitle": null,
        "meetingTimes": [
          {
            "campusLocation": "3",
            "baClassHours": null,
            "roomNumber": "5117",
            "pmCode": "A",
            "campusAbbrev": "LIV",
            "campusName": "LIVINGSTON",
            "meetingDay": "W",
            "buildingCode": "BRR",
            "startTime": "1020",
            "endTime": "0120",
            "meetingModeDesc": "LEC",
            "meetingModeCode": "02"
          }
        ],
        "legendKey": null,
        "honorPrograms": []
      },
      {
        "sectionEligibility": "ALL EXCEPT 1ST YEAR ",
        "sessionDatePrintIndicator": "N",
        "examCode": "S",
        "specialPermissionAddCode": null,
        "crossListedSections": [],
        "sectionNotes": null,
        "specialPermissionDropCode": null,
        "instructors": [
          {
            "name": "RESNICK, LEE"
          }
        ],
        "number": "04",
        "majors": [
          {
            "code": "799",
            "isUnitCode": false,
            "isMajorCode": true
          }
        ],
        "sessionDates": null,
        "specialPermissionDropCodeDescription": null,
        "subtopic": null,
        "openStatus": true,
        "comments": [
          {
            "code": "05",
            "description": "Go to http://canvas.rutgers.edu"
          }
        ],
        "minors": [],
        "campusCode": "NB",
        "index": "17219",
        "unitMajors": [],
        "printed": "Y",
        "specialPermissionAddCodeDescription": null,
        "subtitle": null,
        "meetingTimes": [
          {
            "campusLocation": "3",
            "baClassHours": null,
            "roomNumber": "1071",
            "pmCode": "P",
            "campusAbbrev": "LIV",
            "campusName": "LIVINGSTON",
            "meetingDay": "W",
            "buildingCode": "BRR",
            "startTime": "0730",
            "endTime": "1030",
            "meetingModeDesc": "LEC",
            "meetingModeCode": "02"
          }
        ],
        "legendKey": null,
        "honorPrograms": []
      }
    ],
    "supplementCode": "  ",
    "credits": 3,
    "unitNotes": null,
    "coreCodes": [],
    "courseNotes": null,
    "expandedTitle": null
  },
  {
    "subjectNotes": "NO SPECIAL PERMISSION WILL BE GRANTED FOR RUTGERS BUSINESS SCHOOL-UNDERGRADUATE NB COURSES.",
    "courseNumber": "330",
    "subject": "799",
    "campusCode": "NB",
    "openSections": 2,
    "synopsisUrl": "http://www.business.rutgers.edu/undergrad-new-brunswick/academics/scm/curriculum",
    "subjectGroupNotes": null,
    "offeringUnitCode": "33",
    "offeringUnitTitle": null,
    "title": "BUS LOGIS & TRANSPOR",
    "courseDescription": null,
    "preReqNotes": "(33:799:301 )<em> OR </em>(29:799:301 )",
    "sections": [
      {
        "sectionEligibility": "ALL EXCEPT 1ST YEAR ",
        "sessionDatePrintIndicator": "N",
        "examCode": "C",
        "specialPermissionAddCode": null,
        "crossListedSections": [],
        "sectionNotes": null,
        "specialPermissionDropCode": null,
        "instructors": [
          {
            "name": "RAMAN, SUNDAR"
          }
        ],
        "number": "03",
        "majors": [
          {
            "code": "799",
            "isUnitCode": false,
            "isMajorCode": true
          }
        ],
        "sessionDates": null,
        "specialPermissionDropCodeDescription": null,
        "subtopic": null,
        "openStatus": true,
        "comments": [
          {
            "code": "05",
            "description": "Go to http://canvas.rutgers.edu"
          }
        ],
        "minors": [],
        "campusCode": "NB",
        "index": "17220",
        "unitMajors": [],
        "printed": "Y",
        "specialPermissionAddCodeDescription": null,
        "subtitle": null,
        "meetingTimes": [
          {
            "campusLocation": "3",
            "baClassHours": null,
            "roomNumber": "4087",
            "pmCode": "P",
            "campusAbbrev": "LIV",
            "campusName": "LIVINGSTON",
            "meetingDay": "TH",
            "buildingCode": "BRR",
            "startTime": "0200",
            "endTime": "0500",
            "meetingModeDesc": "LEC",
            "meetingModeCode": "02"
          }
        ],
        "legendKey": null,
        "honorPrograms": []
      },
      {
        "sectionEligibility": "ALL EXCEPT 1ST YEAR ",
        "sessionDatePrintIndicator": "N",
        "examCode": "A",
        "specialPermissionAddCode": null,
        "crossListedSections": [],
        "sectionNotes": null,
        "specialPermissionDropCode": null,
        "instructors": [
          {
            "name": "KIME, JOHN"
          }
        ],
        "number": "04",
        "majors": [
          {
            "code": "799",
            "isUnitCode": false,
            "isMajorCode": true
          }
        ],
        "sessionDates": null,
        "specialPermissionDropCodeDescription": null,
        "subtopic": null,
        "openStatus": true,
        "comments": [
          {
            "code": "05",
            "description": "Go to http://canvas.rutgers.edu"
          }
        ],
        "minors": [],
        "campusCode": "NB",
        "index": "17221",
        "unitMajors": [],
        "printed": "Y",
        "specialPermissionAddCodeDescription": null,
        "subtitle": null,
        "meetingTimes": [
          {
            "campusLocation": "3",
            "baClassHours": null,
            "roomNumber": "4087",
            "pmCode": "P",
            "campusAbbrev": "LIV",
            "campusName": "LIVINGSTON",
            "meetingDay": "M",
            "buildingCode": "BRR",
            "startTime": "0540",
            "endTime": "0840",
            "meetingModeDesc": "LEC",
            "meetingModeCode": "02"
          }
        ],
        "legendKey": null,
        "honorPrograms": []
      },
      {
        "sectionEligibility": "ALL EXCEPT 1ST YEAR ",
        "sessionDatePrintIndicator": "N",
        "examCode": "A",
        "specialPermissionAddCode": null,
        "crossListedSections": [],
        "sectionNotes": null,
        "specialPermissionDropCode": null,
        "instructors": [
          {
            "name": "MCLAURY"
          }
        ],
        "number": "90",
        "majors": [
          {
            "code": "799",
            "isUnitCode": false,
            "isMajorCode": true
          }
        ],
        "sessionDates": null,
        "specialPermissionDropCodeDescription": null,
        "subtopic": null,
        "openStatus": false,
        "comments": [
          {
            "code": "05",
            "description": "Go to http://canvas.rutgers.edu"
          }
        ],
        "minors": [],
        "campusCode": "NB",
        "index": "17222",
        "unitMajors": [],
        "printed": "Y",
        "specialPermissionAddCodeDescription": null,
        "subtitle": null,
        "meetingTimes": [
          {
            "campusLocation": "O",
            "baClassHours": "B",
            "roomNumber": null,
            "pmCode": null,
            "campusAbbrev": "**",
            "campusName": "** INVALID **",
            "meetingDay": null,
            "buildingCode": null,
            "startTime": null,
            "endTime": null,
            "meetingModeDesc": "ONLINE INSTRUCTION(INTERNET)",
            "meetingModeCode": "90"
          }
        ],
        "legendKey": null,
        "honorPrograms": []
      }
    ],
    "supplementCode": "  ",
    "credits": 3,
    "unitNotes": null,
    "coreCodes": [],
    "courseNotes": null,
    "expandedTitle": null
  },
  {
    "subjectNotes": "NO SPECIAL PERMISSION WILL BE GRANTED FOR RUTGERS BUSINESS SCHOOL-UNDERGRADUATE NB COURSES.",
    "courseNumber": "380",
    "subject": "799",
    "campusCode": "NB",
    "openSections": 4,
    "synopsisUrl": "http://www.business.rutgers.edu/undergrad-new-brunswick/academics/scm/curriculum",
    "subjectGroupNotes": null,
    "offeringUnitCode": "33",
    "offeringUnitTitle": null,
    "title": "PROJECT MGT",
    "courseDescription": null,
    "preReqNotes": "(33:799:301 )<em> OR </em>(29:799:301 )",
    "sections": [
      {
        "sectionEligibility": "ALL EXCEPT 1ST YEAR ",
        "sessionDatePrintIndicator": "N",
        "examCode": "C",
        "specialPermissionAddCode": null,
        "crossListedSections": [],
        "sectionNotes": null,
        "specialPermissionDropCode": null,
        "instructors": [
          {
            "name": "WOHLFAHRT"
          }
        ],
        "number": "02",
        "majors": [
          {
            "code": "799",
            "isUnitCode": false,
            "isMajorCode": true
          }
        ],
        "sessionDates": null,
        "specialPermissionDropCodeDescription": null,
        "subtopic": null,
        "openStatus": true,
        "comments": [
          {
            "code": "05",
            "description": "Go to http://canvas.rutgers.edu"
          }
        ],
        "minors": [],
        "campusCode": "NB",
        "index": "17223",
        "unitMajors": [],
        "printed": "Y",
        "specialPermissionAddCodeDescription": null,
        "subtitle": null,
        "meetingTimes": [
          {
            "campusLocation": "3",
            "baClassHours": null,
            "roomNumber": "5105",
            "pmCode": "A",
            "campusAbbrev": "LIV",
            "campusName": "LIVINGSTON",
            "meetingDay": "M",
            "buildingCode": "BRR",
            "startTime": "1020",
            "endTime": "1140",
            "meetingModeDesc": "LEC",
            "meetingModeCode": "02"
          },
          {
            "campusLocation": "3",
            "baClassHours": null,
            "roomNumber": "5105",
            "pmCode": "A",
            "campusAbbrev": "LIV",
            "campusName": "LIVINGSTON",
            "meetingDay": "TH",
            "buildingCode": "BRR",
            "startTime": "1020",
            "endTime": "1140",
            "meetingModeDesc": "LEC",
            "meetingModeCode": "02"
          }
        ],
        "legendKey": null,
        "honorPrograms": []
      },
      {
        "sectionEligibility": "ALL EXCEPT 1ST YEAR ",
        "sessionDatePrintIndicator": "N",
        "examCode": "C",
        "specialPermissionAddCode": null,
        "crossListedSections": [],
        "sectionNotes": null,
        "specialPermissionDropCode": null,
        "instructors": [
          {
            "name": "BAGCHI, ANN"
          }
        ],
        "number": "03",
        "majors": [
          {
            "code": "799",
            "isUnitCode": false,
            "isMajorCode": true
          }
        ],
        "sessionDates": null,
        "specialPermissionDropCodeDescription": null,
        "subtopic": null,
        "openStatus": true,
        "comments": [
          {
            "code": "05",
            "description": "Go to http://canvas.rutgers.edu"
          }
        ],
        "minors": [],
        "campusCode": "NB",
        "index": "17224",
        "unitMajors": [],
        "printed": "Y",
        "specialPermissionAddCodeDescription": null,
        "subtitle": null,
        "meetingTimes": [
          {
            "campusLocation": "3",
            "baClassHours": null,
            "roomNumber": "253",
            "pmCode": "P",
            "campusAbbrev": "LIV",
            "campusName": "LIVINGSTON",
            "meetingDay": "TH",
            "buildingCode": "TIL",
            "startTime": "0200",
            "endTime": "0320",
            "meetingModeDesc": "LEC",
            "meetingModeCode": "02"
          },
          {
            "campusLocation": "3",
            "baClassHours": null,
            "roomNumber": "253",
            "pmCode": "P",
            "campusAbbrev": "LIV",
            "campusName": "LIVINGSTON",
            "meetingDay": "T",
            "buildingCode": "TIL",
            "startTime": "0200",
            "endTime": "0320",
            "meetingModeDesc": "LEC",
            "meetingModeCode": "02"
          }
        ],
        "legendKey": null,
        "honorPrograms": []
      },
      {
        "sectionEligibility": "ALL EXCEPT 1ST YEAR ",
        "sessionDatePrintIndicator": "N",
        "examCode": "C",
        "specialPermissionAddCode": null,
        "crossListedSections": [],
        "sectionNotes": null,
        "specialPermissionDropCode": null,
        "instructors": [
          {
            "name": "WALSMAN"
          }
        ],
        "number": "04",
        "majors": [
          {
            "code": "799",
            "isUnitCode": false,
            "isMajorCode": true
          }
        ],
        "sessionDates": null,
        "specialPermissionDropCodeDescription": null,
        "subtopic": null,
        "openStatus": true,
        "comments": [
          {
            "code": "05",
            "description": "Go to http://canvas.rutgers.edu"
          }
        ],
        "minors": [],
        "campusCode": "NB",
        "index": "17225",
        "unitMajors": [],
        "printed": "Y",
        "specialPermissionAddCodeDescription": null,
        "subtitle": null,
        "meetingTimes": [
          {
            "campusLocation": "3",
            "baClassHours": null,
            "roomNumber": "253",
            "pmCode": "P",
            "campusAbbrev": "LIV",
            "campusName": "LIVINGSTON",
            "meetingDay": "M",
            "buildingCode": "BE",
            "startTime": "1210",
            "endTime": "0130",
            "meetingModeDesc": "LEC",
            "meetingModeCode": "02"
          },
          {
            "campusLocation": "3",
            "baClassHours": null,
            "roomNumber": "253",
            "pmCode": "P",
            "campusAbbrev": "LIV",
            "campusName": "LIVINGSTON",
            "meetingDay": "TH",
            "buildingCode": "BE",
            "startTime": "1210",
            "endTime": "0130",
            "meetingModeDesc": "LEC",
            "meetingModeCode": "02"
          }
        ],
        "legendKey": null,
        "honorPrograms": []
      },
      {
        "sectionEligibility": "ALL EXCEPT 1ST YEAR ",
        "sessionDatePrintIndicator": "N",
        "examCode": "S",
        "specialPermissionAddCode": null,
        "crossListedSections": [],
        "sectionNotes": null,
        "specialPermissionDropCode": null,
        "instructors": [
          {
            "name": "DEGALA"
          }
        ],
        "number": "05",
        "majors": [
          {
            "code": "799",
            "isUnitCode": false,
            "isMajorCode": true
          }
        ],
        "sessionDates": null,
        "specialPermissionDropCodeDescription": null,
        "subtopic": null,
        "openStatus": true,
        "comments": [
          {
            "code": "05",
            "description": "Go to http://canvas.rutgers.edu"
          }
        ],
        "minors": [],
        "campusCode": "NB",
        "index": "17226",
        "unitMajors": [],
        "printed": "Y",
        "specialPermissionAddCodeDescription": null,
        "subtitle": null,
        "meetingTimes": [
          {
            "campusLocation": "3",
            "baClassHours": null,
            "roomNumber": "4085",
            "pmCode": "P",
            "campusAbbrev": "LIV",
            "campusName": "LIVINGSTON",
            "meetingDay": "TH",
            "buildingCode": "BRR",
            "startTime": "0730",
            "endTime": "1030",
            "meetingModeDesc": "LEC",
            "meetingModeCode": "02"
          }
        ],
        "legendKey": null,
        "honorPrograms": []
      }
    ],
    "supplementCode": "  ",
    "credits": 3,
    "unitNotes": null,
    "coreCodes": [],
    "courseNotes": null,
    "expandedTitle": null
  },
  {
    "subjectNotes": "NO SPECIAL PERMISSION WILL BE GRANTED FOR RUTGERS BUSINESS SCHOOL-UNDERGRADUATE NB COURSES.",
    "courseNumber": "410",
    "subject": "799",
    "campusCode": "NB",
    "openSections": 1,
    "synopsisUrl": "http://www.business.rutgers.edu/undergrad-new-brunswick/academics/scm/curriculum",
    "subjectGroupNotes": null,
    "offeringUnitCode": "33",
    "offeringUnitTitle": null,
    "title": "SERVICE MANAGEMENT",
    "courseDescription": null,
    "preReqNotes": "(33:799:301 )<em> OR </em>(29:799:301 )",
    "sections": [
      {
        "sectionEligibility": "JUNIORS AND SENIORS ",
        "sessionDatePrintIndicator": "N",
        "examCode": "C",
        "specialPermissionAddCode": null,
        "crossListedSections": [],
        "sectionNotes": null,
        "specialPermissionDropCode": null,
        "instructors": [
          {
            "name": "WALSMAN"
          }
        ],
        "number": "01",
        "majors": [],
        "sessionDates": null,
        "specialPermissionDropCodeDescription": null,
        "subtopic": null,
        "openStatus": true,
        "comments": [],
        "minors": [],
        "campusCode": "NB",
        "index": "17227",
        "unitMajors": [
          {
            "unitCode": "33",
            "majorCode": "799"
          }
        ],
        "printed": "Y",
        "specialPermissionAddCodeDescription": null,
        "subtitle": null,
        "meetingTimes": [
          {
            "campusLocation": "3",
            "baClassHours": null,
            "roomNumber": "4031",
            "pmCode": "A",
            "campusAbbrev": "LIV",
            "campusName": "LIVINGSTON",
            "meetingDay": "M",
            "buildingCode": "BRR",
            "startTime": "1020",
            "endTime": "1140",
            "meetingModeDesc": "LEC",
            "meetingModeCode": "02"
          },
          {
            "campusLocation": "3",
            "baClassHours": null,
            "roomNumber": "4031",
            "pmCode": "A",
            "campusAbbrev": "LIV",
            "campusName": "LIVINGSTON",
            "meetingDay": "TH",
            "buildingCode": "BRR",
            "startTime": "1020",
            "endTime": "1140",
            "meetingModeDesc": "LEC",
            "meetingModeCode": "02"
          }
        ],
        "legendKey": null,
        "honorPrograms": []
      }
    ],
    "supplementCode": "  ",
    "credits": 3,
    "unitNotes": null,
    "coreCodes": [],
    "courseNotes": null,
    "expandedTitle": null
  },
  {
    "subjectNotes": "NO SPECIAL PERMISSION WILL BE GRANTED FOR RUTGERS BUSINESS SCHOOL-UNDERGRADUATE NB COURSES.",
    "courseNumber": "420",
    "subject": "799",
    "campusCode": "NB",
    "openSections": 3,
    "synopsisUrl": "http://www.business.rutgers.edu/undergrad-new-brunswick/academics/scm/curriculum",
    "subjectGroupNotes": null,
    "offeringUnitCode": "33",
    "offeringUnitTitle": null,
    "title": "SCMS IND CLNT PROJS",
    "courseDescription": null,
    "preReqNotes": "((33:799:305  or 33:799:330 ) and (33:799:380 ))",
    "sections": [
      {
        "sectionEligibility": "SENIORS ONLY ",
        "sessionDatePrintIndicator": "N",
        "examCode": "C",
        "specialPermissionAddCode": null,
        "crossListedSections": [],
        "sectionNotes": "STUDENTS CANNOT REGISTER FORINTERN/COOP WHILE IN THIS COURSE",
        "specialPermissionDropCode": null,
        "instructors": [
          {
            "name": "RAMAN, SUNDAR"
          }
        ],
        "number": "01",
        "majors": [
          {
            "code": "799",
            "isUnitCode": false,
            "isMajorCode": true
          }
        ],
        "sessionDates": null,
        "specialPermissionDropCodeDescription": null,
        "subtopic": null,
        "openStatus": true,
        "comments": [
          {
            "code": "05",
            "description": "Go to http://canvas.rutgers.edu"
          },
          {
            "code": "35",
            "description": "See online schedule for prereqs"
          }
        ],
        "minors": [],
        "campusCode": "NB",
        "index": "17228",
        "unitMajors": [],
        "printed": "Y",
        "specialPermissionAddCodeDescription": null,
        "subtitle": null,
        "meetingTimes": [
          {
            "campusLocation": "3",
            "baClassHours": null,
            "roomNumber": "3038",
            "pmCode": "A",
            "campusAbbrev": "LIV",
            "campusName": "LIVINGSTON",
            "meetingDay": "M",
            "buildingCode": "BRR",
            "startTime": "0830",
            "endTime": "0950",
            "meetingModeDesc": "LEC",
            "meetingModeCode": "02"
          },
          {
            "campusLocation": "3",
            "baClassHours": null,
            "roomNumber": "3038",
            "pmCode": "A",
            "campusAbbrev": "LIV",
            "campusName": "LIVINGSTON",
            "meetingDay": "TH",
            "buildingCode": "BRR",
            "startTime": "0830",
            "endTime": "0950",
            "meetingModeDesc": "LEC",
            "meetingModeCode": "02"
          }
        ],
        "legendKey": null,
        "honorPrograms": []
      },
      {
        "sectionEligibility": "SENIORS ONLY ",
        "sessionDatePrintIndicator": "N",
        "examCode": "C",
        "specialPermissionAddCode": null,
        "crossListedSections": [],
        "sectionNotes": "STUDENTS CANNOT REGISTER FORINTERN/COOP WHILE IN THIS COURSE",
        "specialPermissionDropCode": null,
        "instructors": [
          {
            "name": "BAGCHI, ANN"
          }
        ],
        "number": "02",
        "majors": [
          {
            "code": "799",
            "isUnitCode": false,
            "isMajorCode": true
          }
        ],
        "sessionDates": null,
        "specialPermissionDropCodeDescription": null,
        "subtopic": null,
        "openStatus": true,
        "comments": [
          {
            "code": "05",
            "description": "Go to http://canvas.rutgers.edu"
          }
        ],
        "minors": [],
        "campusCode": "NB",
        "index": "17229",
        "unitMajors": [],
        "printed": "Y",
        "specialPermissionAddCodeDescription": null,
        "subtitle": null,
        "meetingTimes": [
          {
            "campusLocation": "3",
            "baClassHours": null,
            "roomNumber": "3038",
            "pmCode": "P",
            "campusAbbrev": "LIV",
            "campusName": "LIVINGSTON",
            "meetingDay": "T",
            "buildingCode": "BRR",
            "startTime": "0350",
            "endTime": "0510",
            "meetingModeDesc": "LEC",
            "meetingModeCode": "02"
          },
          {
            "campusLocation": "3",
            "baClassHours": null,
            "roomNumber": "3038",
            "pmCode": "P",
            "campusAbbrev": "LIV",
            "campusName": "LIVINGSTON",
            "meetingDay": "TH",
            "buildingCode": "BRR",
            "startTime": "0350",
            "endTime": "0510",
            "meetingModeDesc": "LEC",
            "meetingModeCode": "02"
          }
        ],
        "legendKey": null,
        "honorPrograms": []
      },
      {
        "sectionEligibility": "SENIORS ONLY ",
        "sessionDatePrintIndicator": "N",
        "examCode": "C",
        "specialPermissionAddCode": null,
        "crossListedSections": [],
        "sectionNotes": "STUDENTS CANNOT REGISTER FORINTERN/COOP WHILE IN THIS COURSE",
        "specialPermissionDropCode": null,
        "instructors": [
          {
            "name": "BAGCHI, ANN"
          }
        ],
        "number": "04",
        "majors": [
          {
            "code": "799",
            "isUnitCode": false,
            "isMajorCode": true
          }
        ],
        "sessionDates": null,
        "specialPermissionDropCodeDescription": null,
        "subtopic": null,
        "openStatus": true,
        "comments": [
          {
            "code": "05",
            "description": "Go to http://canvas.rutgers.edu"
          }
        ],
        "minors": [],
        "campusCode": "NB",
        "index": "17230",
        "unitMajors": [],
        "printed": "Y",
        "specialPermissionAddCodeDescription": null,
        "subtitle": null,
        "meetingTimes": [
          {
            "campusLocation": "3",
            "baClassHours": null,
            "roomNumber": "3031",
            "pmCode": "A",
            "campusAbbrev": "LIV",
            "campusName": "LIVINGSTON",
            "meetingDay": "W",
            "buildingCode": "BRR",
            "startTime": "1020",
            "endTime": "0120",
            "meetingModeDesc": "LEC",
            "meetingModeCode": "02"
          }
        ],
        "legendKey": null,
        "honorPrograms": []
      },
      {
        "sectionEligibility": "SENIORS ONLY ",
        "sessionDatePrintIndicator": "N",
        "examCode": "S",
        "specialPermissionAddCode": null,
        "crossListedSections": [],
        "sectionNotes": "STUDENTS CANNOT REGISTER FORINTERN/COOP WHILE IN THIS COURSE",
        "specialPermissionDropCode": null,
        "instructors": [
          {
            "name": "PEAVEY, HUSSAN"
          }
        ],
        "number": "05",
        "majors": [
          {
            "code": "799",
            "isUnitCode": false,
            "isMajorCode": true
          }
        ],
        "sessionDates": null,
        "specialPermissionDropCodeDescription": null,
        "subtopic": null,
        "openStatus": false,
        "comments": [
          {
            "code": "05",
            "description": "Go to http://canvas.rutgers.edu"
          }
        ],
        "minors": [],
        "campusCode": "NB",
        "index": "17231",
        "unitMajors": [],
        "printed": "Y",
        "specialPermissionAddCodeDescription": null,
        "subtitle": null,
        "meetingTimes": [
          {
            "campusLocation": "3",
            "baClassHours": null,
            "roomNumber": "5113",
            "pmCode": "P",
            "campusAbbrev": "LIV",
            "campusName": "LIVINGSTON",
            "meetingDay": "W",
            "buildingCode": "BRR",
            "startTime": "0730",
            "endTime": "1030",
            "meetingModeDesc": "LEC",
            "meetingModeCode": "02"
          }
        ],
        "legendKey": null,
        "honorPrograms": []
      }
    ],
    "supplementCode": "  ",
    "credits": 3,
    "unitNotes": null,
    "coreCodes": [],
    "courseNotes": null,
    "expandedTitle": null
  },
  {
    "subjectNotes": "NO SPECIAL PERMISSION WILL BE GRANTED FOR RUTGERS BUSINESS SCHOOL-UNDERGRADUATE NB COURSES.",
    "courseNumber": "421",
    "subject": "799",
    "campusCode": "NB",
    "openSections": 1,
    "synopsisUrl": "http://www.business.rutgers.edu/undergrad-new-brunswick/academics/scm/curriculum",
    "subjectGroupNotes": null,
    "offeringUnitCode": "33",
    "offeringUnitTitle": null,
    "title": "CO-OP SUPPLY CHAIN",
    "courseDescription": null,
    "preReqNotes": "(33:799:301 )<em> OR </em>(29:799:301 )",
    "sections": [
      {
        "sectionEligibility": "JUNIORS AND SENIORS ",
        "sessionDatePrintIndicator": "N",
        "examCode": "A",
        "specialPermissionAddCode": "03",
        "crossListedSections": [],
        "sectionNotes": null,
        "specialPermissionDropCode": null,
        "instructors": [
          {
            "name": "TAITT, ANTHONY"
          }
        ],
        "number": "01",
        "majors": [
          {
            "code": "799",
            "isUnitCode": false,
            "isMajorCode": true
          }
        ],
        "sessionDates": null,
        "specialPermissionDropCodeDescription": null,
        "subtopic": null,
        "openStatus": true,
        "comments": [
          {
            "code": "35",
            "description": "See online schedule for prereqs"
          }
        ],
        "minors": [],
        "campusCode": "NB",
        "index": "17232",
        "unitMajors": [],
        "printed": "Y",
        "specialPermissionAddCodeDescription": "Department staff",
        "subtitle": null,
        "meetingTimes": [
          {
            "campusLocation": null,
            "baClassHours": "B",
            "roomNumber": null,
            "pmCode": null,
            "campusAbbrev": null,
            "campusName": null,
            "meetingDay": null,
            "buildingCode": null,
            "startTime": null,
            "endTime": null,
            "meetingModeDesc": "PROJ-IND",
            "meetingModeCode": "19"
          }
        ],
        "legendKey": null,
        "honorPrograms": []
      }
    ],
    "supplementCode": "  ",
    "credits": 3,
    "unitNotes": null,
    "coreCodes": [],
    "courseNotes": null,
    "expandedTitle": "CO-OP IN SUPPLY CHAIN MANAGEMENT                                                "
  },
  {
    "subjectNotes": "NO SPECIAL PERMISSION WILL BE GRANTED FOR RUTGERS BUSINESS SCHOOL-UNDERGRADUATE NB COURSES.",
    "courseNumber": "430",
    "subject": "799",
    "campusCode": "NB",
    "openSections": 0,
    "synopsisUrl": "http://www.business.rutgers.edu/undergrad-new-brunswick/academics/scm/curriculum",
    "subjectGroupNotes": null,
    "offeringUnitCode": "33",
    "offeringUnitTitle": null,
    "title": "SECURITY & RSK MGT",
    "courseDescription": null,
    "preReqNotes": "(33:799:305 )<em> OR </em>(33:799:330 )",
    "sections": [
      {
        "sectionEligibility": "JUNIORS AND SENIORS ",
        "sessionDatePrintIndicator": "N",
        "examCode": "C",
        "specialPermissionAddCode": null,
        "crossListedSections": [],
        "sectionNotes": null,
        "specialPermissionDropCode": null,
        "instructors": [
          {
            "name": "AGRESTA, JOSEPH"
          }
        ],
        "number": "01",
        "majors": [
          {
            "code": "799",
            "isUnitCode": false,
            "isMajorCode": true
          }
        ],
        "sessionDates": null,
        "specialPermissionDropCodeDescription": null,
        "subtopic": null,
        "openStatus": false,
        "comments": [
          {
            "code": "05",
            "description": "Go to http://canvas.rutgers.edu"
          }
        ],
        "minors": [],
        "campusCode": "NB",
        "index": "17233",
        "unitMajors": [],
        "printed": "Y",
        "specialPermissionAddCodeDescription": null,
        "subtitle": null,
        "meetingTimes": [
          {
            "campusLocation": "3",
            "baClassHours": null,
            "roomNumber": "5101",
            "pmCode": "P",
            "campusAbbrev": "LIV",
            "campusName": "LIVINGSTON",
            "meetingDay": "W",
            "buildingCode": "BRR",
            "startTime": "0200",
            "endTime": "0320",
            "meetingModeDesc": "LEC",
            "meetingModeCode": "02"
          },
          {
            "campusLocation": "3",
            "baClassHours": null,
            "roomNumber": "5101",
            "pmCode": "P",
            "campusAbbrev": "LIV",
            "campusName": "LIVINGSTON",
            "meetingDay": "M",
            "buildingCode": "BRR",
            "startTime": "0200",
            "endTime": "0320",
            "meetingModeDesc": "LEC",
            "meetingModeCode": "02"
          }
        ],
        "legendKey": null,
        "honorPrograms": []
      }
    ],
    "supplementCode": "  ",
    "credits": 3,
    "unitNotes": null,
    "coreCodes": [],
    "courseNotes": null,
    "expandedTitle": null
  },
  {
    "subjectNotes": "NO SPECIAL PERMISSION WILL BE GRANTED FOR RUTGERS BUSINESS SCHOOL-UNDERGRADUATE NB COURSES.",
    "courseNumber": "440",
    "subject": "799",
    "campusCode": "NB",
    "openSections": 1,
    "synopsisUrl": "http://www.business.rutgers.edu/undergrad-new-brunswick/academics/scm/curriculum",
    "subjectGroupNotes": null,
    "offeringUnitCode": "33",
    "offeringUnitTitle": null,
    "title": "SC ENV MGT & GRN PUR",
    "courseDescription": null,
    "preReqNotes": "(33:799:301 )<em> OR </em>(29:799:301 )",
    "sections": [
      {
        "sectionEligibility": "JUNIORS AND SENIORS ",
        "sessionDatePrintIndicator": "N",
        "examCode": "C",
        "specialPermissionAddCode": null,
        "crossListedSections": [],
        "sectionNotes": null,
        "specialPermissionDropCode": null,
        "instructors": [
          {
            "name": "WALSMAN"
          }
        ],
        "number": "01",
        "majors": [
          {
            "code": "799",
            "isUnitCode": false,
            "isMajorCode": true
          }
        ],
        "sessionDates": null,
        "specialPermissionDropCodeDescription": null,
        "subtopic": null,
        "openStatus": true,
        "comments": [
          {
            "code": "05",
            "description": "Go to http://canvas.rutgers.edu"
          }
        ],
        "minors": [],
        "campusCode": "NB",
        "index": "17234",
        "unitMajors": [],
        "printed": "Y",
        "specialPermissionAddCodeDescription": null,
        "subtitle": null,
        "meetingTimes": [
          {
            "campusLocation": "3",
            "baClassHours": null,
            "roomNumber": "5071",
            "pmCode": "A",
            "campusAbbrev": "LIV",
            "campusName": "LIVINGSTON",
            "meetingDay": "TH",
            "buildingCode": "BRR",
            "startTime": "0830",
            "endTime": "0950",
            "meetingModeDesc": "LEC",
            "meetingModeCode": "02"
          },
          {
            "campusLocation": "3",
            "baClassHours": null,
            "roomNumber": "5071",
            "pmCode": "A",
            "campusAbbrev": "LIV",
            "campusName": "LIVINGSTON",
            "meetingDay": "M",
            "buildingCode": "BRR",
            "startTime": "0830",
            "endTime": "0950",
            "meetingModeDesc": "LEC",
            "meetingModeCode": "02"
          }
        ],
        "legendKey": null,
        "honorPrograms": []
      }
    ],
    "supplementCode": "  ",
    "credits": 3,
    "unitNotes": null,
    "coreCodes": [],
    "courseNotes": null,
    "expandedTitle": "SUPPLY CHAIN ENVIRONMENTAL MANAGEMENT & GREEN PURCHASING                        "
  },
  {
    "subjectNotes": "NO SPECIAL PERMISSION WILL BE GRANTED FOR RUTGERS BUSINESS SCHOOL-UNDERGRADUATE NB COURSES.",
    "courseNumber": "450",
    "subject": "799",
    "campusCode": "NB",
    "openSections": 0,
    "synopsisUrl": "http://www.business.rutgers.edu/undergrad-new-brunswick/academics/scm/curriculum",
    "subjectGroupNotes": null,
    "offeringUnitCode": "33",
    "offeringUnitTitle": null,
    "title": "FUND OF SC SOL SAP",
    "courseDescription": null,
    "preReqNotes": "(33:799:301 )<em> OR </em>(29:799:301 )",
    "sections": [
      {
        "sectionEligibility": "JUNIORS AND SENIORS ",
        "sessionDatePrintIndicator": "N",
        "examCode": "C",
        "specialPermissionAddCode": null,
        "crossListedSections": [],
        "sectionNotes": null,
        "specialPermissionDropCode": null,
        "instructors": [
          {
            "name": "BELL, G. TONY"
          }
        ],
        "number": "01",
        "majors": [
          {
            "code": "136",
            "isUnitCode": false,
            "isMajorCode": true
          },
          {
            "code": "799",
            "isUnitCode": false,
            "isMajorCode": true
          }
        ],
        "sessionDates": null,
        "specialPermissionDropCodeDescription": null,
        "subtopic": null,
        "openStatus": false,
        "comments": [
          {
            "code": "35",
            "description": "See online schedule for prereqs"
          },
          {
            "code": "05",
            "description": "Go to http://canvas.rutgers.edu"
          }
        ],
        "minors": [],
        "campusCode": "NB",
        "index": "17235",
        "unitMajors": [],
        "printed": "Y",
        "specialPermissionAddCodeDescription": null,
        "subtitle": null,
        "meetingTimes": [
          {
            "campusLocation": "3",
            "baClassHours": null,
            "roomNumber": "5087",
            "pmCode": "P",
            "campusAbbrev": "LIV",
            "campusName": "LIVINGSTON",
            "meetingDay": "TH",
            "buildingCode": "BRR",
            "startTime": "0350",
            "endTime": "0650",
            "meetingModeDesc": "LEC",
            "meetingModeCode": "02"
          }
        ],
        "legendKey": null,
        "honorPrograms": []
      }
    ],
    "supplementCode": "  ",
    "credits": 3,
    "unitNotes": null,
    "coreCodes": [],
    "courseNotes": null,
    "expandedTitle": "FUNDAMENTALS OF SUPPLY CHAIN SOLUTIONS W SAP"
  },
  {
    "subjectNotes": "NO SPECIAL PERMISSION WILL BE GRANTED FOR RUTGERS BUSINESS SCHOOL-UNDERGRADUATE NB COURSES.",
    "courseNumber": "460",
    "subject": "799",
    "campusCode": "NB",
    "openSections": 1,
    "synopsisUrl": "http://www.business.rutgers.edu/undergrad-new-brunswick/academics/scm/curriculum",
    "subjectGroupNotes": null,
    "offeringUnitCode": "33",
    "offeringUnitTitle": null,
    "title": "SIX SIGMA & LEAN MFG",
    "courseDescription": null,
    "preReqNotes": "(33:799:301 )<em> OR </em>(29:799:301 )",
    "sections": [
      {
        "sectionEligibility": "JUNIORS AND SENIORS ",
        "sessionDatePrintIndicator": "N",
        "examCode": "S",
        "specialPermissionAddCode": null,
        "crossListedSections": [],
        "sectionNotes": null,
        "specialPermissionDropCode": null,
        "instructors": [
          {
            "name": "VOCATURO"
          }
        ],
        "number": "01",
        "majors": [
          {
            "code": "799",
            "isUnitCode": false,
            "isMajorCode": true
          }
        ],
        "sessionDates": null,
        "specialPermissionDropCodeDescription": null,
        "subtopic": null,
        "openStatus": true,
        "comments": [
          {
            "code": "35",
            "description": "See online schedule for prereqs"
          },
          {
            "code": "05",
            "description": "Go to http://canvas.rutgers.edu"
          }
        ],
        "minors": [],
        "campusCode": "NB",
        "index": "17236",
        "unitMajors": [],
        "printed": "Y",
        "specialPermissionAddCodeDescription": null,
        "subtitle": null,
        "meetingTimes": [
          {
            "campusLocation": "3",
            "baClassHours": null,
            "roomNumber": "3085",
            "pmCode": "P",
            "campusAbbrev": "LIV",
            "campusName": "LIVINGSTON",
            "meetingDay": "T",
            "buildingCode": "BRR",
            "startTime": "0730",
            "endTime": "1030",
            "meetingModeDesc": "LEC",
            "meetingModeCode": "02"
          }
        ],
        "legendKey": null,
        "honorPrograms": []
      }
    ],
    "supplementCode": "  ",
    "credits": 3,
    "unitNotes": null,
    "coreCodes": [],
    "courseNotes": null,
    "expandedTitle": null
  },
  {
    "subjectNotes": "NO SPECIAL PERMISSION WILL BE GRANTED FOR RUTGERS BUSINESS SCHOOL-UNDERGRADUATE NB COURSES.",
    "courseNumber": "470",
    "subject": "799",
    "campusCode": "NB",
    "openSections": 1,
    "synopsisUrl": "http://www.business.rutgers.edu/undergrad-new-brunswick/academics/scm/curriculum",
    "subjectGroupNotes": null,
    "offeringUnitCode": "33",
    "offeringUnitTitle": null,
    "title": "BUS INTEL FOR SUP CH",
    "courseDescription": null,
    "preReqNotes": "(33:799:301 )<em> OR </em>(29:799:301 )",
    "sections": [
      {
        "sectionEligibility": "JUNIORS AND SENIORS ",
        "sessionDatePrintIndicator": "N",
        "examCode": "C",
        "specialPermissionAddCode": null,
        "crossListedSections": [],
        "sectionNotes": null,
        "specialPermissionDropCode": null,
        "instructors": [
          {
            "name": "XU, XIAOWEI"
          }
        ],
        "number": "02",
        "majors": [
          {
            "code": "799",
            "isUnitCode": false,
            "isMajorCode": true
          }
        ],
        "sessionDates": null,
        "specialPermissionDropCodeDescription": null,
        "subtopic": null,
        "openStatus": true,
        "comments": [
          {
            "code": "05",
            "description": "Go to http://canvas.rutgers.edu"
          }
        ],
        "minors": [],
        "campusCode": "NB",
        "index": "17237",
        "unitMajors": [],
        "printed": "Y",
        "specialPermissionAddCodeDescription": null,
        "subtitle": null,
        "meetingTimes": [
          {
            "campusLocation": "3",
            "baClassHours": null,
            "roomNumber": "5101",
            "pmCode": "P",
            "campusAbbrev": "LIV",
            "campusName": "LIVINGSTON",
            "meetingDay": "F",
            "buildingCode": "BRR",
            "startTime": "0200",
            "endTime": "0500",
            "meetingModeDesc": "LEC",
            "meetingModeCode": "02"
          }
        ],
        "legendKey": null,
        "honorPrograms": []
      }
    ],
    "supplementCode": "  ",
    "credits": 3,
    "unitNotes": null,
    "coreCodes": [],
    "courseNotes": null,
    "expandedTitle": "BUSINESS INTELLIGENCE FOR SUPPLY CHAINS & MARKETING                             "
  },
  {
    "subjectNotes": "NO SPECIAL PERMISSION WILL BE GRANTED FOR RUTGERS BUSINESS SCHOOL-UNDERGRADUATE NB COURSES.",
    "courseNumber": "475",
    "subject": "799",
    "campusCode": "NB",
    "openSections": 0,
    "synopsisUrl": "http://www.business.rutgers.edu/undergrad-new-brunswick/academics/scm/curriculum",
    "subjectGroupNotes": null,
    "offeringUnitCode": "33",
    "offeringUnitTitle": null,
    "title": "SC ANALYTICS ESSENT",
    "courseDescription": null,
    "preReqNotes": "(33:799:301 )<em> OR </em>(29:799:301 )",
    "sections": [
      {
        "sectionEligibility": "JUNIORS AND SENIORS ",
        "sessionDatePrintIndicator": "N",
        "examCode": "A",
        "specialPermissionAddCode": null,
        "crossListedSections": [],
        "sectionNotes": null,
        "specialPermissionDropCode": null,
        "instructors": [
          {
            "name": "ZHAO, YAO"
          }
        ],
        "number": "90",
        "majors": [
          {
            "code": "799",
            "isUnitCode": false,
            "isMajorCode": true
          }
        ],
        "sessionDates": null,
        "specialPermissionDropCodeDescription": null,
        "subtopic": null,
        "openStatus": false,
        "comments": [
          {
            "code": "05",
            "description": "Go to http://canvas.rutgers.edu"
          }
        ],
        "minors": [],
        "campusCode": "NB",
        "index": "17238",
        "unitMajors": [],
        "printed": "Y",
        "specialPermissionAddCodeDescription": null,
        "subtitle": null,
        "meetingTimes": [
          {
            "campusLocation": "O",
            "baClassHours": "B",
            "roomNumber": null,
            "pmCode": null,
            "campusAbbrev": "**",
            "campusName": "** INVALID **",
            "meetingDay": null,
            "buildingCode": null,
            "startTime": null,
            "endTime": null,
            "meetingModeDesc": "ONLINE INSTRUCTION(INTERNET)",
            "meetingModeCode": "90"
          }
        ],
        "legendKey": null,
        "honorPrograms": []
      }
    ],
    "supplementCode": "  ",
    "credits": 3,
    "unitNotes": null,
    "coreCodes": [],
    "courseNotes": null,
    "expandedTitle": "SUPPLY CHAIN ANALYTICS ESSENTIALS                                               "
  },
  {
    "subjectNotes": "NO SPECIAL PERMISSION WILL BE GRANTED FOR RUTGERS BUSINESS SCHOOL-UNDERGRADUATE NB COURSES.",
    "courseNumber": "491",
    "subject": "799",
    "campusCode": "NB",
    "openSections": 1,
    "synopsisUrl": "http://www.business.rutgers.edu/undergrad-new-brunswick/academics/scm/curriculum",
    "subjectGroupNotes": null,
    "offeringUnitCode": "33",
    "offeringUnitTitle": null,
    "title": "SC FINANCE",
    "courseDescription": null,
    "preReqNotes": "(33:799:301 )<em> OR </em>(29:799:301 )",
    "sections": [
      {
        "sectionEligibility": "JUNIORS AND SENIORS ",
        "sessionDatePrintIndicator": "N",
        "examCode": "S",
        "specialPermissionAddCode": null,
        "crossListedSections": [],
        "sectionNotes": null,
        "specialPermissionDropCode": null,
        "instructors": [
          {
            "name": "TAITT, ANTHONY"
          }
        ],
        "number": "01",
        "majors": [
          {
            "code": "799",
            "isUnitCode": false,
            "isMajorCode": true
          }
        ],
        "sessionDates": null,
        "specialPermissionDropCodeDescription": null,
        "subtopic": null,
        "openStatus": true,
        "comments": [
          {
            "code": "05",
            "description": "Go to http://canvas.rutgers.edu"
          }
        ],
        "minors": [],
        "campusCode": "NB",
        "index": "17239",
        "unitMajors": [],
        "printed": "Y",
        "specialPermissionAddCodeDescription": null,
        "subtitle": null,
        "meetingTimes": [
          {
            "campusLocation": "3",
            "baClassHours": null,
            "roomNumber": "4071",
            "pmCode": "P",
            "campusAbbrev": "LIV",
            "campusName": "LIVINGSTON",
            "meetingDay": "M",
            "buildingCode": "BRR",
            "startTime": "0730",
            "endTime": "1030",
            "meetingModeDesc": "LEC",
            "meetingModeCode": "02"
          }
        ],
        "legendKey": null,
        "honorPrograms": []
      }
    ],
    "supplementCode": "  ",
    "credits": 3,
    "unitNotes": null,
    "coreCodes": [],
    "courseNotes": null,
    "expandedTitle": "SUPPLY CHAIN FINANCE                                                            "
  },
  {
    "subjectNotes": "NO SPECIAL PERMISSION WILL BE GRANTED FOR RUTGERS BUSINESS SCHOOL-UNDERGRADUATE NB COURSES.",
    "courseNumber": "493",
    "subject": "799",
    "campusCode": "NB",
    "openSections": 1,
    "synopsisUrl": "http://www.business.rutgers.edu/undergrad-new-brunswick/academics/scm/curriculum",
    "subjectGroupNotes": null,
    "offeringUnitCode": "33",
    "offeringUnitTitle": null,
    "title": "INTERNSHIP IN SCM",
    "courseDescription": null,
    "preReqNotes": "(33:799:301 )<em> OR </em>(29:799:301 )",
    "sections": [
      {
        "sectionEligibility": "JUNIORS AND SENIORS ",
        "sessionDatePrintIndicator": "N",
        "examCode": "A",
        "specialPermissionAddCode": "03",
        "crossListedSections": [],
        "sectionNotes": null,
        "specialPermissionDropCode": null,
        "instructors": [
          {
            "name": "TAITT, ANTHONY"
          }
        ],
        "number": "01",
        "majors": [
          {
            "code": "799",
            "isUnitCode": false,
            "isMajorCode": true
          }
        ],
        "sessionDates": null,
        "specialPermissionDropCodeDescription": null,
        "subtopic": null,
        "openStatus": true,
        "comments": [
          {
            "code": "AL",
            "description": "Course may require: Webcam, Microphone, Phone Camera or Scanner"
          },
          {
            "code": "35",
            "description": "See online schedule for prereqs"
          },
          {
            "code": "05",
            "description": "Go to http://canvas.rutgers.edu"
          }
        ],
        "minors": [],
        "campusCode": "NB",
        "index": "17240",
        "unitMajors": [],
        "printed": "Y",
        "specialPermissionAddCodeDescription": "Department staff",
        "subtitle": null,
        "meetingTimes": [
          {
            "campusLocation": null,
            "baClassHours": "B",
            "roomNumber": null,
            "pmCode": null,
            "campusAbbrev": null,
            "campusName": null,
            "meetingDay": null,
            "buildingCode": null,
            "startTime": null,
            "endTime": null,
            "meetingModeDesc": "INTERNSP",
            "meetingModeCode": "15"
          }
        ],
        "legendKey": null,
        "honorPrograms": []
      }
    ],
    "supplementCode": "  ",
    "credits": 3,
    "unitNotes": null,
    "coreCodes": [],
    "courseNotes": null,
    "expandedTitle": "INTERNSHIP IN SUPPLY CHAIN MANAGEMENT                                           "
  },
  {
    "subjectNotes": "NO SPECIAL PERMISSION WILL BE GRANTED FOR RUTGERS BUSINESS SCHOOL-UNDERGRADUATE NB COURSES.",
    "courseNumber": "496",
    "subject": "799",
    "campusCode": "NB",
    "openSections": 1,
    "synopsisUrl": "http://www.business.rutgers.edu/undergrad-new-brunswick/academics/scm/curriculum",
    "subjectGroupNotes": null,
    "offeringUnitCode": "33",
    "offeringUnitTitle": null,
    "title": "HONORS PROGRAM SCMS",
    "courseDescription": null,
    "preReqNotes": null,
    "sections": [
      {
        "sectionEligibility": "JUNIORS AND SENIORS ",
        "sessionDatePrintIndicator": "N",
        "examCode": "A",
        "specialPermissionAddCode": "07",
        "crossListedSections": [],
        "sectionNotes": null,
        "specialPermissionDropCode": null,
        "instructors": [],
        "number": "H1",
        "majors": [
          {
            "code": "799",
            "isUnitCode": false,
            "isMajorCode": true
          }
        ],
        "sessionDates": null,
        "specialPermissionDropCodeDescription": null,
        "subtopic": null,
        "openStatus": true,
        "comments": [],
        "minors": [],
        "campusCode": "NB",
        "index": "17242",
        "unitMajors": [],
        "printed": "N",
        "specialPermissionAddCodeDescription": "Dean - School of Business",
        "subtitle": null,
        "meetingTimes": [
          {
            "campusLocation": null,
            "baClassHours": "B",
            "roomNumber": null,
            "pmCode": null,
            "campusAbbrev": null,
            "campusName": null,
            "meetingDay": null,
            "buildingCode": null,
            "startTime": null,
            "endTime": null,
            "meetingModeDesc": "PROJ-IND",
            "meetingModeCode": "19"
          }
        ],
        "legendKey": null,
        "honorPrograms": [
          {
            "code": "A"
          }
        ]
      }
    ],
    "supplementCode": "  ",
    "credits": 3,
    "unitNotes": null,
    "coreCodes": [],
    "courseNotes": null,
    "expandedTitle": null
  },
  {
    "subjectNotes": "NO SPECIAL PERMISSION WILL BE GRANTED FOR RUTGERS BUSINESS SCHOOL-UNDERGRADUATE NB COURSES.",
    "courseNumber": "498",
    "subject": "799",
    "campusCode": "NB",
    "openSections": 1,
    "synopsisUrl": "http://www.business.rutgers.edu/undergrad-new-brunswick/academics/scm/curriculum",
    "subjectGroupNotes": null,
    "offeringUnitCode": "33",
    "offeringUnitTitle": null,
    "title": "INDP STUDY IN SCMS",
    "courseDescription": null,
    "preReqNotes": "(33:799:301 )",
    "sections": [
      {
        "sectionEligibility": "JUNIORS AND SENIORS ",
        "sessionDatePrintIndicator": "N",
        "examCode": "A",
        "specialPermissionAddCode": "03",
        "crossListedSections": [],
        "sectionNotes": null,
        "specialPermissionDropCode": null,
        "instructors": [],
        "number": "01",
        "majors": [
          {
            "code": "799",
            "isUnitCode": false,
            "isMajorCode": true
          }
        ],
        "sessionDates": null,
        "specialPermissionDropCodeDescription": null,
        "subtopic": null,
        "openStatus": true,
        "comments": [
          {
            "code": "35",
            "description": "See online schedule for prereqs"
          }
        ],
        "minors": [],
        "campusCode": "NB",
        "index": "17243",
        "unitMajors": [],
        "printed": "Y",
        "specialPermissionAddCodeDescription": "Department staff",
        "subtitle": null,
        "meetingTimes": [
          {
            "campusLocation": null,
            "baClassHours": "B",
            "roomNumber": null,
            "pmCode": null,
            "campusAbbrev": null,
            "campusName": null,
            "meetingDay": null,
            "buildingCode": null,
            "startTime": null,
            "endTime": null,
            "meetingModeDesc": "PROJ-IND",
            "meetingModeCode": "19"
          }
        ],
        "legendKey": null,
        "honorPrograms": []
      }
    ],
    "supplementCode": "  ",
    "credits": null,
    "unitNotes": null,
    "coreCodes": [],
    "courseNotes": null,
    "expandedTitle": null
  },
  {
    "subjectNotes": "NO SPECIAL PERMISSION WILL BE GRANTED FOR RUTGERS BUSINESS SCHOOL-UNDERGRADUATE NB COURSES.",
    "courseNumber": "499",
    "subject": "799",
    "campusCode": "NB",
    "openSections": 1,
    "synopsisUrl": "http://www.business.rutgers.edu/undergrad-new-brunswick/academics/scm/curriculum",
    "subjectGroupNotes": null,
    "offeringUnitCode": "33",
    "offeringUnitTitle": null,
    "title": "IND STUDY IN SCM II",
    "courseDescription": null,
    "preReqNotes": "(33:799:301 )<em> OR </em>(29:799:301 )",
    "sections": [
      {
        "sectionEligibility": "JUNIORS AND SENIORS ",
        "sessionDatePrintIndicator": "N",
        "examCode": "A",
        "specialPermissionAddCode": "07",
        "crossListedSections": [],
        "sectionNotes": null,
        "specialPermissionDropCode": null,
        "instructors": [],
        "number": "01",
        "majors": [
          {
            "code": "799",
            "isUnitCode": false,
            "isMajorCode": true
          }
        ],
        "sessionDates": null,
        "specialPermissionDropCodeDescription": null,
        "subtopic": null,
        "openStatus": true,
        "comments": [
          {
            "code": "35",
            "description": "See online schedule for prereqs"
          }
        ],
        "minors": [],
        "campusCode": "NB",
        "index": "17244",
        "unitMajors": [],
        "printed": "Y",
        "specialPermissionAddCodeDescription": "Dean - School of Business",
        "subtitle": null,
        "meetingTimes": [
          {
            "campusLocation": null,
            "baClassHours": "B",
            "roomNumber": null,
            "pmCode": null,
            "campusAbbrev": null,
            "campusName": null,
            "meetingDay": null,
            "buildingCode": null,
            "startTime": null,
            "endTime": null,
            "meetingModeDesc": "PROJ-IND",
            "meetingModeCode": "19"
          }
        ],
        "legendKey": null,
        "honorPrograms": []
      }
    ],
    "supplementCode": "  ",
    "credits": null,
    "unitNotes": null,
    "coreCodes": [],
    "courseNotes": null,
    "expandedTitle": "INDEPENDENT STUDY IN SUPPLY CHAIN MANAGEMENT II                                 "
  }
]