[
  {
    "subjectNotes": null,
    "courseNumber": "101",
    "subject": "373",
    "campusCode": "NB",
    "openSections": 2,
    "synopsisUrl": "http://www.dafre.rutgers.edu/courses.html",
    "subjectGroupNotes": null,
    "offeringUnitCode": "11",
    "offeringUnitTitle": null,
    "title": "ECO PEOPLE AND ENV",
    "courseDescription": null,
    "preReqNotes": null,
    "sections": [
      {
        "sectionEligibility": null,
        "sessionDatePrintIndicator": "N",
        "examCode": "C",
        "specialPermissionAddCode": null,
        "crossListedSections": [],
        "sectionNotes": "NOT OPEN TO 373 OR 220 MAJORS",
        "specialPermissionDropCode": null,
        "instructors": [
          {
            "name": "GOTTLIEB, PAUL"
          },
          {
            "name": "SARMAH, MEGHNA"
          }
        ],
        "number": "01",
        "majors": [],
        "sessionDates": null,
        "specialPermissionDropCodeDescription": null,
        "subtopic": null,
        "openStatus": true,
        "comments": [],
        "minors": [],
        "campusCode": "NB",
        "index": "11818",
        "unitMajors": [],
        "printed": "Y",
        "specialPermissionAddCodeDescription": null,
        "subtitle": null,
        "meetingTimes": [
          {
            "campusLocation": "4",
            "baClassHours": null,
            "roomNumber": "103",
            "pmCode": "P",
            "campusAbbrev": "D/C",
            "campusName": "DOUGLAS/COOK",
            "meetingDay": "W",
            "buildingCode": "CDL",
            "startTime": "0200",
            "endTime": "0320",
            "meetingModeDesc": "LEC",
            "meetingModeCode": "02"
          },
          {
            "campusLocation": "4",
            "baClassHours": null,
            "roomNumber": "103",
            "pmCode": "P",
            "campusAbbrev": "D/C",
            "campusName": "DOUGLAS/COOK",
            "meetingDay": "M",
            "buildingCode": "CDL",
            "startTime": "0200",
            "endTime": "0320",
            "meetingModeDesc": "LEC",
            "meetingModeCode": "02"
          },
          {
            "campusLocation": "4",
            "baClassHours": null,
            "roomNumber": "202",
            "pmCode": "P",
            "campusAbbrev": "D/C",
            "campusName": "DOUGLAS/COOK",
            "meetingDay": "T",
            "buildingCode": "HCK",
            "startTime": "1225",
            "endTime": "0120",
            "meetingModeDesc": "RECIT",
            "meetingModeCode": "03"
          }
        ],
        "legendKey": null,
        "honorPrograms": []
      },
      {
        "sectionEligibility": null,
        "sessionDatePrintIndicator": "N",
        "examCode": "C",
        "specialPermissionAddCode": null,
        "crossListedSections": [],
        "sectionNotes": "NOT OPEN TO 373 OR 220 MAJORS",
        "specialPermissionDropCode": null,
        "instructors": [
          {
            "name": "SARMAH, MEGHNA"
          },
          {
            "name": "GOTTLIEB, PAUL"
          }
        ],
        "number": "02",
        "majors": [],
        "sessionDates": null,
        "specialPermissionDropCodeDescription": null,
        "subtopic": null,
        "openStatus": true,
        "comments": [],
        "minors": [],
        "campusCode": "NB",
        "index": "11819",
        "unitMajors": [],
        "printed": "Y",
        "specialPermissionAddCodeDescription": null,
        "subtitle": null,
        "meetingTimes": [
          {
            "campusLocation": "4",
            "baClassHours": null,
            "roomNumber": "103",
            "pmCode": "P",
            "campusAbbrev": "D/C",
            "campusName": "DOUGLAS/COOK",
            "meetingDay": "W",
            "buildingCode": "CDL",
            "startTime": "0200",
            "endTime": "0320",
            "meetingModeDesc": "LEC",
            "meetingModeCode": "02"
          },
          {
            "campusLocation": "4",
            "baClassHours": null,
            "roomNumber": "103",
            "pmCode": "P",
            "campusAbbrev": "D/C",
            "campusName": "DOUGLAS/COOK",
            "meetingDay": "M",
            "buildingCode": "CDL",
            "startTime": "0200",
            "endTime": "0320",
            "meetingModeDesc": "LEC",
            "meetingModeCode": "02"
          },
          {
            "campusLocation": "4",
            "baClassHours": null,
            "roomNumber": "211",
            "pmCode": "P",
            "campusAbbrev": "D/C",
            "campusName": "DOUGLAS/COOK",
            "meetingDay": "T",
            "buildingCode": "HCK",
            "startTime": "0405",
            "endTime": "0500",
            "meetingModeDesc": "RECIT",
            "meetingModeCode": "03"
          }
        ],
        "legendKey": null,
        "honorPrograms": []
      }
    ],
    "supplementCode": "  ",
    "credits": 3,
    "unitNotes": null,
    "coreCodes": [
      {
        "id": "2024111373101  78586",
        "year": "2024",
        "subject": "373",
        "description": "Our Common Future",
        "term": "1",
        "code": "CCO",
        "offeringUnitCode": "01",
        "coreCode": "CCO",
        "coreCodeDescription": "Our Common Future",
        "lastUpdated": 1545063307000,
        "course": "101",
        "offeringUnitCampus": "NB",
        "supplement": "  ",
        "unit": "11",
        "effective": "20241",
        "coreCodeReferenceId": "78586"
      },
      {
        "id": "2024111373101  81",
        "year": "2024",
        "subject": "373",
        "description": "SEBS Only: Economic Analysis",
        "term": "1",
        "code": "ECN",
        "offeringUnitCode": "01",
        "coreCode": "ECN",
        "coreCodeDescription": "SEBS Only: Economic Analysis",
        "lastUpdated": 1667835711000,
        "course": "101",
        "offeringUnitCampus": "NB",
        "supplement": "  ",
        "unit": "11",
        "effective": "20241",
        "coreCodeReferenceId": "81"
      },
      {
        "id": "2024111373101  25",
        "year": "2024",
        "subject": "373",
        "description": "Social Analysis",
        "term": "1",
        "code": "SCL",
        "offeringUnitCode": "01",
        "coreCode": "SCL",
        "coreCodeDescription": "Social Analysis",
        "lastUpdated": 1468423803000,
        "course": "101",
        "offeringUnitCampus": "NB",
        "supplement": "  ",
        "unit": "11",
        "effective": "20241",
        "coreCodeReferenceId": "25"
      }
    ],
    "courseNotes": null,
    "expandedTitle": "ECONOMICS, PEOPLE AND THE ENVIRONMENT                                           "
  },
  {
    "subjectNotes": null,
    "courseNumber": "121",
    "subject": "373",
    "campusCode": "NB",
    "openSections": 2,
    "synopsisUrl": "http://www.dafre.rutgers.edu/courses.html",
    "subjectGroupNotes": null,
    "offeringUnitCode": "11",
    "offeringUnitTitle": null,
    "title": "PRIN&APP MICROECONM",
    "courseDescription": null,
    "preReqNotes": null,
    "sections": [
      {
        "sectionEligibility": null,
        "sessionDatePrintIndicator": "N",
        "examCode": "C",
        "specialPermissionAddCode": null,
        "crossListedSections": [],
        "sectionNotes": null,
        "specialPermissionDropCode": null,
        "instructors": [
          {
            "name": "CHAUDHURI"
          }
        ],
        "number": "01",
        "majors": [],
        "sessionDates": null,
        "specialPermissionDropCodeDescription": null,
        "subtopic": null,
        "openStatus": true,
        "comments": [],
        "minors": [],
        "campusCode": "NB",
        "index": "11820",
        "unitMajors": [],
        "printed": "Y",
        "specialPermissionAddCodeDescription": null,
        "subtitle": null,
        "meetingTimes": [
          {
            "campusLocation": "4",
            "baClassHours": null,
            "roomNumber": "101",
            "pmCode": "P",
            "campusAbbrev": "D/C",
            "campusName": "DOUGLAS/COOK",
            "meetingDay": "T",
            "buildingCode": "FNH",
            "startTime": "0200",
            "endTime": "0320",
            "meetingModeDesc": "LEC",
            "meetingModeCode": "02"
          },
          {
            "campusLocation": "4",
            "baClassHours": null,
            "roomNumber": "101",
            "pmCode": "P",
            "campusAbbrev": "D/C",
            "campusName": "DOUGLAS/COOK",
            "meetingDay": "TH",
            "buildingCode": "FNH",
            "startTime": "0200",
            "endTime": "0320",
            "meetingModeDesc": "LEC",
            "meetingModeCode": "02"
          }
        ],
        "legendKey": null,
        "honorPrograms": []
      },
      {
        "sectionEligibility": null,
        "sessionDatePrintIndicator": "N",
        "examCode": "C",
        "specialPermissionAddCode": null,
        "crossListedSections": [],
        "sectionNotes": null,
        "specialPermissionDropCode": null,
        "instructors": [
          {
            "name": "ITALIA, JOHN"
          }
        ],
        "number": "02",
        "majors": [],
        "sessionDates": null,
        "specialPermissionDropCodeDescription": null,
        "subtopic": null,
        "openStatus": true,
        "comments": [],
        "minors": [],
        "campusCode": "NB",
        "index": "11821",
        "unitMajors": [],
        "printed": "Y",
        "specialPermissionAddCodeDescription": null,
        "subtitle": null,
        "meetingTimes": [
          {
            "campusLocation": "4",
            "baClassHours": null,
            "roomNumber": "109",
            "pmCode": "P",
            "campusAbbrev": "D/C",
            "campusName": "DOUGLAS/COOK",
            "meetingDay": "F",
            "buildingCode": "CDL",
            "startTime": "0200",
            "endTime": "0320",
            "meetingModeDesc": "LEC",
            "meetingModeCode": "02"
          },
          {
            "campusLocation": "4",
            "baClassHours": null,
            "roomNumber": "109",
            "pmCode": "P",
            "campusAbbrev": "D/C",
            "campusName": "DOUGLAS/COOK",
            "meetingDay": "W",
            "buildingCode": "CDL",
            "startTime": "1210",
            "endTime": "0130",
            "meetingModeDesc": "LEC",
            "meetingModeCode": "02"
          }
        ],
        "legendKey": null,
        "honorPrograms": []
      }
    ],
    "supplementCode": "  ",
    "credits": 3,
    "unitNotes": null,
    "coreCodes": [
      {
        "id": "2024111373121  81",
        "year": "2024",
        "subject": "373",
        "description": "SEBS Only: Economic Analysis",
        "term": "1",
        "code": "ECN",
        "offeringUnitCode": "01",
        "coreCode": "ECN",
        "coreCodeDescription": "SEBS Only: Economic Analysis",
        "lastUpdated": 1667835711000,
        "course": "121",
        "offeringUnitCampus": "NB",
        "supplement": "  ",
        "unit": "11",
        "effective": "20241",
        "coreCodeReferenceId": "81"
      },
      {
        "id": "2024111373121  25",
        "year": "2024",
        "subject": "373",
        "description": "Social Analysis",
        "term": "1",
        "code": "SCL",
        "offeringUnitCode": "01",
        "coreCode": "SCL",
        "coreCodeDescription": "Social Analysis",
        "lastUpdated": 1468423803000,
        "course": "121",
        "offeringUnitCampus": "NB",
        "supplement": "  ",
        "unit": "11",
        "effective": "20241",
        "coreCodeReferenceId": "25"
      }
    ],
    "courseNotes": null,
    "expandedTitle": "PRINCIPLES AND APPLICATIONS OF MICROECONOMICS                                   "
  },
  {
    "subjectNotes": null,
    "courseNumber": "122",
    "subject": "373",
    "campusCode": "NB",
    "openSections": 1,
    "synopsisUrl": "http://www.dafre.rutgers.edu/courses.html",
    "subjectGroupNotes": null,
    "offeringUnitCode": "11",
    "offeringUnitTitle": null,
    "title": "PRIN&APP MACROECONM",
    "courseDescription": null,
    "preReqNotes": "Any Course EQUAL or GREATER Than: (01:640:111 )",
    "sections": [
      {
        "sectionEligibility": null,
        "sessionDatePrintIndicator": "N",
        "examCode": "C",
        "specialPermissionAddCode": null,
        "crossListedSections": [],
        "sectionNotes": "PREREQ: 01:640:111 OR 112 OR 115OR MATH PLACEMENT",
        "specialPermissionDropCode": null,
        "instructors": [
          {
            "name": "GOTTLIEB, PAUL"
          }
        ],
        "number": "01",
        "majors": [],
        "sessionDates": null,
        "specialPermissionDropCodeDescription": null,
        "subtopic": null,
        "openStatus": true,
        "comments": [],
        "minors": [],
        "campusCode": "NB",
        "index": "11822",
        "unitMajors": [],
        "printed": "Y",
        "specialPermissionAddCodeDescription": null,
        "subtitle": null,
        "meetingTimes": [
          {
            "campusLocation": "4",
            "baClassHours": null,
            "roomNumber": "109",
            "pmCode": "P",
            "campusAbbrev": "D/C",
            "campusName": "DOUGLAS/COOK",
            "meetingDay": "T",
            "buildingCode": "CDL",
            "startTime": "0350",
            "endTime": "0510",
            "meetingModeDesc": "LEC",
            "meetingModeCode": "02"
          },
          {
            "campusLocation": "4",
            "baClassHours": null,
            "roomNumber": "109",
            "pmCode": "P",
            "campusAbbrev": "D/C",
            "campusName": "DOUGLAS/COOK",
            "meetingDay": "TH",
            "buildingCode": "CDL",
            "startTime": "0350",
            "endTime": "0510",
            "meetingModeDesc": "LEC",
            "meetingModeCode": "02"
          }
        ],
        "legendKey": null,
        "honorPrograms": []
      }
    ],
    "supplementCode": "  ",
    "credits": 3,
    "unitNotes": null,
    "coreCodes": [
      {
        "id": "2024111373122  81",
        "year": "2024",
        "subject": "373",
        "description": "SEBS Only: Economic Analysis",
        "term": "1",
        "code": "ECN",
        "offeringUnitCode": "01",
        "coreCode": "ECN",
        "coreCodeDescription": "SEBS Only: Economic Analysis",
        "lastUpdated": 1667835711000,
        "course": "122",
        "offeringUnitCampus": "NB",
        "supplement": "  ",
        "unit": "11",
        "effective": "20241",
        "coreCodeReferenceId": "81"
      },
      {
        "id": "2024111373122  25",
        "year": "2024",
        "subject": "373",
        "description": "Social Analysis",
        "term": "1",
        "code": "SCL",
        "offeringUnitCode": "01",
        "coreCode": "SCL",
        "coreCodeDescription": "Social Analysis",
        "lastUpdated": 1468423803000,
        "course": "122",
        "offeringUnitCampus": "NB",
        "supplement": "  ",
        "unit": "11",
        "effective": "20241",
        "coreCodeReferenceId": "25"
      }
    ],
    "courseNotes": null,
    "expandedTitle": null
  },
  {
    "subjectNotes": null,
    "courseNumber": "202",
    "subject": "373",
    "campusCode": "NB",
    "openSections": 0,
    "synopsisUrl": "http://www.dafre.rutgers.edu/courses.html",
    "subjectGroupNotes": null,
    "offeringUnitCode": "11",
    "offeringUnitTitle": null,
    "title": "SUSTAINABILITY DECIS",
    "courseDescription": null,
    "preReqNotes": null,
    "sections": [
      {
        "sectionEligibility": null,
        "sessionDatePrintIndicator": "N",
        "examCode": "A",
        "specialPermissionAddCode": null,
        "crossListedSections": [],
        "sectionNotes": "OPEN TO ALL STUDENTS FIRST YEAR,SOPHOMORES, JUNIORS AND SENIORSSTUDENTS REQUIRED TO REGISTERFOR 3 CREDITS",
        "specialPermissionDropCode": null,
        "instructors": [
          {
            "name": "GURAN, SERPIL"
          }
        ],
        "number": "90",
        "majors": [],
        "sessionDates": null,
        "specialPermissionDropCodeDescription": null,
        "subtopic": null,
        "openStatus": false,
        "comments": [],
        "minors": [],
        "campusCode": "NB",
        "index": "11823",
        "unitMajors": [],
        "printed": "Y",
        "specialPermissionAddCodeDescription": null,
        "subtitle": null,
        "meetingTimes": [
          {
            "campusLocation": "O",
            "baClassHours": "B",
            "roomNumber": null,
            "pmCode": null,
            "campusAbbrev": "**",
            "campusName": "** INVALID **",
            "meetingDay": null,
            "buildingCode": null,
            "startTime": null,
            "endTime": null,
            "meetingModeDesc": "ONLINE INSTRUCTION(INTERNET)",
            "meetingModeCode": "90"
          }
        ],
        "legendKey": null,
        "honorPrograms": []
      }
    ],
    "supplementCode": "  ",
    "credits": 3,
    "unitNotes": null,
    "coreCodes": [],
    "courseNotes": null,
    "expandedTitle": "SUSTAINABILITY DECISION TOOLS                                                   "
  },
  {
    "subjectNotes": null,
    "courseNumber": "215",
    "subject": "373",
    "campusCode": "NB",
    "openSections": 1,
    "synopsisUrl": "http://www.dafre.rutgers.edu/courses.html",
    "subjectGroupNotes": null,
    "offeringUnitCode": "11",
    "offeringUnitTitle": null,
    "title": "APPL STAT BUS ECON",
    "courseDescription": null,
    "preReqNotes": "Any Course EQUAL or GREATER Than: (01:640:111 )",
    "sections": [
      {
        "sectionEligibility": null,
        "sessionDatePrintIndicator": "N",
        "examCode": "C",
        "specialPermissionAddCode": null,
        "crossListedSections": [],
        "sectionNotes": null,
        "specialPermissionDropCode": null,
        "instructors": [
          {
            "name": "CAMASSO"
          }
        ],
        "number": "01",
        "majors": [],
        "sessionDates": null,
        "specialPermissionDropCodeDescription": null,
        "subtopic": null,
        "openStatus": true,
        "comments": [],
        "minors": [],
        "campusCode": "NB",
        "index": "18037",
        "unitMajors": [],
        "printed": "Y",
        "specialPermissionAddCodeDescription": null,
        "subtitle": null,
        "meetingTimes": [
          {
            "campusLocation": "4",
            "baClassHours": null,
            "roomNumber": "122",
            "pmCode": "P",
            "campusAbbrev": "D/C",
            "campusName": "DOUGLAS/COOK",
            "meetingDay": "T",
            "buildingCode": "HCK",
            "startTime": "0350",
            "endTime": "0510",
            "meetingModeDesc": "LEC",
            "meetingModeCode": "02"
          },
          {
            "campusLocation": "4",
            "baClassHours": null,
            "roomNumber": "122",
            "pmCode": "P",
            "campusAbbrev": "D/C",
            "campusName": "DOUGLAS/COOK",
            "meetingDay": "TH",
            "buildingCode": "HCK",
            "startTime": "0350",
            "endTime": "0510",
            "meetingModeDesc": "LEC",
            "meetingModeCode": "02"
          }
        ],
        "legendKey": null,
        "honorPrograms": []
      }
    ],
    "supplementCode": "  ",
    "credits": 3,
    "unitNotes": null,
    "coreCodes": [],
    "courseNotes": null,
    "expandedTitle": null
  },
  {
    "subjectNotes": null,
    "courseNumber": "220",
    "subject": "373",
    "campusCode": "NB",
    "openSections": 1,
    "synopsisUrl": "http://www.dafre.rutgers.edu/courses.html",
    "subjectGroupNotes": null,
    "offeringUnitCode": "11",
    "offeringUnitTitle": null,
    "title": "INTR ENVIR VALUATION",
    "courseDescription": null,
    "preReqNotes": null,
    "sections": [
      {
        "sectionEligibility": null,
        "sessionDatePrintIndicator": "N",
        "examCode": "C",
        "specialPermissionAddCode": null,
        "crossListedSections": [],
        "sectionNotes": null,
        "specialPermissionDropCode": null,
        "instructors": [
          {
            "name": "HOCHMAN, GAL"
          }
        ],
        "number": "01",
        "majors": [],
        "sessionDates": null,
        "specialPermissionDropCodeDescription": null,
        "subtopic": null,
        "openStatus": true,
        "comments": [],
        "minors": [],
        "campusCode": "NB",
        "index": "18385",
        "unitMajors": [],
        "printed": "Y",
        "specialPermissionAddCodeDescription": null,
        "subtitle": null,
        "meetingTimes": [
          {
            "campusLocation": "4",
            "baClassHours": null,
            "roomNumber": "119",
            "pmCode": "A",
            "campusAbbrev": "D/C",
            "campusName": "DOUGLAS/COOK",
            "meetingDay": "F",
            "buildingCode": "HCK",
            "startTime": "1020",
            "endTime": "1140",
            "meetingModeDesc": "LEC",
            "meetingModeCode": "02"
          },
          {
            "campusLocation": "4",
            "baClassHours": null,
            "roomNumber": "119",
            "pmCode": "A",
            "campusAbbrev": "D/C",
            "campusName": "DOUGLAS/COOK",
            "meetingDay": "T",
            "buildingCode": "HCK",
            "startTime": "1020",
            "endTime": "1140",
            "meetingModeDesc": "LEC",
            "meetingModeCode": "02"
          }
        ],
        "legendKey": null,
        "honorPrograms": []
      }
    ],
    "supplementCode": "  ",
    "credits": 3,
    "unitNotes": null,
    "coreCodes": [],
    "courseNotes": null,
    "expandedTitle": "INTRODUCTION TO ENVIRONMENTAL VALUATION                                         "
  },
  {
    "subjectNotes": null,
    "courseNumber": "231",
    "subject": "373",
    "campusCode": "NB",
    "openSections": 1,
    "synopsisUrl": "http://www.dafre.rutgers.edu/courses.html",
    "subjectGroupNotes": null,
    "offeringUnitCode": "11",
    "offeringUnitTitle": null,
    "title": "INTRO TO MARKETING",
    "courseDescription": null,
    "preReqNotes": "(11:373:121 )<em> OR </em>(01:220:102 )",
    "sections": [
      {
        "sectionEligibility": null,
        "sessionDatePrintIndicator": "N",
        "examCode": "C",
        "specialPermissionAddCode": null,
        "crossListedSections": [],
        "sectionNotes": null,
        "specialPermissionDropCode": null,
        "instructors": [
          {
            "name": "BHUYAN, SANJIB"
          }
        ],
        "number": "01",
        "majors": [],
        "sessionDates": null,
        "specialPermissionDropCodeDescription": null,
        "subtopic": null,
        "openStatus": true,
        "comments": [
          {
            "code": "05",
            "description": "Go to http://canvas.rutgers.edu"
          }
        ],
        "minors": [],
        "campusCode": "NB",
        "index": "11824",
        "unitMajors": [],
        "printed": "Y",
        "specialPermissionAddCodeDescription": null,
        "subtitle": null,
        "meetingTimes": [
          {
            "campusLocation": "4",
            "baClassHours": null,
            "roomNumber": "202",
            "pmCode": "P",
            "campusAbbrev": "D/C",
            "campusName": "DOUGLAS/COOK",
            "meetingDay": "M",
            "buildingCode": "HCK",
            "startTime": "0540",
            "endTime": "0700",
            "meetingModeDesc": "LEC",
            "meetingModeCode": "02"
          },
          {
            "campusLocation": "4",
            "baClassHours": null,
            "roomNumber": "202",
            "pmCode": "P",
            "campusAbbrev": "D/C",
            "campusName": "DOUGLAS/COOK",
            "meetingDay": "W",
            "buildingCode": "HCK",
            "startTime": "0540",
            "endTime": "0700",
            "meetingModeDesc": "LEC",
            "meetingModeCode": "02"
          }
        ],
        "legendKey": null,
        "honorPrograms": []
      }
    ],
    "supplementCode": "  ",
    "credits": 3,
    "unitNotes": null,
    "coreCodes": [],
    "courseNotes": null,
    "expandedTitle": null
  },
  {
    "subjectNotes": null,
    "courseNumber": "241",
    "subject": "373",
    "campusCode": "NB",
    "openSections": 0,
    "synopsisUrl": "http://www.dafre.rutgers.edu/courses.html",
    "subjectGroupNotes": null,
    "offeringUnitCode": "11",
    "offeringUnitTitle": null,
    "title": "INTRO TO MANAGEMENT",
    "courseDescription": null,
    "preReqNotes": "(11:373:101 )<em> OR </em>(11:373:121 )<em> OR </em>(01:220:102 )",
    "sections": [
      {
        "sectionEligibility": null,
        "sessionDatePrintIndicator": "N",
        "examCode": "C",
        "specialPermissionAddCode": null,
        "crossListedSections": [],
        "sectionNotes": null,
        "specialPermissionDropCode": null,
        "instructors": [
          {
            "name": "ITALIA, JOHN"
          }
        ],
        "number": "90",
        "majors": [],
        "sessionDates": null,
        "specialPermissionDropCodeDescription": null,
        "subtopic": null,
        "openStatus": false,
        "comments": [],
        "minors": [],
        "campusCode": "NB",
        "index": "11825",
        "unitMajors": [],
        "printed": "Y",
        "specialPermissionAddCodeDescription": null,
        "subtitle": null,
        "meetingTimes": [
          {
            "campusLocation": "O",
            "baClassHours": "B",
            "roomNumber": null,
            "pmCode": null,
            "campusAbbrev": "**",
            "campusName": "** INVALID **",
            "meetingDay": null,
            "buildingCode": null,
            "startTime": null,
            "endTime": null,
            "meetingModeDesc": "ONLINE INSTRUCTION(INTERNET)",
            "meetingModeCode": "90"
          }
        ],
        "legendKey": null,
        "honorPrograms": []
      }
    ],
    "supplementCode": "  ",
    "credits": 3,
    "unitNotes": null,
    "coreCodes": [],
    "courseNotes": null,
    "expandedTitle": null
  },
  {
    "subjectNotes": null,
    "courseNumber": "321",
    "subject": "373",
    "campusCode": "NB",
    "openSections": 1,
    "synopsisUrl": "http://www.dafre.rutgers.edu/courses.html",
    "subjectGroupNotes": null,
    "offeringUnitCode": "11",
    "offeringUnitTitle": null,
    "title": "ECON OF PRODUCTION",
    "courseDescription": null,
    "preReqNotes": "((01:640:135  or 01:640:151  or 11:373:211 ) and (11:373:121 )) <em> OR </em> ((01:640:135  or 01:640:151  or 11:373:211 ) and (01:220:102 ))",
    "sections": [
      {
        "sectionEligibility": null,
        "sessionDatePrintIndicator": "N",
        "examCode": "C",
        "specialPermissionAddCode": null,
        "crossListedSections": [],
        "sectionNotes": null,
        "specialPermissionDropCode": null,
        "instructors": [
          {
            "name": "JIN, YANHONG"
          }
        ],
        "number": "01",
        "majors": [],
        "sessionDates": null,
        "specialPermissionDropCodeDescription": null,
        "subtopic": null,
        "openStatus": true,
        "comments": [],
        "minors": [],
        "campusCode": "NB",
        "index": "11826",
        "unitMajors": [],
        "printed": "Y",
        "specialPermissionAddCodeDescription": null,
        "subtitle": null,
        "meetingTimes": [
          {
            "campusLocation": "4",
            "baClassHours": null,
            "roomNumber": "101",
            "pmCode": "P",
            "campusAbbrev": "D/C",
            "campusName": "DOUGLAS/COOK",
            "meetingDay": "M",
            "buildingCode": "FS",
            "startTime": "0350",
            "endTime": "0510",
            "meetingModeDesc": "LEC",
            "meetingModeCode": "02"
          },
          {
            "campusLocation": "4",
            "baClassHours": null,
            "roomNumber": "101",
            "pmCode": "P",
            "campusAbbrev": "D/C",
            "campusName": "DOUGLAS/COOK",
            "meetingDay": "W",
            "buildingCode": "FS",
            "startTime": "0350",
            "endTime": "0510",
            "meetingModeDesc": "LEC",
            "meetingModeCode": "02"
          }
        ],
        "legendKey": null,
        "honorPrograms": []
      }
    ],
    "supplementCode": "  ",
    "credits": 3,
    "unitNotes": null,
    "coreCodes": [],
    "courseNotes": null,
    "expandedTitle": "ECONOMICS OF PRODUCTION                                                         "
  },
  {
    "subjectNotes": null,
    "courseNumber": "331",
    "subject": "373",
    "campusCode": "NB",
    "openSections": 1,
    "synopsisUrl": "http://www.dafre.rutgers.edu/courses.html",
    "subjectGroupNotes": null,
    "offeringUnitCode": "11",
    "offeringUnitTitle": null,
    "title": "ECON FOOD MKTG SYSTM",
    "courseDescription": null,
    "preReqNotes": "(11:373:231 )",
    "sections": [
      {
        "sectionEligibility": null,
        "sessionDatePrintIndicator": "N",
        "examCode": "C",
        "specialPermissionAddCode": null,
        "crossListedSections": [],
        "sectionNotes": null,
        "specialPermissionDropCode": null,
        "instructors": [
          {
            "name": "BHUYAN, SANJIB"
          }
        ],
        "number": "01",
        "majors": [],
        "sessionDates": null,
        "specialPermissionDropCodeDescription": null,
        "subtopic": null,
        "openStatus": true,
        "comments": [],
        "minors": [],
        "campusCode": "NB",
        "index": "11827",
        "unitMajors": [],
        "printed": "Y",
        "specialPermissionAddCodeDescription": null,
        "subtitle": null,
        "meetingTimes": [
          {
            "campusLocation": "4",
            "baClassHours": null,
            "roomNumber": "205",
            "pmCode": "P",
            "campusAbbrev": "D/C",
            "campusName": "DOUGLAS/COOK",
            "meetingDay": "W",
            "buildingCode": "FNH",
            "startTime": "0350",
            "endTime": "0510",
            "meetingModeDesc": "LEC",
            "meetingModeCode": "02"
          },
          {
            "campusLocation": "4",
            "baClassHours": null,
            "roomNumber": "205",
            "pmCode": "P",
            "campusAbbrev": "D/C",
            "campusName": "DOUGLAS/COOK",
            "meetingDay": "M",
            "buildingCode": "FNH",
            "startTime": "0350",
            "endTime": "0510",
            "meetingModeDesc": "LEC",
            "meetingModeCode": "02"
          }
        ],
        "legendKey": null,
        "honorPrograms": []
      }
    ],
    "supplementCode": "  ",
    "credits": 3,
    "unitNotes": null,
    "coreCodes": [],
    "courseNotes": null,
    "expandedTitle": null
  },
  {
    "subjectNotes": null,
    "courseNumber": "335",
    "subject": "373",
    "campusCode": "NB",
    "openSections": 1,
    "synopsisUrl": "http://www.dafre.rutgers.edu/courses.html",
    "subjectGroupNotes": null,
    "offeringUnitCode": "11",
    "offeringUnitTitle": null,
    "title": "ENERGY ECON & POLICY",
    "courseDescription": null,
    "preReqNotes": "(11:373:121 )<em> OR </em>(01:220:102 )",
    "sections": [
      {
        "sectionEligibility": null,
        "sessionDatePrintIndicator": "N",
        "examCode": "C",
        "specialPermissionAddCode": null,
        "crossListedSections": [],
        "sectionNotes": null,
        "specialPermissionDropCode": null,
        "instructors": [
          {
            "name": "HOCHMAN, GAL"
          }
        ],
        "number": "01",
        "majors": [],
        "sessionDates": null,
        "specialPermissionDropCodeDescription": null,
        "subtopic": null,
        "openStatus": true,
        "comments": [
          {
            "code": "05",
            "description": "Go to http://canvas.rutgers.edu"
          }
        ],
        "minors": [],
        "campusCode": "NB",
        "index": "18384",
        "unitMajors": [],
        "printed": "Y",
        "specialPermissionAddCodeDescription": null,
        "subtitle": null,
        "meetingTimes": [
          {
            "campusLocation": "4",
            "baClassHours": null,
            "roomNumber": "210",
            "pmCode": "P",
            "campusAbbrev": "D/C",
            "campusName": "DOUGLAS/COOK",
            "meetingDay": "W",
            "buildingCode": "WAL",
            "startTime": "0200",
            "endTime": "0320",
            "meetingModeDesc": "LEC",
            "meetingModeCode": "02"
          },
          {
            "campusLocation": "4",
            "baClassHours": null,
            "roomNumber": "210",
            "pmCode": "P",
            "campusAbbrev": "D/C",
            "campusName": "DOUGLAS/COOK",
            "meetingDay": "M",
            "buildingCode": "WAL",
            "startTime": "0200",
            "endTime": "0320",
            "meetingModeDesc": "LEC",
            "meetingModeCode": "02"
          }
        ],
        "legendKey": null,
        "honorPrograms": []
      }
    ],
    "supplementCode": "  ",
    "credits": 3,
    "unitNotes": null,
    "coreCodes": [],
    "courseNotes": null,
    "expandedTitle": "ENERGY ECONOMICS AND POLICY                                                     "
  },
  {
    "subjectNotes": null,
    "courseNumber": "341",
    "subject": "373",
    "campusCode": "NB",
    "openSections": 0,
    "synopsisUrl": "http://www.dafre.rutgers.edu/courses.html",
    "subjectGroupNotes": null,
    "offeringUnitCode": "11",
    "offeringUnitTitle": null,
    "title": "ORG DYN",
    "courseDescription": null,
    "preReqNotes": "(11:373:101 )<em> OR </em>(11:373:121 )<em> OR </em>(01:220:102 )",
    "sections": [
      {
        "sectionEligibility": null,
        "sessionDatePrintIndicator": "N",
        "examCode": "A",
        "specialPermissionAddCode": null,
        "crossListedSections": [],
        "sectionNotes": null,
        "specialPermissionDropCode": null,
        "instructors": [
          {
            "name": "TAVERNIER"
          }
        ],
        "number": "90",
        "majors": [],
        "sessionDates": null,
        "specialPermissionDropCodeDescription": null,
        "subtopic": null,
        "openStatus": false,
        "comments": [],
        "minors": [],
        "campusCode": "NB",
        "index": "11828",
        "unitMajors": [],
        "printed": "Y",
        "specialPermissionAddCodeDescription": null,
        "subtitle": null,
        "meetingTimes": [
          {
            "campusLocation": "O",
            "baClassHours": "B",
            "roomNumber": null,
            "pmCode": null,
            "campusAbbrev": "**",
            "campusName": "** INVALID **",
            "meetingDay": null,
            "buildingCode": null,
            "startTime": null,
            "endTime": null,
            "meetingModeDesc": "ONLINE INSTRUCTION(INTERNET)",
            "meetingModeCode": "90"
          }
        ],
        "legendKey": null,
        "honorPrograms": []
      }
    ],
    "supplementCode": "  ",
    "credits": 3,
    "unitNotes": null,
    "coreCodes": [],
    "courseNotes": null,
    "expandedTitle": "ORGANIZATIONAL DYNAMICS"
  },
  {
    "subjectNotes": null,
    "courseNumber": "352",
    "subject": "373",
    "campusCode": "NB",
    "openSections": 1,
    "synopsisUrl": "http://www.dafre.rutgers.edu/courses.html",
    "subjectGroupNotes": null,
    "offeringUnitCode": "11",
    "offeringUnitTitle": null,
    "title": "ECON FUTURES MARKETS",
    "courseDescription": null,
    "preReqNotes": "(11:373:121 )<em> OR </em>(01:220:102 )",
    "sections": [
      {
        "sectionEligibility": null,
        "sessionDatePrintIndicator": "N",
        "examCode": "C",
        "specialPermissionAddCode": null,
        "crossListedSections": [],
        "sectionNotes": null,
        "specialPermissionDropCode": null,
        "instructors": [
          {
            "name": "BHUYAN, SANJIB"
          }
        ],
        "number": "01",
        "majors": [],
        "sessionDates": null,
        "specialPermissionDropCodeDescription": null,
        "subtopic": null,
        "openStatus": true,
        "comments": [],
        "minors": [],
        "campusCode": "NB",
        "index": "11829",
        "unitMajors": [],
        "printed": "Y",
        "specialPermissionAddCodeDescription": null,
        "subtitle": null,
        "meetingTimes": [
          {
            "campusLocation": "4",
            "baClassHours": null,
            "roomNumber": "204",
            "pmCode": "A",
            "campusAbbrev": "D/C",
            "campusName": "DOUGLAS/COOK",
            "meetingDay": "M",
            "buildingCode": "HSB",
            "startTime": "1020",
            "endTime": "1140",
            "meetingModeDesc": "LEC",
            "meetingModeCode": "02"
          },
          {
            "campusLocation": "4",
            "baClassHours": null,
            "roomNumber": "204",
            "pmCode": "A",
            "campusAbbrev": "D/C",
            "campusName": "DOUGLAS/COOK",
            "meetingDay": "TH",
            "buildingCode": "HSB",
            "startTime": "1020",
            "endTime": "1140",
            "meetingModeDesc": "LEC",
            "meetingModeCode": "02"
          }
        ],
        "legendKey": null,
        "honorPrograms": []
      }
    ],
    "supplementCode": "  ",
    "credits": 3,
    "unitNotes": null,
    "coreCodes": [],
    "courseNotes": null,
    "expandedTitle": "ECONOMICS OF FUTURES MARKETS                                                    "
  },
  {
    "subjectNotes": null,
    "courseNumber": "353",
    "subject": "373",
    "campusCode": "NB",
    "openSections": 1,
    "synopsisUrl": "http://www.dafre.rutgers.edu/courses.html",
    "subjectGroupNotes": null,
    "offeringUnitCode": "11",
    "offeringUnitTitle": null,
    "title": "PERSONAL FINANCE",
    "courseDescription": null,
    "preReqNotes": "(11:373:121 )<em> OR </em>(01:220:102 )",
    "sections": [
      {
        "sectionEligibility": null,
        "sessionDatePrintIndicator": "N",
        "examCode": "C",
        "specialPermissionAddCode": null,
        "crossListedSections": [],
        "sectionNotes": "CREDIT NOT GIVEN FOR BOTH THISCOURSE AND 01:220:110OR 37:575:250",
        "specialPermissionDropCode": null,
        "instructors": [
          {
            "name": "VELLANGANY"
          }
        ],
        "number": "90",
        "majors": [],
        "sessionDates": null,
        "specialPermissionDropCodeDescription": null,
        "subtopic": null,
        "openStatus": true,
        "comments": [],
        "minors": [],
        "campusCode": "NB",
        "index": "11830",
        "unitMajors": [],
        "printed": "Y",
        "specialPermissionAddCodeDescription": null,
        "subtitle": null,
        "meetingTimes": [
          {
            "campusLocation": "O",
            "baClassHours": "B",
            "roomNumber": null,
            "pmCode": null,
            "campusAbbrev": "**",
            "campusName": "** INVALID **",
            "meetingDay": null,
            "buildingCode": null,
            "startTime": null,
            "endTime": null,
            "meetingModeDesc": "ONLINE INSTRUCTION(INTERNET)",
            "meetingModeCode": "90"
          }
        ],
        "legendKey": null,
        "honorPrograms": []
      }
    ],
    "supplementCode": "  ",
    "credits": 3,
    "unitNotes": null,
    "coreCodes": [],
    "courseNotes": null,
    "expandedTitle": null
  },
  {
    "subjectNotes": null,
    "courseNumber": "361",
    "subject": "373",
    "campusCode": "NB",
    "openSections": 1,
    "synopsisUrl": "http://www.dafre.rutgers.edu/courses.html",
    "subjectGroupNotes": null,
    "offeringUnitCode": "11",
    "offeringUnitTitle": null,
    "title": "LAND ECONOMICS",
    "courseDescription": null,
    "preReqNotes": "(11:373:121 )<em> OR </em>(01:220:102 )",
    "sections": [
      {
        "sectionEligibility": null,
        "sessionDatePrintIndicator": "N",
        "examCode": "A",
        "specialPermissionAddCode": null,
        "crossListedSections": [],
        "sectionNotes": null,
        "specialPermissionDropCode": null,
        "instructors": [
          {
            "name": "TAVERNIER"
          }
        ],
        "number": "90",
        "majors": [],
        "sessionDates": null,
        "specialPermissionDropCodeDescription": null,
        "subtopic": null,
        "openStatus": true,
        "comments": [],
        "minors": [],
        "campusCode": "NB",
        "index": "11831",
        "unitMajors": [],
        "printed": "Y",
        "specialPermissionAddCodeDescription": null,
        "subtitle": null,
        "meetingTimes": [
          {
            "campusLocation": "O",
            "baClassHours": "B",
            "roomNumber": null,
            "pmCode": null,
            "campusAbbrev": "**",
            "campusName": "** INVALID **",
            "meetingDay": null,
            "buildingCode": null,
            "startTime": null,
            "endTime": null,
            "meetingModeDesc": "ONLINE INSTRUCTION(INTERNET)",
            "meetingModeCode": "90"
          }
        ],
        "legendKey": null,
        "honorPrograms": []
      }
    ],
    "supplementCode": "  ",
    "credits": 3,
    "unitNotes": null,
    "coreCodes": [],
    "courseNotes": null,
    "expandedTitle": null
  },
  {
    "subjectNotes": null,
    "courseNumber": "363",
    "subject": "373",
    "campusCode": "NB",
    "openSections": 1,
    "synopsisUrl": "http://www.dafre.rutgers.edu/courses.html",
    "subjectGroupNotes": null,
    "offeringUnitCode": "11",
    "offeringUnitTitle": null,
    "title": "ENVIRONMENTAL ECON",
    "courseDescription": null,
    "preReqNotes": "(11:373:121 )<em> OR </em>(01:220:102 )",
    "sections": [
      {
        "sectionEligibility": "JUNIORS AND SENIORS ",
        "sessionDatePrintIndicator": "N",
        "examCode": "O",
        "specialPermissionAddCode": null,
        "crossListedSections": [],
        "sectionNotes": "JUNIORS AND SENIORSSPECIAL PERMISSION FORSOPHOMORES",
        "specialPermissionDropCode": null,
        "instructors": [
          {
            "name": "HOCHMAN, GAL"
          }
        ],
        "number": "01",
        "majors": [],
        "sessionDates": null,
        "specialPermissionDropCodeDescription": null,
        "subtopic": null,
        "openStatus": true,
        "comments": [],
        "minors": [],
        "campusCode": "NB",
        "index": "11832",
        "unitMajors": [],
        "printed": "Y",
        "specialPermissionAddCodeDescription": null,
        "subtitle": null,
        "meetingTimes": [
          {
            "campusLocation": "4",
            "baClassHours": null,
            "roomNumber": "123",
            "pmCode": "P",
            "campusAbbrev": "D/C",
            "campusName": "DOUGLAS/COOK",
            "meetingDay": "M",
            "buildingCode": "BT",
            "startTime": "0350",
            "endTime": "0510",
            "meetingModeDesc": "LEC",
            "meetingModeCode": "02"
          },
          {
            "campusLocation": "4",
            "baClassHours": null,
            "roomNumber": "123",
            "pmCode": "P",
            "campusAbbrev": "D/C",
            "campusName": "DOUGLAS/COOK",
            "meetingDay": "W",
            "buildingCode": "BT",
            "startTime": "0350",
            "endTime": "0510",
            "meetingModeDesc": "LEC",
            "meetingModeCode": "02"
          }
        ],
        "legendKey": null,
        "honorPrograms": []
      }
    ],
    "supplementCode": "  ",
    "credits": 3,
    "unitNotes": null,
    "coreCodes": [],
    "courseNotes": null,
    "expandedTitle": "ENVIRONMENTAL ECONOMICS                                                         "
  },
  {
    "subjectNotes": null,
    "courseNumber": "402",
    "subject": "373",
    "campusCode": "NB",
    "openSections": 1,
    "synopsisUrl": "http://www.dafre.rutgers.edu/courses.html",
    "subjectGroupNotes": null,
    "offeringUnitCode": "11",
    "offeringUnitTitle": null,
    "title": "GLOBAL MARKETING",
    "courseDescription": null,
    "preReqNotes": "((11:373:121  and 01:220:103  and 11:373:231 ) or (11:373:231 )) <em> OR </em> ((01:220:102  and 01:220:103  and 11:373:231 ) or (11:373:231 ))",
    "sections": [
      {
        "sectionEligibility": "JUNIORS AND SENIORS ",
        "sessionDatePrintIndicator": "N",
        "examCode": "C",
        "specialPermissionAddCode": null,
        "crossListedSections": [],
        "sectionNotes": null,
        "specialPermissionDropCode": null,
        "instructors": [
          {
            "name": "GOVINDASAMY"
          }
        ],
        "number": "01",
        "majors": [],
        "sessionDates": null,
        "specialPermissionDropCodeDescription": null,
        "subtopic": null,
        "openStatus": true,
        "comments": [],
        "minors": [],
        "campusCode": "NB",
        "index": "11833",
        "unitMajors": [],
        "printed": "Y",
        "specialPermissionAddCodeDescription": null,
        "subtitle": null,
        "meetingTimes": [
          {
            "campusLocation": "4",
            "baClassHours": null,
            "roomNumber": "209",
            "pmCode": "A",
            "campusAbbrev": "D/C",
            "campusName": "DOUGLAS/COOK",
            "meetingDay": "M",
            "buildingCode": "HCK",
            "startTime": "1020",
            "endTime": "0120",
            "meetingModeDesc": "LEC",
            "meetingModeCode": "02"
          }
        ],
        "legendKey": null,
        "honorPrograms": []
      }
    ],
    "supplementCode": "  ",
    "credits": 3,
    "unitNotes": null,
    "coreCodes": [],
    "courseNotes": null,
    "expandedTitle": null
  },
  {
    "subjectNotes": null,
    "courseNumber": "403",
    "subject": "373",
    "campusCode": "NB",
    "openSections": 1,
    "synopsisUrl": "http://www.dafre.rutgers.edu/courses.html",
    "subjectGroupNotes": null,
    "offeringUnitCode": "11",
    "offeringUnitTitle": null,
    "title": "INNOVATION/ENTREPREN",
    "courseDescription": null,
    "preReqNotes": "(11:373:231 )",
    "sections": [
      {
        "sectionEligibility": null,
        "sessionDatePrintIndicator": "N",
        "examCode": "C",
        "specialPermissionAddCode": null,
        "crossListedSections": [],
        "sectionNotes": null,
        "specialPermissionDropCode": null,
        "instructors": [
          {
            "name": "CAMASSO"
          }
        ],
        "number": "01",
        "majors": [],
        "sessionDates": null,
        "specialPermissionDropCodeDescription": null,
        "subtopic": null,
        "openStatus": true,
        "comments": [],
        "minors": [],
        "campusCode": "NB",
        "index": "18386",
        "unitMajors": [],
        "printed": "Y",
        "specialPermissionAddCodeDescription": null,
        "subtitle": null,
        "meetingTimes": [
          {
            "campusLocation": "4",
            "baClassHours": null,
            "roomNumber": "210",
            "pmCode": "A",
            "campusAbbrev": "D/C",
            "campusName": "DOUGLAS/COOK",
            "meetingDay": "TH",
            "buildingCode": "WAL",
            "startTime": "1020",
            "endTime": "1140",
            "meetingModeDesc": "LEC",
            "meetingModeCode": "02"
          },
          {
            "campusLocation": "4",
            "baClassHours": null,
            "roomNumber": "210",
            "pmCode": "A",
            "campusAbbrev": "D/C",
            "campusName": "DOUGLAS/COOK",
            "meetingDay": "M",
            "buildingCode": "WAL",
            "startTime": "1020",
            "endTime": "1140",
            "meetingModeDesc": "LEC",
            "meetingModeCode": "02"
          }
        ],
        "legendKey": null,
        "honorPrograms": []
      }
    ],
    "supplementCode": "  ",
    "credits": 3,
    "unitNotes": null,
    "coreCodes": [],
    "courseNotes": null,
    "expandedTitle": "INNOVATION AND ENTREPRENEURSHIP                                                 "
  },
  {
    "subjectNotes": null,
    "courseNumber": "491",
    "subject": "373",
    "campusCode": "NB",
    "openSections": 1,
    "synopsisUrl": "http://www.dafre.rutgers.edu/courses.html",
    "subjectGroupNotes": null,
    "offeringUnitCode": "11",
    "offeringUnitTitle": null,
    "title": "REPRO AG ENV BUS ECO",
    "courseDescription": null,
    "preReqNotes": "(11:373:121 )<em> OR </em>(01:220:102 )<em> OR </em>(11:373:101 )",
    "sections": [
      {
        "sectionEligibility": null,
        "sessionDatePrintIndicator": "N",
        "examCode": "A",
        "specialPermissionAddCode": "04",
        "crossListedSections": [],
        "sectionNotes": null,
        "specialPermissionDropCode": null,
        "instructors": [
          {
            "name": "VELLANGANY"
          }
        ],
        "number": "01",
        "majors": [],
        "sessionDates": null,
        "specialPermissionDropCodeDescription": null,
        "subtopic": null,
        "openStatus": true,
        "comments": [],
        "minors": [],
        "campusCode": "NB",
        "index": "11834",
        "unitMajors": [],
        "printed": "Y",
        "specialPermissionAddCodeDescription": "Instructor",
        "subtitle": null,
        "meetingTimes": [
          {
            "campusLocation": null,
            "baClassHours": "B",
            "roomNumber": null,
            "pmCode": null,
            "campusAbbrev": null,
            "campusName": null,
            "meetingDay": null,
            "buildingCode": null,
            "startTime": null,
            "endTime": null,
            "meetingModeDesc": "PROJ-IND",
            "meetingModeCode": "19"
          }
        ],
        "legendKey": null,
        "honorPrograms": []
      }
    ],
    "supplementCode": "  ",
    "credits": null,
    "unitNotes": null,
    "coreCodes": [],
    "courseNotes": null,
    "expandedTitle": "RESEARCH PROBLEMS IN AGRICULTURAL, ENVIRONMENTAL, & BUSINESS ECONOMICS"
  },
  {
    "subjectNotes": null,
    "courseNumber": "495",
    "subject": "373",
    "campusCode": "NB",
    "openSections": 1,
    "synopsisUrl": "http://www.dafre.rutgers.edu/courses.html",
    "subjectGroupNotes": null,
    "offeringUnitCode": "11",
    "offeringUnitTitle": null,
    "title": "ISS AG ENV BUS ECO",
    "courseDescription": null,
    "preReqNotes": "(11:373:121 )<em> OR </em>(01:220:102 )",
    "sections": [
      {
        "sectionEligibility": "JUNIORS AND SENIORS ",
        "sessionDatePrintIndicator": "N",
        "examCode": "A",
        "specialPermissionAddCode": "04",
        "crossListedSections": [],
        "sectionNotes": null,
        "specialPermissionDropCode": null,
        "instructors": [],
        "number": "02",
        "majors": [],
        "sessionDates": null,
        "specialPermissionDropCodeDescription": null,
        "subtopic": null,
        "openStatus": true,
        "comments": [],
        "minors": [],
        "campusCode": "NB",
        "index": "11835",
        "unitMajors": [],
        "printed": "Y",
        "specialPermissionAddCodeDescription": "Instructor",
        "subtitle": null,
        "meetingTimes": [
          {
            "campusLocation": "4",
            "baClassHours": "B",
            "roomNumber": null,
            "pmCode": null,
            "campusAbbrev": "D/C",
            "campusName": "DOUGLAS/COOK",
            "meetingDay": null,
            "buildingCode": null,
            "startTime": null,
            "endTime": null,
            "meetingModeDesc": "PROJ-IND",
            "meetingModeCode": "19"
          }
        ],
        "legendKey": null,
        "honorPrograms": []
      }
    ],
    "supplementCode": "  ",
    "credits": 3,
    "unitNotes": null,
    "coreCodes": [],
    "courseNotes": null,
    "expandedTitle": "ISSUES IN AGRICULTURAL, ENVIRONMENTAL & BUSINESS ECONOMICS                      "
  }
]