[
  {
    "subjectNotes": null,
    "courseNumber": "104",
    "subject": "047",
    "campusCode": "NB",
    "openSections": 1,
    "synopsisUrl": null,
    "subjectGroupNotes": null,
    "offeringUnitCode": "13",
    "offeringUnitTitle": null,
    "title": "ASSESS AND DIAGNOSIS",
    "courseDescription": null,
    "preReqNotes": null,
    "sections": [
      {
        "sectionEligibility": null,
        "sessionDatePrintIndicator": "N",
        "examCode": "A",
        "specialPermissionAddCode": null,
        "crossListedSections": [],
        "sectionNotes": null,
        "specialPermissionDropCode": null,
        "instructors": [
          {
            "name": "GUERRA, ANA"
          }
        ],
        "number": "01",
        "majors": [],
        "sessionDates": null,
        "specialPermissionDropCodeDescription": null,
        "subtopic": null,
        "openStatus": true,
        "comments": [],
        "minors": [],
        "campusCode": "NB",
        "index": "12116",
        "unitMajors": [],
        "printed": "Y",
        "specialPermissionAddCodeDescription": null,
        "subtitle": null,
        "meetingTimes": [
          {
            "campusLocation": "2",
            "baClassHours": null,
            "roomNumber": "200",
            "pmCode": "P",
            "campusAbbrev": "BUS",
            "campusName": "BUSCH",
            "meetingDay": "T",
            "buildingCode": "SMH",
            "startTime": "1210",
            "endTime": "0310",
            "meetingModeDesc": "LEC",
            "meetingModeCode": "02"
          }
        ],
        "legendKey": null,
        "honorPrograms": []
      }
    ],
    "supplementCode": "  ",
    "credits": 3,
    "unitNotes": null,
    "coreCodes": [],
    "courseNotes": null,
    "expandedTitle": "DRUG AND ALCOHOL USE DISORDERS: ASSESSMENT AND DIAGNOSIS                        "
  },
  {
    "subjectNotes": null,
    "courseNumber": "105",
    "subject": "047",
    "campusCode": "NB",
    "openSections": 1,
    "synopsisUrl": null,
    "subjectGroupNotes": null,
    "offeringUnitCode": "13",
    "offeringUnitTitle": null,
    "title": "ADDITION TREATMENT",
    "courseDescription": null,
    "preReqNotes": null,
    "sections": [
      {
        "sectionEligibility": null,
        "sessionDatePrintIndicator": "N",
        "examCode": "C",
        "specialPermissionAddCode": null,
        "crossListedSections": [],
        "sectionNotes": null,
        "specialPermissionDropCode": null,
        "instructors": [
          {
            "name": "GUERRA, ANA"
          }
        ],
        "number": "01",
        "majors": [],
        "sessionDates": null,
        "specialPermissionDropCodeDescription": null,
        "subtopic": null,
        "openStatus": true,
        "comments": [],
        "minors": [],
        "campusCode": "NB",
        "index": "18073",
        "unitMajors": [],
        "printed": "Y",
        "specialPermissionAddCodeDescription": null,
        "subtitle": null,
        "meetingTimes": [
          {
            "campusLocation": "2",
            "baClassHours": null,
            "roomNumber": "200",
            "pmCode": "P",
            "campusAbbrev": "BUS",
            "campusName": "BUSCH",
            "meetingDay": "T",
            "buildingCode": "SMH",
            "startTime": "0350",
            "endTime": "0650",
            "meetingModeDesc": "LEC",
            "meetingModeCode": "02"
          }
        ],
        "legendKey": null,
        "honorPrograms": []
      }
    ],
    "supplementCode": "  ",
    "credits": 3,
    "unitNotes": null,
    "coreCodes": [],
    "courseNotes": null,
    "expandedTitle": "ADDICTION TREATMENT & COUNSELING SKILLS                                         "
  }
]