[
  {
    "subjectNotes": null,
    "courseNumber": "201",
    "subject": "508",
    "campusCode": "NB",
    "openSections": 0,
    "synopsisUrl": "https://history.rutgers.edu/academics/undergraduate/course-descriptions",
    "subjectGroupNotes": null,
    "offeringUnitCode": "01",
    "offeringUnitTitle": null,
    "title": "ISLAMIC CIVILIZATION",
    "courseDescription": null,
    "preReqNotes": null,
    "sections": [
      {
        "sectionEligibility": null,
        "sessionDatePrintIndicator": "N",
        "examCode": "A",
        "specialPermissionAddCode": null,
        "crossListedSections": [
          {
            "courseNumber": "201",
            "supplementCode": "  ",
            "sectionNumber": "90",
            "offeringUnitCampus": "NB",
            "primaryRegistrationIndex": "07801",
            "offeringUnitCode": "01",
            "registrationIndex": "07802",
            "subjectCode": "685"
          }
        ],
        "sectionNotes": "CREDIT NOT GIVEN FOR THIS COURSEAND 01:685:201",
        "specialPermissionDropCode": null,
        "instructors": [
          {
            "name": "RUSSELL, SANDRA"
          }
        ],
        "number": "90",
        "majors": [],
        "sessionDates": null,
        "specialPermissionDropCodeDescription": null,
        "subtopic": null,
        "openStatus": false,
        "comments": [
          {
            "code": "05",
            "description": "Go to http://canvas.rutgers.edu"
          },
          {
            "code": "56",
            "description": "Online Course"
          }
        ],
        "minors": [],
        "campusCode": "NB",
        "index": "07801",
        "unitMajors": [],
        "printed": "Y",
        "specialPermissionAddCodeDescription": null,
        "subtitle": null,
        "meetingTimes": [
          {
            "campusLocation": "O",
            "baClassHours": "B",
            "roomNumber": null,
            "pmCode": null,
            "campusAbbrev": "**",
            "campusName": "** INVALID **",
            "meetingDay": null,
            "buildingCode": null,
            "startTime": null,
            "endTime": null,
            "meetingModeDesc": "ONLINE INSTRUCTION(INTERNET)",
            "meetingModeCode": "90"
          }
        ],
        "legendKey": null,
        "honorPrograms": []
      }
    ],
    "supplementCode": "  ",
    "credits": 3,
    "unitNotes": null,
    "coreCodes": [
      {
        "id": "2024101508201  20",
        "subject": "508",
        "year": "2024",
        "description": "Historical Analysis",
        "code": "HST",
        "course": "201",
        "offeringUnitCampus": "NB",
        "supplement": "  ",
        "offeringUnitCode": "01",
        "term": "1",
        "coreCode": "HST",
        "coreCodeDescription": "Historical Analysis",
        "lastUpdated": 1468423759000,
        "effective": "20241",
        "coreCodeReferenceId": "20",
        "unit": "01"
      },
      {
        "id": "2024101508201  25",
        "subject": "508",
        "year": "2024",
        "description": "Social Analysis",
        "code": "SCL",
        "course": "201",
        "offeringUnitCampus": "NB",
        "supplement": "  ",
        "offeringUnitCode": "01",
        "term": "1",
        "coreCode": "SCL",
        "coreCodeDescription": "Social Analysis",
        "lastUpdated": 1468423803000,
        "effective": "20241",
        "coreCodeReferenceId": "25",
        "unit": "01"
      }
    ],
    "courseNotes": null,
    "expandedTitle": null
  },
  {
    "subjectNotes": null,
    "courseNumber": "203",
    "subject": "508",
    "campusCode": "NB",
    "openSections": 0,
    "synopsisUrl": "https://history.rutgers.edu/academics/undergraduate/course-descriptions",
    "subjectGroupNotes": null,
    "offeringUnitCode": "01",
    "offeringUnitTitle": null,
    "title": "ISLAMOPHOBIA",
    "courseDescription": null,
    "preReqNotes": null,
    "sections": [
      {
        "sectionEligibility": null,
        "sessionDatePrintIndicator": "N",
        "examCode": "A",
        "specialPermissionAddCode": null,
        "crossListedSections": [
          {
            "courseNumber": "295",
            "supplementCode": "  ",
            "sectionNumber": "90",
            "offeringUnitCampus": "NB",
            "primaryRegistrationIndex": "07803",
            "offeringUnitCode": "01",
            "registrationIndex": "07804",
            "subjectCode": "685"
          }
        ],
        "sectionNotes": null,
        "specialPermissionDropCode": null,
        "instructors": [
          {
            "name": "RUSSELL, SANDRA"
          }
        ],
        "number": "90",
        "majors": [],
        "sessionDates": null,
        "specialPermissionDropCodeDescription": null,
        "subtopic": null,
        "openStatus": false,
        "comments": [],
        "minors": [],
        "campusCode": "NB",
        "index": "07803",
        "unitMajors": [],
        "printed": "Y",
        "specialPermissionAddCodeDescription": null,
        "subtitle": null,
        "meetingTimes": [
          {
            "campusLocation": "O",
            "baClassHours": "B",
            "roomNumber": null,
            "pmCode": null,
            "campusAbbrev": "**",
            "campusName": "** INVALID **",
            "meetingDay": null,
            "buildingCode": null,
            "startTime": null,
            "endTime": null,
            "meetingModeDesc": "ONLINE INSTRUCTION(INTERNET)",
            "meetingModeCode": "90"
          }
        ],
        "legendKey": null,
        "honorPrograms": []
      }
    ],
    "supplementCode": "  ",
    "credits": 3,
    "unitNotes": null,
    "coreCodes": [
      {
        "id": "2024101508203  78585",
        "subject": "508",
        "year": "2024",
        "description": "Diversities and Social Inequalities",
        "code": "CCD",
        "course": "203",
        "offeringUnitCampus": "NB",
        "supplement": "  ",
        "offeringUnitCode": "01",
        "term": "1",
        "coreCode": "CCD",
        "coreCodeDescription": "Diversities and Social Inequalities",
        "lastUpdated": 1545063307000,
        "effective": "20241",
        "coreCodeReferenceId": "78585",
        "unit": "01"
      }
    ],
    "courseNotes": null,
    "expandedTitle": "HISTORY OF ISLAMOPHOBIA                                                         "
  },
  {
    "subjectNotes": null,
    "courseNumber": "240",
    "subject": "508",
    "campusCode": "NB",
    "openSections": 1,
    "synopsisUrl": "https://history.rutgers.edu/academics/undergraduate/course-descriptions",
    "subjectGroupNotes": null,
    "offeringUnitCode": "01",
    "offeringUnitTitle": null,
    "title": "CLASSICAL ASIA",
    "courseDescription": null,
    "preReqNotes": null,
    "sections": [
      {
        "sectionEligibility": null,
        "sessionDatePrintIndicator": "N",
        "examCode": "C",
        "specialPermissionAddCode": null,
        "crossListedSections": [],
        "sectionNotes": null,
        "specialPermissionDropCode": null,
        "instructors": [
          {
            "name": "LEE, SUKHEE"
          }
        ],
        "number": "01",
        "majors": [],
        "sessionDates": null,
        "specialPermissionDropCodeDescription": null,
        "subtopic": null,
        "openStatus": true,
        "comments": [
          {
            "code": "05",
            "description": "Go to http://canvas.rutgers.edu"
          }
        ],
        "minors": [],
        "campusCode": "NB",
        "index": "07806",
        "unitMajors": [],
        "printed": "Y",
        "specialPermissionAddCodeDescription": null,
        "subtitle": null,
        "meetingTimes": [
          {
            "campusLocation": "1",
            "baClassHours": null,
            "roomNumber": "B2",
            "pmCode": "P",
            "campusAbbrev": "CAC",
            "campusName": "COLLEGE AVENUE",
            "meetingDay": "M",
            "buildingCode": "FH",
            "startTime": "0350",
            "endTime": "0510",
            "meetingModeDesc": "LEC",
            "meetingModeCode": "02"
          },
          {
            "campusLocation": "1",
            "baClassHours": null,
            "roomNumber": "B2",
            "pmCode": "P",
            "campusAbbrev": "CAC",
            "campusName": "COLLEGE AVENUE",
            "meetingDay": "W",
            "buildingCode": "FH",
            "startTime": "0350",
            "endTime": "0510",
            "meetingModeDesc": "LEC",
            "meetingModeCode": "02"
          }
        ],
        "legendKey": null,
        "honorPrograms": []
      }
    ],
    "supplementCode": "  ",
    "credits": 3,
    "unitNotes": null,
    "coreCodes": [
      {
        "id": "2024101508240  20",
        "subject": "508",
        "year": "2024",
        "description": "Historical Analysis",
        "code": "HST",
        "course": "240",
        "offeringUnitCampus": "NB",
        "supplement": "  ",
        "offeringUnitCode": "01",
        "term": "1",
        "coreCode": "HST",
        "coreCodeDescription": "Historical Analysis",
        "lastUpdated": 1468423759000,
        "effective": "20241",
        "coreCodeReferenceId": "20",
        "unit": "01"
      }
    ],
    "courseNotes": null,
    "expandedTitle": null
  },
  {
    "subjectNotes": null,
    "courseNumber": "247",
    "subject": "508",
    "campusCode": "NB",
    "openSections": 1,
    "synopsisUrl": "https://history.rutgers.edu/academics/undergraduate/course-descriptions",
    "subjectGroupNotes": null,
    "offeringUnitCode": "01",
    "offeringUnitTitle": null,
    "title": "CHINA 1800-PRESENT",
    "courseDescription": null,
    "preReqNotes": null,
    "sections": [
      {
        "sectionEligibility": null,
        "sessionDatePrintIndicator": "N",
        "examCode": "A",
        "specialPermissionAddCode": null,
        "crossListedSections": [],
        "sectionNotes": null,
        "specialPermissionDropCode": null,
        "instructors": [
          {
            "name": "LIU, XUN"
          }
        ],
        "number": "01",
        "majors": [],
        "sessionDates": null,
        "specialPermissionDropCodeDescription": null,
        "subtopic": null,
        "openStatus": true,
        "comments": [
          {
            "code": "05",
            "description": "Go to http://canvas.rutgers.edu"
          }
        ],
        "minors": [],
        "campusCode": "NB",
        "index": "07807",
        "unitMajors": [],
        "printed": "Y",
        "specialPermissionAddCodeDescription": null,
        "subtitle": null,
        "meetingTimes": [
          {
            "campusLocation": "1",
            "baClassHours": null,
            "roomNumber": "A5",
            "pmCode": "P",
            "campusAbbrev": "CAC",
            "campusName": "COLLEGE AVENUE",
            "meetingDay": "W",
            "buildingCode": "HH",
            "startTime": "0200",
            "endTime": "0320",
            "meetingModeDesc": "LEC",
            "meetingModeCode": "02"
          },
          {
            "campusLocation": "1",
            "baClassHours": null,
            "roomNumber": "A5",
            "pmCode": "P",
            "campusAbbrev": "CAC",
            "campusName": "COLLEGE AVENUE",
            "meetingDay": "M",
            "buildingCode": "HH",
            "startTime": "0200",
            "endTime": "0320",
            "meetingModeDesc": "LEC",
            "meetingModeCode": "02"
          }
        ],
        "legendKey": null,
        "honorPrograms": []
      }
    ],
    "supplementCode": "  ",
    "credits": 3,
    "unitNotes": null,
    "coreCodes": [],
    "courseNotes": null,
    "expandedTitle": "MODERN CHINA, 1800-PRESENT                                                      "
  },
  {
    "subjectNotes": null,
    "courseNumber": "250",
    "subject": "508",
    "campusCode": "NB",
    "openSections": 1,
    "synopsisUrl": "https://history.rutgers.edu/academics/undergraduate/course-descriptions",
    "subjectGroupNotes": null,
    "offeringUnitCode": "01",
    "offeringUnitTitle": null,
    "title": "SE ASIA & THE WORLD",
    "courseDescription": null,
    "preReqNotes": null,
    "sections": [
      {
        "sectionEligibility": null,
        "sessionDatePrintIndicator": "N",
        "examCode": "C",
        "specialPermissionAddCode": null,
        "crossListedSections": [
          {
            "courseNumber": "252",
            "supplementCode": "  ",
            "sectionNumber": "01",
            "offeringUnitCampus": "NB",
            "primaryRegistrationIndex": "05896",
            "offeringUnitCode": "01",
            "registrationIndex": "17869",
            "subjectCode": "098"
          }
        ],
        "sectionNotes": null,
        "specialPermissionDropCode": null,
        "instructors": [
          {
            "name": "PHUNG, HIEU"
          }
        ],
        "number": "01",
        "majors": [],
        "sessionDates": null,
        "specialPermissionDropCodeDescription": null,
        "subtopic": null,
        "openStatus": true,
        "comments": [
          {
            "code": "05",
            "description": "Go to http://canvas.rutgers.edu"
          }
        ],
        "minors": [],
        "campusCode": "NB",
        "index": "05896",
        "unitMajors": [],
        "printed": "Y",
        "specialPermissionAddCodeDescription": null,
        "subtitle": null,
        "meetingTimes": [
          {
            "campusLocation": "1",
            "baClassHours": null,
            "roomNumber": "B4",
            "pmCode": "P",
            "campusAbbrev": "CAC",
            "campusName": "COLLEGE AVENUE",
            "meetingDay": "TH",
            "buildingCode": "FH",
            "startTime": "1210",
            "endTime": "0130",
            "meetingModeDesc": "LEC",
            "meetingModeCode": "02"
          },
          {
            "campusLocation": "1",
            "baClassHours": null,
            "roomNumber": "B4",
            "pmCode": "P",
            "campusAbbrev": "CAC",
            "campusName": "COLLEGE AVENUE",
            "meetingDay": "M",
            "buildingCode": "FH",
            "startTime": "1210",
            "endTime": "0130",
            "meetingModeDesc": "LEC",
            "meetingModeCode": "02"
          }
        ],
        "legendKey": null,
        "honorPrograms": []
      }
    ],
    "supplementCode": "  ",
    "credits": 3,
    "unitNotes": null,
    "coreCodes": [
      {
        "id": "2024101508250  20",
        "subject": "508",
        "year": "2024",
        "description": "Historical Analysis",
        "code": "HST",
        "course": "250",
        "offeringUnitCampus": "NB",
        "supplement": "  ",
        "offeringUnitCode": "01",
        "term": "1",
        "coreCode": "HST",
        "coreCodeDescription": "Historical Analysis",
        "lastUpdated": 1468423759000,
        "effective": "20241",
        "coreCodeReferenceId": "20",
        "unit": "01"
      },
      {
        "id": "2024101508250  25",
        "subject": "508",
        "year": "2024",
        "description": "Social Analysis",
        "code": "SCL",
        "course": "250",
        "offeringUnitCampus": "NB",
        "supplement": "  ",
        "offeringUnitCode": "01",
        "term": "1",
        "coreCode": "SCL",
        "coreCodeDescription": "Social Analysis",
        "lastUpdated": 1468423803000,
        "effective": "20241",
        "coreCodeReferenceId": "25",
        "unit": "01"
      }
    ],
    "courseNotes": null,
    "expandedTitle": "SOUTHEAST ASIA AND THE WORLD                                                    "
  },
  {
    "subjectNotes": null,
    "courseNumber": "260",
    "subject": "508",
    "campusCode": "NB",
    "openSections": 1,
    "synopsisUrl": "https://history.rutgers.edu/academics/undergraduate/course-descriptions",
    "subjectGroupNotes": null,
    "offeringUnitCode": "01",
    "offeringUnitTitle": null,
    "title": "COLONIAL LATIN AMER",
    "courseDescription": null,
    "preReqNotes": null,
    "sections": [
      {
        "sectionEligibility": null,
        "sessionDatePrintIndicator": "N",
        "examCode": "A",
        "specialPermissionAddCode": null,
        "crossListedSections": [],
        "sectionNotes": null,
        "specialPermissionDropCode": null,
        "instructors": [
          {
            "name": "SEIJAS, TATIANA"
          }
        ],
        "number": "01",
        "majors": [],
        "sessionDates": null,
        "specialPermissionDropCodeDescription": null,
        "subtopic": null,
        "openStatus": true,
        "comments": [],
        "minors": [],
        "campusCode": "NB",
        "index": "07808",
        "unitMajors": [],
        "printed": "Y",
        "specialPermissionAddCodeDescription": null,
        "subtitle": null,
        "meetingTimes": [
          {
            "campusLocation": "1",
            "baClassHours": null,
            "roomNumber": "221",
            "pmCode": "P",
            "campusAbbrev": "CAC",
            "campusName": "COLLEGE AVENUE",
            "meetingDay": "T",
            "buildingCode": "SC",
            "startTime": "0350",
            "endTime": "0510",
            "meetingModeDesc": "LEC",
            "meetingModeCode": "02"
          },
          {
            "campusLocation": "1",
            "baClassHours": null,
            "roomNumber": "221",
            "pmCode": "P",
            "campusAbbrev": "CAC",
            "campusName": "COLLEGE AVENUE",
            "meetingDay": "TH",
            "buildingCode": "SC",
            "startTime": "0350",
            "endTime": "0510",
            "meetingModeDesc": "LEC",
            "meetingModeCode": "02"
          }
        ],
        "legendKey": null,
        "honorPrograms": []
      }
    ],
    "supplementCode": "  ",
    "credits": 3,
    "unitNotes": null,
    "coreCodes": [],
    "courseNotes": null,
    "expandedTitle": null
  },
  {
    "subjectNotes": null,
    "courseNumber": "271",
    "subject": "508",
    "campusCode": "NB",
    "openSections": 1,
    "synopsisUrl": "https://history.rutgers.edu/academics/undergraduate/course-descriptions",
    "subjectGroupNotes": null,
    "offeringUnitCode": "01",
    "offeringUnitTitle": null,
    "title": "HIST CARIB TO 1898",
    "courseDescription": null,
    "preReqNotes": null,
    "sections": [
      {
        "sectionEligibility": null,
        "sessionDatePrintIndicator": "N",
        "examCode": "C",
        "specialPermissionAddCode": null,
        "crossListedSections": [
          {
            "courseNumber": "204",
            "supplementCode": "  ",
            "sectionNumber": "01",
            "offeringUnitCampus": "NB",
            "primaryRegistrationIndex": "07810",
            "offeringUnitCode": "01",
            "registrationIndex": "07811",
            "subjectCode": "595"
          }
        ],
        "sectionNotes": null,
        "specialPermissionDropCode": null,
        "instructors": [
          {
            "name": "FUENTES, MARISA"
          }
        ],
        "number": "01",
        "majors": [],
        "sessionDates": null,
        "specialPermissionDropCodeDescription": null,
        "subtopic": null,
        "openStatus": true,
        "comments": [],
        "minors": [],
        "campusCode": "NB",
        "index": "07810",
        "unitMajors": [],
        "printed": "Y",
        "specialPermissionAddCodeDescription": null,
        "subtitle": null,
        "meetingTimes": [
          {
            "campusLocation": "1",
            "baClassHours": null,
            "roomNumber": "208",
            "pmCode": "P",
            "campusAbbrev": "CAC",
            "campusName": "COLLEGE AVENUE",
            "meetingDay": "TH",
            "buildingCode": "MU",
            "startTime": "0350",
            "endTime": "0510",
            "meetingModeDesc": "LEC",
            "meetingModeCode": "02"
          },
          {
            "campusLocation": "1",
            "baClassHours": null,
            "roomNumber": "208",
            "pmCode": "P",
            "campusAbbrev": "CAC",
            "campusName": "COLLEGE AVENUE",
            "meetingDay": "T",
            "buildingCode": "MU",
            "startTime": "0350",
            "endTime": "0510",
            "meetingModeDesc": "LEC",
            "meetingModeCode": "02"
          }
        ],
        "legendKey": null,
        "honorPrograms": []
      }
    ],
    "supplementCode": "  ",
    "credits": 3,
    "unitNotes": null,
    "coreCodes": [
      {
        "id": "2024101508271  20",
        "subject": "508",
        "year": "2024",
        "description": "Historical Analysis",
        "code": "HST",
        "course": "271",
        "offeringUnitCampus": "NB",
        "supplement": "  ",
        "offeringUnitCode": "01",
        "term": "1",
        "coreCode": "HST",
        "coreCodeDescription": "Historical Analysis",
        "lastUpdated": 1468423759000,
        "effective": "20241",
        "coreCodeReferenceId": "20",
        "unit": "01"
      },
      {
        "id": "2024101508271  25",
        "subject": "508",
        "year": "2024",
        "description": "Social Analysis",
        "code": "SCL",
        "course": "271",
        "offeringUnitCampus": "NB",
        "supplement": "  ",
        "offeringUnitCode": "01",
        "term": "1",
        "coreCode": "SCL",
        "coreCodeDescription": "Social Analysis",
        "lastUpdated": 1468423803000,
        "effective": "20241",
        "coreCodeReferenceId": "25",
        "unit": "01"
      }
    ],
    "courseNotes": null,
    "expandedTitle": null
  },
  {
    "subjectNotes": null,
    "courseNumber": "325",
    "subject": "508",
    "campusCode": "NB",
    "openSections": 1,
    "synopsisUrl": "https://history.rutgers.edu/academics/undergraduate/course-descriptions",
    "subjectGroupNotes": null,
    "offeringUnitCode": "01",
    "offeringUnitTitle": null,
    "title": "AFRICA 15-19 CENTURY",
    "courseDescription": null,
    "preReqNotes": null,
    "sections": [
      {
        "sectionEligibility": null,
        "sessionDatePrintIndicator": "N",
        "examCode": "C",
        "specialPermissionAddCode": null,
        "crossListedSections": [],
        "sectionNotes": null,
        "specialPermissionDropCode": null,
        "instructors": [
          {
            "name": "COOPER, BARBARA"
          }
        ],
        "number": "01",
        "majors": [],
        "sessionDates": null,
        "specialPermissionDropCodeDescription": null,
        "subtopic": null,
        "openStatus": true,
        "comments": [],
        "minors": [],
        "campusCode": "NB",
        "index": "07812",
        "unitMajors": [],
        "printed": "Y",
        "specialPermissionAddCodeDescription": null,
        "subtitle": null,
        "meetingTimes": [
          {
            "campusLocation": "4",
            "baClassHours": null,
            "roomNumber": "204",
            "pmCode": "A",
            "campusAbbrev": "D/C",
            "campusName": "DOUGLAS/COOK",
            "meetingDay": "TH",
            "buildingCode": "RAB",
            "startTime": "1020",
            "endTime": "1140",
            "meetingModeDesc": "LEC",
            "meetingModeCode": "02"
          },
          {
            "campusLocation": "4",
            "baClassHours": null,
            "roomNumber": "204",
            "pmCode": "A",
            "campusAbbrev": "D/C",
            "campusName": "DOUGLAS/COOK",
            "meetingDay": "M",
            "buildingCode": "RAB",
            "startTime": "1020",
            "endTime": "1140",
            "meetingModeDesc": "LEC",
            "meetingModeCode": "02"
          }
        ],
        "legendKey": null,
        "honorPrograms": []
      }
    ],
    "supplementCode": "  ",
    "credits": 3,
    "unitNotes": null,
    "coreCodes": [],
    "courseNotes": null,
    "expandedTitle": null
  },
  {
    "subjectNotes": null,
    "courseNumber": "381",
    "subject": "508",
    "campusCode": "NB",
    "openSections": 0,
    "synopsisUrl": "https://history.rutgers.edu/academics/undergraduate/course-descriptions",
    "subjectGroupNotes": null,
    "offeringUnitCode": "01",
    "offeringUnitTitle": null,
    "title": "AZTECS, INCAS, MAYAS",
    "courseDescription": null,
    "preReqNotes": null,
    "sections": [
      {
        "sectionEligibility": null,
        "sessionDatePrintIndicator": "Y",
        "examCode": "C",
        "specialPermissionAddCode": null,
        "crossListedSections": [],
        "sectionNotes": null,
        "specialPermissionDropCode": null,
        "instructors": [
          {
            "name": "TOWNSEND"
          }
        ],
        "number": "01",
        "majors": [],
        "sessionDates": null,
        "specialPermissionDropCodeDescription": null,
        "subtopic": null,
        "openStatus": false,
        "comments": [],
        "minors": [],
        "campusCode": "NB",
        "index": "17872",
        "unitMajors": [],
        "printed": "Y",
        "specialPermissionAddCodeDescription": null,
        "subtitle": "AZTECS, INCAS, MAYAS                    ",
        "meetingTimes": [
          {
            "campusLocation": "O",
            "baClassHours": "B",
            "roomNumber": null,
            "pmCode": null,
            "campusAbbrev": "**",
            "campusName": "** INVALID **",
            "meetingDay": null,
            "buildingCode": null,
            "startTime": null,
            "endTime": null,
            "meetingModeDesc": "ONLINE INSTRUCTION(INTERNET)",
            "meetingModeCode": "90"
          },
          {
            "campusLocation": "O",
            "baClassHours": null,
            "roomNumber": null,
            "pmCode": "A",
            "campusAbbrev": "**",
            "campusName": "** INVALID **",
            "meetingDay": "M",
            "buildingCode": null,
            "startTime": "1020",
            "endTime": "1140",
            "meetingModeDesc": "LEC",
            "meetingModeCode": "02"
          }
        ],
        "legendKey": null,
        "honorPrograms": []
      }
    ],
    "supplementCode": "  ",
    "credits": 3,
    "unitNotes": null,
    "coreCodes": [
      {
        "id": "2024101508381  20",
        "subject": "508",
        "year": "2024",
        "description": "Historical Analysis",
        "code": "HST",
        "course": "381",
        "offeringUnitCampus": "NB",
        "supplement": "  ",
        "offeringUnitCode": "01",
        "term": "1",
        "coreCode": "HST",
        "coreCodeDescription": "Historical Analysis",
        "lastUpdated": 1468423759000,
        "effective": "20241",
        "coreCodeReferenceId": "20",
        "unit": "01"
      }
    ],
    "courseNotes": null,
    "expandedTitle": "ANCIENT KINGDOMS: A HISTORY OF THE AZTECS, INCAS AND MAYAS                      "
  }
]