[
  {
    "subjectNotes": "PLEASE LOOK FOR ADDITIONAL ONLINE RELIGION COURSES IN NEW BRUNSWICK ONLINE COURSES, HYBRID AND OFF CAMPUS ONLINE COURSES UNDER THE DROP DOWN BOXES LOCATED ON http://sis.rutgers.edu/soc/",
    "courseNumber": "101",
    "subject": "840",
    "campusCode": "NB",
    "openSections": 0,
    "synopsisUrl": "http://www.religion.rutgers.edu/downloads/undergraduate-syllabi",
    "subjectGroupNotes": null,
    "offeringUnitCode": "01",
    "offeringUnitTitle": null,
    "title": "GDS,MTH,RELI,SECULAR",
    "courseDescription": null,
    "preReqNotes": null,
    "sections": [
      {
        "sectionEligibility": null,
        "sessionDatePrintIndicator": "N",
        "examCode": "C",
        "specialPermissionAddCode": null,
        "crossListedSections": [],
        "sectionNotes": null,
        "specialPermissionDropCode": null,
        "instructors": [
          {
            "name": "FRUCHTMAN"
          }
        ],
        "number": "01",
        "majors": [],
        "sessionDates": null,
        "specialPermissionDropCodeDescription": null,
        "subtopic": null,
        "openStatus": false,
        "comments": [
          {
            "code": "05",
            "description": "Go to http://canvas.rutgers.edu"
          }
        ],
        "minors": [],
        "campusCode": "NB",
        "index": "09070",
        "unitMajors": [],
        "printed": "Y",
        "specialPermissionAddCodeDescription": null,
        "subtitle": null,
        "meetingTimes": [
          {
            "campusLocation": "O",
            "baClassHours": "B",
            "roomNumber": null,
            "pmCode": null,
            "campusAbbrev": "**",
            "campusName": "** INVALID **",
            "meetingDay": null,
            "buildingCode": null,
            "startTime": null,
            "endTime": null,
            "meetingModeDesc": "ONLINE INSTRUCTION(INTERNET)",
            "meetingModeCode": "90"
          },
          {
            "campusLocation": "1",
            "baClassHours": null,
            "roomNumber": "221",
            "pmCode": "P",
            "campusAbbrev": "CAC",
            "campusName": "COLLEGE AVENUE",
            "meetingDay": "W",
            "buildingCode": "SC",
            "startTime": "1210",
            "endTime": "0130",
            "meetingModeDesc": "LEC",
            "meetingModeCode": "02"
          }
        ],
        "legendKey": null,
        "honorPrograms": []
      },
      {
        "sectionEligibility": null,
        "sessionDatePrintIndicator": "N",
        "examCode": "C",
        "specialPermissionAddCode": null,
        "crossListedSections": [],
        "sectionNotes": null,
        "specialPermissionDropCode": null,
        "instructors": [
          {
            "name": "SUROWITZ, HILIT"
          }
        ],
        "number": "02",
        "majors": [],
        "sessionDates": null,
        "specialPermissionDropCodeDescription": null,
        "subtopic": null,
        "openStatus": false,
        "comments": [],
        "minors": [],
        "campusCode": "NB",
        "index": "09071",
        "unitMajors": [],
        "printed": "Y",
        "specialPermissionAddCodeDescription": null,
        "subtitle": null,
        "meetingTimes": [
          {
            "campusLocation": "4",
            "baClassHours": null,
            "roomNumber": "110B",
            "pmCode": "A",
            "campusAbbrev": "D/C",
            "campusName": "DOUGLAS/COOK",
            "meetingDay": "W",
            "buildingCode": "RAB",
            "startTime": "1020",
            "endTime": "1140",
            "meetingModeDesc": "LEC",
            "meetingModeCode": "02"
          },
          {
            "campusLocation": "O",
            "baClassHours": "B",
            "roomNumber": null,
            "pmCode": null,
            "campusAbbrev": "**",
            "campusName": "** INVALID **",
            "meetingDay": null,
            "buildingCode": null,
            "startTime": null,
            "endTime": null,
            "meetingModeDesc": "ONLINE INSTRUCTION(INTERNET)",
            "meetingModeCode": "90"
          }
        ],
        "legendKey": null,
        "honorPrograms": []
      },
      {
        "sectionEligibility": null,
        "sessionDatePrintIndicator": "N",
        "examCode": "C",
        "specialPermissionAddCode": null,
        "crossListedSections": [],
        "sectionNotes": null,
        "specialPermissionDropCode": null,
        "instructors": [
          {
            "name": "SUROWITZ, HILIT"
          }
        ],
        "number": "03",
        "majors": [],
        "sessionDates": null,
        "specialPermissionDropCodeDescription": null,
        "subtopic": null,
        "openStatus": false,
        "comments": [],
        "minors": [],
        "campusCode": "NB",
        "index": "09072",
        "unitMajors": [],
        "printed": "Y",
        "specialPermissionAddCodeDescription": null,
        "subtitle": null,
        "meetingTimes": [
          {
            "campusLocation": "O",
            "baClassHours": "B",
            "roomNumber": null,
            "pmCode": null,
            "campusAbbrev": "**",
            "campusName": "** INVALID **",
            "meetingDay": null,
            "buildingCode": null,
            "startTime": null,
            "endTime": null,
            "meetingModeDesc": "ONLINE INSTRUCTION(INTERNET)",
            "meetingModeCode": "90"
          },
          {
            "campusLocation": "4",
            "baClassHours": null,
            "roomNumber": "110B",
            "pmCode": "P",
            "campusAbbrev": "D/C",
            "campusName": "DOUGLAS/COOK",
            "meetingDay": "W",
            "buildingCode": "RAB",
            "startTime": "1210",
            "endTime": "0130",
            "meetingModeDesc": "LEC",
            "meetingModeCode": "02"
          }
        ],
        "legendKey": null,
        "honorPrograms": []
      }
    ],
    "supplementCode": "  ",
    "credits": 3,
    "unitNotes": null,
    "coreCodes": [
      {
        "id": "2024101840101  16",
        "year": "2024",
        "description": "Philosophical and Theoretical Issues",
        "subject": "840",
        "unit": "01",
        "code": "AHo",
        "term": "1",
        "course": "101",
        "offeringUnitCampus": "NB",
        "supplement": "  ",
        "offeringUnitCode": "01",
        "coreCode": "AHo",
        "coreCodeDescription": "Philosophical and Theoretical Issues",
        "lastUpdated": 1468423723000,
        "effective": "20241",
        "coreCodeReferenceId": "16"
      },
      {
        "id": "2024101840101  78586",
        "year": "2024",
        "description": "Our Common Future",
        "subject": "840",
        "unit": "01",
        "code": "CCO",
        "term": "1",
        "course": "101",
        "offeringUnitCampus": "NB",
        "supplement": "  ",
        "offeringUnitCode": "01",
        "coreCode": "CCO",
        "coreCodeDescription": "Our Common Future",
        "lastUpdated": 1545063307000,
        "effective": "20241",
        "coreCodeReferenceId": "78586"
      }
    ],
    "courseNotes": null,
    "expandedTitle": "GODS, MYTHS, AND RELIGIONS IN A SECULAR AGE                                     "
  },
  {
    "subjectNotes": "PLEASE LOOK FOR ADDITIONAL ONLINE RELIGION COURSES IN NEW BRUNSWICK ONLINE COURSES, HYBRID AND OFF CAMPUS ONLINE COURSES UNDER THE DROP DOWN BOXES LOCATED ON http://sis.rutgers.edu/soc/",
    "courseNumber": "111",
    "subject": "840",
    "campusCode": "NB",
    "openSections": 1,
    "synopsisUrl": "http://www.religion.rutgers.edu/downloads/undergraduate-syllabi",
    "subjectGroupNotes": null,
    "offeringUnitCode": "01",
    "offeringUnitTitle": null,
    "title": "REL MYTH & H POTTER",
    "courseDescription": null,
    "preReqNotes": null,
    "sections": [
      {
        "sectionEligibility": "ALL EXCEPT SENIORS ",
        "sessionDatePrintIndicator": "N",
        "examCode": "C",
        "specialPermissionAddCode": null,
        "crossListedSections": [],
        "sectionNotes": null,
        "specialPermissionDropCode": null,
        "instructors": [
          {
            "name": "RUSSELL, SANDRA"
          }
        ],
        "number": "01",
        "majors": [],
        "sessionDates": null,
        "specialPermissionDropCodeDescription": null,
        "subtopic": null,
        "openStatus": true,
        "comments": [
          {
            "code": "60",
            "description": "Go to http://Sakai.rutgers.edu"
          }
        ],
        "minors": [],
        "campusCode": "NB",
        "index": "09073",
        "unitMajors": [],
        "printed": "Y",
        "specialPermissionAddCodeDescription": null,
        "subtitle": null,
        "meetingTimes": [
          {
            "campusLocation": "1",
            "baClassHours": null,
            "roomNumber": "204",
            "pmCode": "P",
            "campusAbbrev": "CAC",
            "campusName": "COLLEGE AVENUE",
            "meetingDay": "M",
            "buildingCode": "MU",
            "startTime": "0350",
            "endTime": "0510",
            "meetingModeDesc": "LEC",
            "meetingModeCode": "02"
          },
          {
            "campusLocation": "1",
            "baClassHours": null,
            "roomNumber": "204",
            "pmCode": "P",
            "campusAbbrev": "CAC",
            "campusName": "COLLEGE AVENUE",
            "meetingDay": "W",
            "buildingCode": "MU",
            "startTime": "0350",
            "endTime": "0510",
            "meetingModeDesc": "LEC",
            "meetingModeCode": "02"
          }
        ],
        "legendKey": null,
        "honorPrograms": []
      }
    ],
    "supplementCode": "  ",
    "credits": 3,
    "unitNotes": null,
    "coreCodes": [],
    "courseNotes": null,
    "expandedTitle": "THE HERO'S QUEST: RELIGION, MYTHOLOGY AND HARRY POTTER                          "
  },
  {
    "subjectNotes": "PLEASE LOOK FOR ADDITIONAL ONLINE RELIGION COURSES IN NEW BRUNSWICK ONLINE COURSES, HYBRID AND OFF CAMPUS ONLINE COURSES UNDER THE DROP DOWN BOXES LOCATED ON http://sis.rutgers.edu/soc/",
    "courseNumber": "112",
    "subject": "840",
    "campusCode": "NB",
    "openSections": 0,
    "synopsisUrl": "http://www.religion.rutgers.edu/downloads/undergraduate-syllabi",
    "subjectGroupNotes": null,
    "offeringUnitCode": "01",
    "offeringUnitTitle": null,
    "title": "DEATH AND AFTERLIFE",
    "courseDescription": null,
    "preReqNotes": null,
    "sections": [
      {
        "sectionEligibility": null,
        "sessionDatePrintIndicator": "N",
        "examCode": "C",
        "specialPermissionAddCode": null,
        "crossListedSections": [],
        "sectionNotes": null,
        "specialPermissionDropCode": null,
        "instructors": [],
        "number": "01",
        "majors": [],
        "sessionDates": null,
        "specialPermissionDropCodeDescription": null,
        "subtopic": null,
        "openStatus": false,
        "comments": [],
        "minors": [],
        "campusCode": "NB",
        "index": "09074",
        "unitMajors": [],
        "printed": "Y",
        "specialPermissionAddCodeDescription": null,
        "subtitle": null,
        "meetingTimes": [
          {
            "campusLocation": "4",
            "baClassHours": null,
            "roomNumber": "208",
            "pmCode": "P",
            "campusAbbrev": "D/C",
            "campusName": "DOUGLAS/COOK",
            "meetingDay": "T",
            "buildingCode": "RAB",
            "startTime": "0350",
            "endTime": "0510",
            "meetingModeDesc": "LEC",
            "meetingModeCode": "02"
          },
          {
            "campusLocation": "4",
            "baClassHours": null,
            "roomNumber": "208",
            "pmCode": "P",
            "campusAbbrev": "D/C",
            "campusName": "DOUGLAS/COOK",
            "meetingDay": "TH",
            "buildingCode": "RAB",
            "startTime": "0350",
            "endTime": "0510",
            "meetingModeDesc": "LEC",
            "meetingModeCode": "02"
          }
        ],
        "legendKey": null,
        "honorPrograms": []
      }
    ],
    "supplementCode": "  ",
    "credits": 3,
    "unitNotes": null,
    "coreCodes": [
      {
        "id": "2024101840112  16",
        "year": "2024",
        "description": "Philosophical and Theoretical Issues",
        "subject": "840",
        "unit": "01",
        "code": "AHo",
        "term": "1",
        "course": "112",
        "offeringUnitCampus": "NB",
        "supplement": "  ",
        "offeringUnitCode": "01",
        "coreCode": "AHo",
        "coreCodeDescription": "Philosophical and Theoretical Issues",
        "lastUpdated": 1468423723000,
        "effective": "20241",
        "coreCodeReferenceId": "16"
      }
    ],
    "courseNotes": null,
    "expandedTitle": null
  },
  {
    "subjectNotes": "PLEASE LOOK FOR ADDITIONAL ONLINE RELIGION COURSES IN NEW BRUNSWICK ONLINE COURSES, HYBRID AND OFF CAMPUS ONLINE COURSES UNDER THE DROP DOWN BOXES LOCATED ON http://sis.rutgers.edu/soc/",
    "courseNumber": "132",
    "subject": "840",
    "campusCode": "NB",
    "openSections": 1,
    "synopsisUrl": "http://www.religion.rutgers.edu/downloads/undergraduate-syllabi",
    "subjectGroupNotes": null,
    "offeringUnitCode": "01",
    "offeringUnitTitle": null,
    "title": "RELIGION & THE ARTS",
    "courseDescription": null,
    "preReqNotes": null,
    "sections": [
      {
        "sectionEligibility": null,
        "sessionDatePrintIndicator": "N",
        "examCode": "C",
        "specialPermissionAddCode": null,
        "crossListedSections": [],
        "sectionNotes": null,
        "specialPermissionDropCode": null,
        "instructors": [
          {
            "name": "MCGINLEY, DUGAN"
          }
        ],
        "number": "01",
        "majors": [],
        "sessionDates": null,
        "specialPermissionDropCodeDescription": null,
        "subtopic": null,
        "openStatus": true,
        "comments": [],
        "minors": [],
        "campusCode": "NB",
        "index": "09075",
        "unitMajors": [],
        "printed": "Y",
        "specialPermissionAddCodeDescription": null,
        "subtitle": null,
        "meetingTimes": [
          {
            "campusLocation": "1",
            "baClassHours": null,
            "roomNumber": "103",
            "pmCode": "P",
            "campusAbbrev": "CAC",
            "campusName": "COLLEGE AVENUE",
            "meetingDay": "W",
            "buildingCode": "GH",
            "startTime": "0350",
            "endTime": "0650",
            "meetingModeDesc": "LEC",
            "meetingModeCode": "02"
          }
        ],
        "legendKey": null,
        "honorPrograms": []
      }
    ],
    "supplementCode": "  ",
    "credits": 3,
    "unitNotes": null,
    "coreCodes": [
      {
        "id": "2024101840132  17",
        "year": "2024",
        "description": "Arts and Literatures",
        "subject": "840",
        "unit": "01",
        "code": "AHp",
        "term": "1",
        "course": "132",
        "offeringUnitCampus": "NB",
        "supplement": "  ",
        "offeringUnitCode": "01",
        "coreCode": "AHp",
        "coreCodeDescription": "Arts and Literatures",
        "lastUpdated": 1468423733000,
        "effective": "20241",
        "coreCodeReferenceId": "17"
      }
    ],
    "courseNotes": null,
    "expandedTitle": "RELIGION AND THE ARTS                                                           "
  },
  {
    "subjectNotes": "PLEASE LOOK FOR ADDITIONAL ONLINE RELIGION COURSES IN NEW BRUNSWICK ONLINE COURSES, HYBRID AND OFF CAMPUS ONLINE COURSES UNDER THE DROP DOWN BOXES LOCATED ON http://sis.rutgers.edu/soc/",
    "courseNumber": "206",
    "subject": "840",
    "campusCode": "NB",
    "openSections": 1,
    "synopsisUrl": "http://www.religion.rutgers.edu/downloads/undergraduate-syllabi",
    "subjectGroupNotes": null,
    "offeringUnitCode": "01",
    "offeringUnitTitle": null,
    "title": "INTRO TO BIBLE II",
    "courseDescription": null,
    "preReqNotes": null,
    "sections": [
      {
        "sectionEligibility": null,
        "sessionDatePrintIndicator": "N",
        "examCode": "C",
        "specialPermissionAddCode": null,
        "crossListedSections": [
          {
            "courseNumber": "206",
            "supplementCode": "  ",
            "sectionNumber": "01",
            "offeringUnitCampus": "NB",
            "primaryRegistrationIndex": "07913",
            "offeringUnitCode": "01",
            "registrationIndex": "07912",
            "subjectCode": "563"
          }
        ],
        "sectionNotes": null,
        "specialPermissionDropCode": null,
        "instructors": [
          {
            "name": "BALLENTINE"
          }
        ],
        "number": "01",
        "majors": [],
        "sessionDates": null,
        "specialPermissionDropCodeDescription": null,
        "subtopic": null,
        "openStatus": true,
        "comments": [],
        "minors": [],
        "campusCode": "NB",
        "index": "07913",
        "unitMajors": [],
        "printed": "Y",
        "specialPermissionAddCodeDescription": null,
        "subtitle": null,
        "meetingTimes": [
          {
            "campusLocation": "1",
            "baClassHours": null,
            "roomNumber": "A2",
            "pmCode": "P",
            "campusAbbrev": "CAC",
            "campusName": "COLLEGE AVENUE",
            "meetingDay": "T",
            "buildingCode": "HH",
            "startTime": "0200",
            "endTime": "0320",
            "meetingModeDesc": "LEC",
            "meetingModeCode": "02"
          },
          {
            "campusLocation": "1",
            "baClassHours": null,
            "roomNumber": "A2",
            "pmCode": "P",
            "campusAbbrev": "CAC",
            "campusName": "COLLEGE AVENUE",
            "meetingDay": "TH",
            "buildingCode": "HH",
            "startTime": "0200",
            "endTime": "0320",
            "meetingModeDesc": "LEC",
            "meetingModeCode": "02"
          }
        ],
        "legendKey": null,
        "honorPrograms": []
      }
    ],
    "supplementCode": "  ",
    "credits": 3,
    "unitNotes": null,
    "coreCodes": [
      {
        "id": "2024101840206  17",
        "year": "2024",
        "description": "Arts and Literatures",
        "subject": "840",
        "unit": "01",
        "code": "AHp",
        "term": "1",
        "course": "206",
        "offeringUnitCampus": "NB",
        "supplement": "  ",
        "offeringUnitCode": "01",
        "coreCode": "AHp",
        "coreCodeDescription": "Arts and Literatures",
        "lastUpdated": 1468423733000,
        "effective": "20241",
        "coreCodeReferenceId": "17"
      },
      {
        "id": "2024101840206  20",
        "year": "2024",
        "description": "Historical Analysis",
        "subject": "840",
        "unit": "01",
        "code": "HST",
        "term": "1",
        "course": "206",
        "offeringUnitCampus": "NB",
        "supplement": "  ",
        "offeringUnitCode": "01",
        "coreCode": "HST",
        "coreCodeDescription": "Historical Analysis",
        "lastUpdated": 1468423759000,
        "effective": "20241",
        "coreCodeReferenceId": "20"
      }
    ],
    "courseNotes": null,
    "expandedTitle": "INTRODUCTION TO THE BIBLE II:PROPHETS & POETRY                                  "
  },
  {
    "subjectNotes": "PLEASE LOOK FOR ADDITIONAL ONLINE RELIGION COURSES IN NEW BRUNSWICK ONLINE COURSES, HYBRID AND OFF CAMPUS ONLINE COURSES UNDER THE DROP DOWN BOXES LOCATED ON http://sis.rutgers.edu/soc/",
    "courseNumber": "211",
    "subject": "840",
    "campusCode": "NB",
    "openSections": 0,
    "synopsisUrl": "http://www.religion.rutgers.edu/downloads/undergraduate-syllabi",
    "subjectGroupNotes": null,
    "offeringUnitCode": "01",
    "offeringUnitTitle": null,
    "title": "RELIGION IN ASIA",
    "courseDescription": null,
    "preReqNotes": null,
    "sections": [
      {
        "sectionEligibility": null,
        "sessionDatePrintIndicator": "N",
        "examCode": "C",
        "specialPermissionAddCode": null,
        "crossListedSections": [],
        "sectionNotes": null,
        "specialPermissionDropCode": null,
        "instructors": [],
        "number": "01",
        "majors": [],
        "sessionDates": null,
        "specialPermissionDropCodeDescription": null,
        "subtopic": null,
        "openStatus": false,
        "comments": [],
        "minors": [],
        "campusCode": "NB",
        "index": "09076",
        "unitMajors": [],
        "printed": "Y",
        "specialPermissionAddCodeDescription": null,
        "subtitle": null,
        "meetingTimes": [
          {
            "campusLocation": "4",
            "baClassHours": null,
            "roomNumber": "208",
            "pmCode": "P",
            "campusAbbrev": "D/C",
            "campusName": "DOUGLAS/COOK",
            "meetingDay": "T",
            "buildingCode": "RAB",
            "startTime": "0540",
            "endTime": "0700",
            "meetingModeDesc": "LEC",
            "meetingModeCode": "02"
          },
          {
            "campusLocation": "4",
            "baClassHours": null,
            "roomNumber": "208",
            "pmCode": "P",
            "campusAbbrev": "D/C",
            "campusName": "DOUGLAS/COOK",
            "meetingDay": "TH",
            "buildingCode": "RAB",
            "startTime": "0540",
            "endTime": "0700",
            "meetingModeDesc": "LEC",
            "meetingModeCode": "02"
          }
        ],
        "legendKey": null,
        "honorPrograms": []
      }
    ],
    "supplementCode": "  ",
    "credits": 3,
    "unitNotes": null,
    "coreCodes": [
      {
        "id": "2024101840211  16",
        "year": "2024",
        "description": "Philosophical and Theoretical Issues",
        "subject": "840",
        "unit": "01",
        "code": "AHo",
        "term": "1",
        "course": "211",
        "offeringUnitCampus": "NB",
        "supplement": "  ",
        "offeringUnitCode": "01",
        "coreCode": "AHo",
        "coreCodeDescription": "Philosophical and Theoretical Issues",
        "lastUpdated": 1468423723000,
        "effective": "20241",
        "coreCodeReferenceId": "16"
      },
      {
        "id": "2024101840211  17",
        "year": "2024",
        "description": "Arts and Literatures",
        "subject": "840",
        "unit": "01",
        "code": "AHp",
        "term": "1",
        "course": "211",
        "offeringUnitCampus": "NB",
        "supplement": "  ",
        "offeringUnitCode": "01",
        "coreCode": "AHp",
        "coreCodeDescription": "Arts and Literatures",
        "lastUpdated": 1468423733000,
        "effective": "20241",
        "coreCodeReferenceId": "17"
      },
      {
        "id": "2024101840211  20",
        "year": "2024",
        "description": "Historical Analysis",
        "subject": "840",
        "unit": "01",
        "code": "HST",
        "term": "1",
        "course": "211",
        "offeringUnitCampus": "NB",
        "supplement": "  ",
        "offeringUnitCode": "01",
        "coreCode": "HST",
        "coreCodeDescription": "Historical Analysis",
        "lastUpdated": 1468423759000,
        "effective": "20241",
        "coreCodeReferenceId": "20"
      }
    ],
    "courseNotes": null,
    "expandedTitle": null
  },
  {
    "subjectNotes": "PLEASE LOOK FOR ADDITIONAL ONLINE RELIGION COURSES IN NEW BRUNSWICK ONLINE COURSES, HYBRID AND OFF CAMPUS ONLINE COURSES UNDER THE DROP DOWN BOXES LOCATED ON http://sis.rutgers.edu/soc/",
    "courseNumber": "212",
    "subject": "840",
    "campusCode": "NB",
    "openSections": 1,
    "synopsisUrl": "http://www.religion.rutgers.edu/downloads/undergraduate-syllabi",
    "subjectGroupNotes": null,
    "offeringUnitCode": "01",
    "offeringUnitTitle": null,
    "title": "RELIGNS WESTRN WORLD",
    "courseDescription": null,
    "preReqNotes": null,
    "sections": [
      {
        "sectionEligibility": null,
        "sessionDatePrintIndicator": "N",
        "examCode": "C",
        "specialPermissionAddCode": null,
        "crossListedSections": [],
        "sectionNotes": null,
        "specialPermissionDropCode": null,
        "instructors": [
          {
            "name": "FRUCHTMAN"
          }
        ],
        "number": "01",
        "majors": [],
        "sessionDates": null,
        "specialPermissionDropCodeDescription": null,
        "subtopic": null,
        "openStatus": false,
        "comments": [],
        "minors": [],
        "campusCode": "NB",
        "index": "09077",
        "unitMajors": [],
        "printed": "Y",
        "specialPermissionAddCodeDescription": null,
        "subtitle": null,
        "meetingTimes": [
          {
            "campusLocation": "1",
            "baClassHours": null,
            "roomNumber": "221",
            "pmCode": "A",
            "campusAbbrev": "CAC",
            "campusName": "COLLEGE AVENUE",
            "meetingDay": "W",
            "buildingCode": "SC",
            "startTime": "1020",
            "endTime": "1140",
            "meetingModeDesc": "LEC",
            "meetingModeCode": "02"
          },
          {
            "campusLocation": "O",
            "baClassHours": "B",
            "roomNumber": null,
            "pmCode": null,
            "campusAbbrev": "**",
            "campusName": "** INVALID **",
            "meetingDay": null,
            "buildingCode": null,
            "startTime": null,
            "endTime": null,
            "meetingModeDesc": "ONLINE INSTRUCTION(INTERNET)",
            "meetingModeCode": "90"
          }
        ],
        "legendKey": null,
        "honorPrograms": []
      },
      {
        "sectionEligibility": null,
        "sessionDatePrintIndicator": "N",
        "examCode": "C",
        "specialPermissionAddCode": null,
        "crossListedSections": [],
        "sectionNotes": null,
        "specialPermissionDropCode": null,
        "instructors": [
          {
            "name": "DREFF, ERIK"
          }
        ],
        "number": "02",
        "majors": [],
        "sessionDates": null,
        "specialPermissionDropCodeDescription": null,
        "subtopic": null,
        "openStatus": true,
        "comments": [],
        "minors": [],
        "campusCode": "NB",
        "index": "09078",
        "unitMajors": [],
        "printed": "Y",
        "specialPermissionAddCodeDescription": null,
        "subtitle": null,
        "meetingTimes": [
          {
            "campusLocation": "3",
            "baClassHours": null,
            "roomNumber": "B110",
            "pmCode": "A",
            "campusAbbrev": "LIV",
            "campusName": "LIVINGSTON",
            "meetingDay": "TH",
            "buildingCode": "LSH",
            "startTime": "1020",
            "endTime": "1140",
            "meetingModeDesc": "LEC",
            "meetingModeCode": "02"
          },
          {
            "campusLocation": "3",
            "baClassHours": null,
            "roomNumber": "B110",
            "pmCode": "A",
            "campusAbbrev": "LIV",
            "campusName": "LIVINGSTON",
            "meetingDay": "M",
            "buildingCode": "LSH",
            "startTime": "1020",
            "endTime": "1140",
            "meetingModeDesc": "LEC",
            "meetingModeCode": "02"
          }
        ],
        "legendKey": null,
        "honorPrograms": []
      }
    ],
    "supplementCode": "  ",
    "credits": 3,
    "unitNotes": null,
    "coreCodes": [
      {
        "id": "2024101840212  16",
        "year": "2024",
        "description": "Philosophical and Theoretical Issues",
        "subject": "840",
        "unit": "01",
        "code": "AHo",
        "term": "1",
        "course": "212",
        "offeringUnitCampus": "NB",
        "supplement": "  ",
        "offeringUnitCode": "01",
        "coreCode": "AHo",
        "coreCodeDescription": "Philosophical and Theoretical Issues",
        "lastUpdated": 1468423723000,
        "effective": "20241",
        "coreCodeReferenceId": "16"
      },
      {
        "id": "2024101840212  20",
        "year": "2024",
        "description": "Historical Analysis",
        "subject": "840",
        "unit": "01",
        "code": "HST",
        "term": "1",
        "course": "212",
        "offeringUnitCampus": "NB",
        "supplement": "  ",
        "offeringUnitCode": "01",
        "coreCode": "HST",
        "coreCodeDescription": "Historical Analysis",
        "lastUpdated": 1468423759000,
        "effective": "20241",
        "coreCodeReferenceId": "20"
      },
      {
        "id": "2024101840212  25",
        "year": "2024",
        "description": "Social Analysis",
        "subject": "840",
        "unit": "01",
        "code": "SCL",
        "term": "1",
        "course": "212",
        "offeringUnitCampus": "NB",
        "supplement": "  ",
        "offeringUnitCode": "01",
        "coreCode": "SCL",
        "coreCodeDescription": "Social Analysis",
        "lastUpdated": 1468423803000,
        "effective": "20241",
        "coreCodeReferenceId": "25"
      }
    ],
    "courseNotes": null,
    "expandedTitle": "RELIGIONS OF THE WESTERN WORLD                                                  "
  },
  {
    "subjectNotes": "PLEASE LOOK FOR ADDITIONAL ONLINE RELIGION COURSES IN NEW BRUNSWICK ONLINE COURSES, HYBRID AND OFF CAMPUS ONLINE COURSES UNDER THE DROP DOWN BOXES LOCATED ON http://sis.rutgers.edu/soc/",
    "courseNumber": "213",
    "subject": "840",
    "campusCode": "NB",
    "openSections": 1,
    "synopsisUrl": "http://www.religion.rutgers.edu/downloads/undergraduate-syllabi",
    "subjectGroupNotes": null,
    "offeringUnitCode": "01",
    "offeringUnitTitle": null,
    "title": "CHRISTIANITY",
    "courseDescription": null,
    "preReqNotes": null,
    "sections": [
      {
        "sectionEligibility": null,
        "sessionDatePrintIndicator": "N",
        "examCode": "C",
        "specialPermissionAddCode": null,
        "crossListedSections": [],
        "sectionNotes": null,
        "specialPermissionDropCode": null,
        "instructors": [
          {
            "name": "KOLBABA, TIA"
          }
        ],
        "number": "01",
        "majors": [],
        "sessionDates": null,
        "specialPermissionDropCodeDescription": null,
        "subtopic": null,
        "openStatus": true,
        "comments": [],
        "minors": [],
        "campusCode": "NB",
        "index": "09079",
        "unitMajors": [],
        "printed": "Y",
        "specialPermissionAddCodeDescription": null,
        "subtitle": null,
        "meetingTimes": [
          {
            "campusLocation": "1",
            "baClassHours": null,
            "roomNumber": "103",
            "pmCode": "P",
            "campusAbbrev": "CAC",
            "campusName": "COLLEGE AVENUE",
            "meetingDay": "W",
            "buildingCode": "GH",
            "startTime": "0200",
            "endTime": "0320",
            "meetingModeDesc": "LEC",
            "meetingModeCode": "02"
          },
          {
            "campusLocation": "1",
            "baClassHours": null,
            "roomNumber": "103",
            "pmCode": "P",
            "campusAbbrev": "CAC",
            "campusName": "COLLEGE AVENUE",
            "meetingDay": "M",
            "buildingCode": "GH",
            "startTime": "0200",
            "endTime": "0320",
            "meetingModeDesc": "LEC",
            "meetingModeCode": "02"
          }
        ],
        "legendKey": null,
        "honorPrograms": []
      }
    ],
    "supplementCode": "  ",
    "credits": 3,
    "unitNotes": null,
    "coreCodes": [
      {
        "id": "2024101840213  20",
        "year": "2024",
        "description": "Historical Analysis",
        "subject": "840",
        "unit": "01",
        "code": "HST",
        "term": "1",
        "course": "213",
        "offeringUnitCampus": "NB",
        "supplement": "  ",
        "offeringUnitCode": "01",
        "coreCode": "HST",
        "coreCodeDescription": "Historical Analysis",
        "lastUpdated": 1468423759000,
        "effective": "20241",
        "coreCodeReferenceId": "20"
      }
    ],
    "courseNotes": null,
    "expandedTitle": "CHRISTIANITY: ORIGINS, HISTORY,         CONTEMPOARY ISSUES                      "
  },
  {
    "subjectNotes": "PLEASE LOOK FOR ADDITIONAL ONLINE RELIGION COURSES IN NEW BRUNSWICK ONLINE COURSES, HYBRID AND OFF CAMPUS ONLINE COURSES UNDER THE DROP DOWN BOXES LOCATED ON http://sis.rutgers.edu/soc/",
    "courseNumber": "220",
    "subject": "840",
    "campusCode": "NB",
    "openSections": 1,
    "synopsisUrl": "http://www.religion.rutgers.edu/downloads/undergraduate-syllabi",
    "subjectGroupNotes": null,
    "offeringUnitCode": "01",
    "offeringUnitTitle": null,
    "title": "ABORTION",
    "courseDescription": null,
    "preReqNotes": null,
    "sections": [
      {
        "sectionEligibility": null,
        "sessionDatePrintIndicator": "N",
        "examCode": "C",
        "specialPermissionAddCode": null,
        "crossListedSections": [
          {
            "courseNumber": "221",
            "supplementCode": "  ",
            "sectionNumber": "01",
            "offeringUnitCampus": "NB",
            "primaryRegistrationIndex": "07830",
            "offeringUnitCode": "01",
            "registrationIndex": "07829",
            "subjectCode": "512"
          }
        ],
        "sectionNotes": null,
        "specialPermissionDropCode": null,
        "instructors": [
          {
            "name": "KOLBABA, TIA"
          },
          {
            "name": "SCHOEN, JOHANNA"
          }
        ],
        "number": "01",
        "majors": [],
        "sessionDates": null,
        "specialPermissionDropCodeDescription": null,
        "subtopic": null,
        "openStatus": true,
        "comments": [],
        "minors": [],
        "campusCode": "NB",
        "index": "07830",
        "unitMajors": [],
        "printed": "Y",
        "specialPermissionAddCodeDescription": null,
        "subtitle": null,
        "meetingTimes": [
          {
            "campusLocation": "1",
            "baClassHours": null,
            "roomNumber": "208",
            "pmCode": "P",
            "campusAbbrev": "CAC",
            "campusName": "COLLEGE AVENUE",
            "meetingDay": "TH",
            "buildingCode": "MU",
            "startTime": "1210",
            "endTime": "0130",
            "meetingModeDesc": "LEC",
            "meetingModeCode": "02"
          },
          {
            "campusLocation": "1",
            "baClassHours": null,
            "roomNumber": "208",
            "pmCode": "P",
            "campusAbbrev": "CAC",
            "campusName": "COLLEGE AVENUE",
            "meetingDay": "M",
            "buildingCode": "MU",
            "startTime": "1210",
            "endTime": "0130",
            "meetingModeDesc": "LEC",
            "meetingModeCode": "02"
          }
        ],
        "legendKey": null,
        "honorPrograms": []
      }
    ],
    "supplementCode": "  ",
    "credits": 3,
    "unitNotes": null,
    "coreCodes": [
      {
        "id": "2024101840220  78585",
        "year": "2024",
        "description": "Diversities and Social Inequalities",
        "subject": "840",
        "unit": "01",
        "code": "CCD",
        "term": "1",
        "course": "220",
        "offeringUnitCampus": "NB",
        "supplement": "  ",
        "offeringUnitCode": "01",
        "coreCode": "CCD",
        "coreCodeDescription": "Diversities and Social Inequalities",
        "lastUpdated": 1545063307000,
        "effective": "20241",
        "coreCodeReferenceId": "78585"
      },
      {
        "id": "2024101840220  20",
        "year": "2024",
        "description": "Historical Analysis",
        "subject": "840",
        "unit": "01",
        "code": "HST",
        "term": "1",
        "course": "220",
        "offeringUnitCampus": "NB",
        "supplement": "  ",
        "offeringUnitCode": "01",
        "coreCode": "HST",
        "coreCodeDescription": "Historical Analysis",
        "lastUpdated": 1468423759000,
        "effective": "20241",
        "coreCodeReferenceId": "20"
      }
    ],
    "courseNotes": null,
    "expandedTitle": "ABORTION:  THE COLLISION OF HISTORY, LAW, RELIGION, MEDICINE, AND HUMAN RIGHTS I"
  },
  {
    "subjectNotes": "PLEASE LOOK FOR ADDITIONAL ONLINE RELIGION COURSES IN NEW BRUNSWICK ONLINE COURSES, HYBRID AND OFF CAMPUS ONLINE COURSES UNDER THE DROP DOWN BOXES LOCATED ON http://sis.rutgers.edu/soc/",
    "courseNumber": "222",
    "subject": "840",
    "campusCode": "NB",
    "openSections": 2,
    "synopsisUrl": "http://www.religion.rutgers.edu/downloads/undergraduate-syllabi",
    "subjectGroupNotes": null,
    "offeringUnitCode": "01",
    "offeringUnitTitle": null,
    "title": "THE QUESTION OF GOD",
    "courseDescription": null,
    "preReqNotes": null,
    "sections": [
      {
        "sectionEligibility": null,
        "sessionDatePrintIndicator": "N",
        "examCode": "C",
        "specialPermissionAddCode": null,
        "crossListedSections": [],
        "sectionNotes": null,
        "specialPermissionDropCode": null,
        "instructors": [
          {
            "name": "MCGINLEY, DUGAN"
          }
        ],
        "number": "01",
        "majors": [],
        "sessionDates": null,
        "specialPermissionDropCodeDescription": null,
        "subtopic": null,
        "openStatus": true,
        "comments": [],
        "minors": [],
        "campusCode": "NB",
        "index": "09080",
        "unitMajors": [],
        "printed": "Y",
        "specialPermissionAddCodeDescription": null,
        "subtitle": null,
        "meetingTimes": [
          {
            "campusLocation": "4",
            "baClassHours": null,
            "roomNumber": "207",
            "pmCode": "P",
            "campusAbbrev": "D/C",
            "campusName": "DOUGLAS/COOK",
            "meetingDay": "T",
            "buildingCode": "RAB",
            "startTime": "0200",
            "endTime": "0320",
            "meetingModeDesc": "LEC",
            "meetingModeCode": "02"
          },
          {
            "campusLocation": "4",
            "baClassHours": null,
            "roomNumber": "207",
            "pmCode": "P",
            "campusAbbrev": "D/C",
            "campusName": "DOUGLAS/COOK",
            "meetingDay": "TH",
            "buildingCode": "RAB",
            "startTime": "0200",
            "endTime": "0320",
            "meetingModeDesc": "LEC",
            "meetingModeCode": "02"
          }
        ],
        "legendKey": null,
        "honorPrograms": []
      },
      {
        "sectionEligibility": null,
        "sessionDatePrintIndicator": "N",
        "examCode": "C",
        "specialPermissionAddCode": null,
        "crossListedSections": [],
        "sectionNotes": null,
        "specialPermissionDropCode": null,
        "instructors": [
          {
            "name": "MCGINLEY, DUGAN"
          }
        ],
        "number": "02",
        "majors": [],
        "sessionDates": null,
        "specialPermissionDropCodeDescription": null,
        "subtopic": null,
        "openStatus": true,
        "comments": [],
        "minors": [],
        "campusCode": "NB",
        "index": "09081",
        "unitMajors": [],
        "printed": "Y",
        "specialPermissionAddCodeDescription": null,
        "subtitle": null,
        "meetingTimes": [
          {
            "campusLocation": "4",
            "baClassHours": null,
            "roomNumber": "201",
            "pmCode": "P",
            "campusAbbrev": "D/C",
            "campusName": "DOUGLAS/COOK",
            "meetingDay": "TH",
            "buildingCode": "HCK",
            "startTime": "0350",
            "endTime": "0510",
            "meetingModeDesc": "LEC",
            "meetingModeCode": "02"
          },
          {
            "campusLocation": "4",
            "baClassHours": null,
            "roomNumber": "201",
            "pmCode": "P",
            "campusAbbrev": "D/C",
            "campusName": "DOUGLAS/COOK",
            "meetingDay": "T",
            "buildingCode": "HCK",
            "startTime": "0350",
            "endTime": "0510",
            "meetingModeDesc": "LEC",
            "meetingModeCode": "02"
          }
        ],
        "legendKey": null,
        "honorPrograms": []
      }
    ],
    "supplementCode": "  ",
    "credits": 3,
    "unitNotes": null,
    "coreCodes": [
      {
        "id": "2024101840222  16",
        "year": "2024",
        "description": "Philosophical and Theoretical Issues",
        "subject": "840",
        "unit": "01",
        "code": "AHo",
        "term": "1",
        "course": "222",
        "offeringUnitCampus": "NB",
        "supplement": "  ",
        "offeringUnitCode": "01",
        "coreCode": "AHo",
        "coreCodeDescription": "Philosophical and Theoretical Issues",
        "lastUpdated": 1468423723000,
        "effective": "20241",
        "coreCodeReferenceId": "16"
      },
      {
        "id": "2024101840222  20",
        "year": "2024",
        "description": "Historical Analysis",
        "subject": "840",
        "unit": "01",
        "code": "HST",
        "term": "1",
        "course": "222",
        "offeringUnitCampus": "NB",
        "supplement": "  ",
        "offeringUnitCode": "01",
        "coreCode": "HST",
        "coreCodeDescription": "Historical Analysis",
        "lastUpdated": 1468423759000,
        "effective": "20241",
        "coreCodeReferenceId": "20"
      }
    ],
    "courseNotes": null,
    "expandedTitle": "THE QUESTION OF GOD IN MODERN CULTURE                                           "
  },
  {
    "subjectNotes": "PLEASE LOOK FOR ADDITIONAL ONLINE RELIGION COURSES IN NEW BRUNSWICK ONLINE COURSES, HYBRID AND OFF CAMPUS ONLINE COURSES UNDER THE DROP DOWN BOXES LOCATED ON http://sis.rutgers.edu/soc/",
    "courseNumber": "226",
    "subject": "840",
    "campusCode": "NB",
    "openSections": 1,
    "synopsisUrl": "http://www.religion.rutgers.edu/downloads/undergraduate-syllabi",
    "subjectGroupNotes": null,
    "offeringUnitCode": "01",
    "offeringUnitTitle": null,
    "title": "ISLAM",
    "courseDescription": null,
    "preReqNotes": null,
    "sections": [
      {
        "sectionEligibility": null,
        "sessionDatePrintIndicator": "N",
        "examCode": "C",
        "specialPermissionAddCode": null,
        "crossListedSections": [
          {
            "courseNumber": "226",
            "supplementCode": "  ",
            "sectionNumber": "01",
            "offeringUnitCampus": "NB",
            "primaryRegistrationIndex": "08442",
            "offeringUnitCode": "01",
            "registrationIndex": "08441",
            "subjectCode": "685"
          }
        ],
        "sectionNotes": "CREDIT NOT GIVEN FOR BOTH01:840:226 & 01:685:226",
        "specialPermissionDropCode": null,
        "instructors": [
          {
            "name": "DREFF, ERIK"
          }
        ],
        "number": "01",
        "majors": [],
        "sessionDates": null,
        "specialPermissionDropCodeDescription": null,
        "subtopic": null,
        "openStatus": true,
        "comments": [],
        "minors": [],
        "campusCode": "NB",
        "index": "08442",
        "unitMajors": [],
        "printed": "Y",
        "specialPermissionAddCodeDescription": null,
        "subtitle": null,
        "meetingTimes": [
          {
            "campusLocation": "3",
            "baClassHours": null,
            "roomNumber": "B112",
            "pmCode": "P",
            "campusAbbrev": "LIV",
            "campusName": "LIVINGSTON",
            "meetingDay": "M",
            "buildingCode": "LSH",
            "startTime": "1210",
            "endTime": "0130",
            "meetingModeDesc": "LEC",
            "meetingModeCode": "02"
          },
          {
            "campusLocation": "3",
            "baClassHours": null,
            "roomNumber": "B112",
            "pmCode": "P",
            "campusAbbrev": "LIV",
            "campusName": "LIVINGSTON",
            "meetingDay": "TH",
            "buildingCode": "LSH",
            "startTime": "1210",
            "endTime": "0130",
            "meetingModeDesc": "LEC",
            "meetingModeCode": "02"
          }
        ],
        "legendKey": null,
        "honorPrograms": []
      }
    ],
    "supplementCode": "  ",
    "credits": 3,
    "unitNotes": null,
    "coreCodes": [
      {
        "id": "2024101840226  16",
        "year": "2024",
        "description": "Philosophical and Theoretical Issues",
        "subject": "840",
        "unit": "01",
        "code": "AHo",
        "term": "1",
        "course": "226",
        "offeringUnitCampus": "NB",
        "supplement": "  ",
        "offeringUnitCode": "01",
        "coreCode": "AHo",
        "coreCodeDescription": "Philosophical and Theoretical Issues",
        "lastUpdated": 1468423723000,
        "effective": "20241",
        "coreCodeReferenceId": "16"
      },
      {
        "id": "2024101840226  20",
        "year": "2024",
        "description": "Historical Analysis",
        "subject": "840",
        "unit": "01",
        "code": "HST",
        "term": "1",
        "course": "226",
        "offeringUnitCampus": "NB",
        "supplement": "  ",
        "offeringUnitCode": "01",
        "coreCode": "HST",
        "coreCodeDescription": "Historical Analysis",
        "lastUpdated": 1468423759000,
        "effective": "20241",
        "coreCodeReferenceId": "20"
      }
    ],
    "courseNotes": null,
    "expandedTitle": null
  },
  {
    "subjectNotes": "PLEASE LOOK FOR ADDITIONAL ONLINE RELIGION COURSES IN NEW BRUNSWICK ONLINE COURSES, HYBRID AND OFF CAMPUS ONLINE COURSES UNDER THE DROP DOWN BOXES LOCATED ON http://sis.rutgers.edu/soc/",
    "courseNumber": "301",
    "subject": "840",
    "campusCode": "NB",
    "openSections": 1,
    "synopsisUrl": "http://www.religion.rutgers.edu/downloads/undergraduate-syllabi",
    "subjectGroupNotes": null,
    "offeringUnitCode": "01",
    "offeringUnitTitle": null,
    "title": "ANCIENT NR EAST REL",
    "courseDescription": null,
    "preReqNotes": null,
    "sections": [
      {
        "sectionEligibility": null,
        "sessionDatePrintIndicator": "N",
        "examCode": "C",
        "specialPermissionAddCode": null,
        "crossListedSections": [],
        "sectionNotes": null,
        "specialPermissionDropCode": null,
        "instructors": [
          {
            "name": "BALLENTINE"
          }
        ],
        "number": "01",
        "majors": [],
        "sessionDates": null,
        "specialPermissionDropCodeDescription": null,
        "subtopic": null,
        "openStatus": true,
        "comments": [],
        "minors": [],
        "campusCode": "NB",
        "index": "09083",
        "unitMajors": [],
        "printed": "Y",
        "specialPermissionAddCodeDescription": null,
        "subtitle": null,
        "meetingTimes": [
          {
            "campusLocation": "1",
            "baClassHours": null,
            "roomNumber": "103",
            "pmCode": "A",
            "campusAbbrev": "CAC",
            "campusName": "COLLEGE AVENUE",
            "meetingDay": "T",
            "buildingCode": "GH",
            "startTime": "1020",
            "endTime": "0120",
            "meetingModeDesc": "LEC",
            "meetingModeCode": "02"
          }
        ],
        "legendKey": null,
        "honorPrograms": []
      }
    ],
    "supplementCode": "  ",
    "credits": 3,
    "unitNotes": null,
    "coreCodes": [],
    "courseNotes": null,
    "expandedTitle": "ANCIENT NEAR EASTERN RELIGIONS                                                  "
  },
  {
    "subjectNotes": "PLEASE LOOK FOR ADDITIONAL ONLINE RELIGION COURSES IN NEW BRUNSWICK ONLINE COURSES, HYBRID AND OFF CAMPUS ONLINE COURSES UNDER THE DROP DOWN BOXES LOCATED ON http://sis.rutgers.edu/soc/",
    "courseNumber": "305",
    "subject": "840",
    "campusCode": "NB",
    "openSections": 0,
    "synopsisUrl": "http://www.religion.rutgers.edu/downloads/undergraduate-syllabi",
    "subjectGroupNotes": null,
    "offeringUnitCode": "01",
    "offeringUnitTitle": null,
    "title": "APOCALYPSE NOW?",
    "courseDescription": null,
    "preReqNotes": null,
    "sections": [
      {
        "sectionEligibility": null,
        "sessionDatePrintIndicator": "Y",
        "examCode": "C",
        "specialPermissionAddCode": null,
        "crossListedSections": [],
        "sectionNotes": "INTERESTED SENIORS PLEASEEMAIL NAVI KAURNAVI.KAUR@RELIGION.RUTGERS.EDU",
        "specialPermissionDropCode": null,
        "instructors": [
          {
            "name": "WASSERMAN, EMMA"
          }
        ],
        "number": "01",
        "majors": [],
        "sessionDates": null,
        "specialPermissionDropCodeDescription": null,
        "subtopic": null,
        "openStatus": false,
        "comments": [],
        "minors": [],
        "campusCode": "NB",
        "index": "19045",
        "unitMajors": [],
        "printed": "Y",
        "specialPermissionAddCodeDescription": null,
        "subtitle": null,
        "meetingTimes": [
          {
            "campusLocation": "1",
            "baClassHours": null,
            "roomNumber": "219",
            "pmCode": "P",
            "campusAbbrev": "CAC",
            "campusName": "COLLEGE AVENUE",
            "meetingDay": "T",
            "buildingCode": "SC",
            "startTime": "1210",
            "endTime": "0130",
            "meetingModeDesc": "LEC",
            "meetingModeCode": "02"
          },
          {
            "campusLocation": "O",
            "baClassHours": "B",
            "roomNumber": null,
            "pmCode": null,
            "campusAbbrev": "**",
            "campusName": "** INVALID **",
            "meetingDay": null,
            "buildingCode": null,
            "startTime": null,
            "endTime": null,
            "meetingModeDesc": "ONLINE INSTRUCTION(INTERNET)",
            "meetingModeCode": "90"
          }
        ],
        "legendKey": null,
        "honorPrograms": []
      },
      {
        "sectionEligibility": null,
        "sessionDatePrintIndicator": "N",
        "examCode": "A",
        "specialPermissionAddCode": null,
        "crossListedSections": [],
        "sectionNotes": null,
        "specialPermissionDropCode": null,
        "instructors": [
          {
            "name": "KETCHUM"
          }
        ],
        "number": "91",
        "majors": [],
        "sessionDates": null,
        "specialPermissionDropCodeDescription": null,
        "subtopic": null,
        "openStatus": false,
        "comments": [
          {
            "code": "05",
            "description": "Go to http://canvas.rutgers.edu"
          }
        ],
        "minors": [],
        "campusCode": "NB",
        "index": "09085",
        "unitMajors": [],
        "printed": "Y",
        "specialPermissionAddCodeDescription": null,
        "subtitle": null,
        "meetingTimes": [
          {
            "campusLocation": "O",
            "baClassHours": "B",
            "roomNumber": null,
            "pmCode": null,
            "campusAbbrev": "**",
            "campusName": "** INVALID **",
            "meetingDay": null,
            "buildingCode": null,
            "startTime": null,
            "endTime": null,
            "meetingModeDesc": "ONLINE INSTRUCTION(INTERNET)",
            "meetingModeCode": "90"
          }
        ],
        "legendKey": null,
        "honorPrograms": []
      }
    ],
    "supplementCode": "  ",
    "credits": 3,
    "unitNotes": null,
    "coreCodes": [
      {
        "id": "2024101840305  20",
        "year": "2024",
        "description": "Historical Analysis",
        "subject": "840",
        "unit": "01",
        "code": "HST",
        "term": "1",
        "course": "305",
        "offeringUnitCampus": "NB",
        "supplement": "  ",
        "offeringUnitCode": "01",
        "coreCode": "HST",
        "coreCodeDescription": "Historical Analysis",
        "lastUpdated": 1468423759000,
        "effective": "20241",
        "coreCodeReferenceId": "20"
      },
      {
        "id": "2024101840305  27",
        "year": "2024",
        "description": "Writing and Communication in a Discipline",
        "subject": "840",
        "unit": "01",
        "code": "WCd",
        "term": "1",
        "course": "305",
        "offeringUnitCampus": "NB",
        "supplement": "  ",
        "offeringUnitCode": "01",
        "coreCode": "WCd",
        "coreCodeDescription": "Writing and Communication in a Discipline",
        "lastUpdated": 1468423822000,
        "effective": "20241",
        "coreCodeReferenceId": "27"
      },
      {
        "id": "2024101840305  28",
        "year": "2024",
        "description": "Writing and Communication, Revision",
        "subject": "840",
        "unit": "01",
        "code": "WCr",
        "term": "1",
        "course": "305",
        "offeringUnitCampus": "NB",
        "supplement": "  ",
        "offeringUnitCode": "01",
        "coreCode": "WCr",
        "coreCodeDescription": "Writing and Communication, Revision",
        "lastUpdated": 1468423831000,
        "effective": "20241",
        "coreCodeReferenceId": "28"
      }
    ],
    "courseNotes": null,
    "expandedTitle": "APOCALYPSE NOW?  RELIGIOUS MOVEMENTS    AND THE END OF TIME                     "
  },
  {
    "subjectNotes": "PLEASE LOOK FOR ADDITIONAL ONLINE RELIGION COURSES IN NEW BRUNSWICK ONLINE COURSES, HYBRID AND OFF CAMPUS ONLINE COURSES UNDER THE DROP DOWN BOXES LOCATED ON http://sis.rutgers.edu/soc/",
    "courseNumber": "307",
    "subject": "840",
    "campusCode": "NB",
    "openSections": 0,
    "synopsisUrl": "http://www.religion.rutgers.edu/downloads/undergraduate-syllabi",
    "subjectGroupNotes": null,
    "offeringUnitCode": "01",
    "offeringUnitTitle": null,
    "title": "JESUS",
    "courseDescription": null,
    "preReqNotes": null,
    "sections": [
      {
        "sectionEligibility": null,
        "sessionDatePrintIndicator": "N",
        "examCode": "A",
        "specialPermissionAddCode": null,
        "crossListedSections": [],
        "sectionNotes": null,
        "specialPermissionDropCode": null,
        "instructors": [
          {
            "name": "KETCHUM"
          }
        ],
        "number": "90",
        "majors": [],
        "sessionDates": null,
        "specialPermissionDropCodeDescription": null,
        "subtopic": null,
        "openStatus": false,
        "comments": [],
        "minors": [],
        "campusCode": "NB",
        "index": "09086",
        "unitMajors": [],
        "printed": "Y",
        "specialPermissionAddCodeDescription": null,
        "subtitle": null,
        "meetingTimes": [
          {
            "campusLocation": "O",
            "baClassHours": "B",
            "roomNumber": null,
            "pmCode": null,
            "campusAbbrev": "**",
            "campusName": "** INVALID **",
            "meetingDay": null,
            "buildingCode": null,
            "startTime": null,
            "endTime": null,
            "meetingModeDesc": "ONLINE INSTRUCTION(INTERNET)",
            "meetingModeCode": "90"
          }
        ],
        "legendKey": null,
        "honorPrograms": []
      }
    ],
    "supplementCode": "  ",
    "credits": 3,
    "unitNotes": null,
    "coreCodes": [],
    "courseNotes": null,
    "expandedTitle": null
  },
  {
    "subjectNotes": "PLEASE LOOK FOR ADDITIONAL ONLINE RELIGION COURSES IN NEW BRUNSWICK ONLINE COURSES, HYBRID AND OFF CAMPUS ONLINE COURSES UNDER THE DROP DOWN BOXES LOCATED ON http://sis.rutgers.edu/soc/",
    "courseNumber": "311",
    "subject": "840",
    "campusCode": "NB",
    "openSections": 0,
    "synopsisUrl": "http://www.religion.rutgers.edu/downloads/undergraduate-syllabi",
    "subjectGroupNotes": null,
    "offeringUnitCode": "01",
    "offeringUnitTitle": null,
    "title": "CHRISTIANS OTHR VIOL",
    "courseDescription": null,
    "preReqNotes": null,
    "sections": [
      {
        "sectionEligibility": null,
        "sessionDatePrintIndicator": "N",
        "examCode": "C",
        "specialPermissionAddCode": null,
        "crossListedSections": [],
        "sectionNotes": null,
        "specialPermissionDropCode": null,
        "instructors": [
          {
            "name": "FRUCHTMAN"
          }
        ],
        "number": "01",
        "majors": [],
        "sessionDates": null,
        "specialPermissionDropCodeDescription": null,
        "subtopic": null,
        "openStatus": false,
        "comments": [],
        "minors": [],
        "campusCode": "NB",
        "index": "09087",
        "unitMajors": [],
        "printed": "Y",
        "specialPermissionAddCodeDescription": null,
        "subtitle": null,
        "meetingTimes": [
          {
            "campusLocation": "1",
            "baClassHours": null,
            "roomNumber": "103",
            "pmCode": "P",
            "campusAbbrev": "CAC",
            "campusName": "COLLEGE AVENUE",
            "meetingDay": "T",
            "buildingCode": "GH",
            "startTime": "0350",
            "endTime": "0650",
            "meetingModeDesc": "LEC",
            "meetingModeCode": "02"
          }
        ],
        "legendKey": null,
        "honorPrograms": []
      }
    ],
    "supplementCode": "  ",
    "credits": 3,
    "unitNotes": null,
    "coreCodes": [
      {
        "id": "2024101840311  28",
        "year": "2024",
        "description": "Writing and Communication, Revision",
        "subject": "840",
        "unit": "01",
        "code": "WCr",
        "term": "1",
        "course": "311",
        "offeringUnitCampus": "NB",
        "supplement": "  ",
        "offeringUnitCode": "01",
        "coreCode": "WCr",
        "coreCodeDescription": "Writing and Communication, Revision",
        "lastUpdated": 1468423831000,
        "effective": "20241",
        "coreCodeReferenceId": "28"
      }
    ],
    "courseNotes": null,
    "expandedTitle": "CHRISTIANS, \"THE OTHER,\" AND VIOLENCE                                           "
  },
  {
    "subjectNotes": "PLEASE LOOK FOR ADDITIONAL ONLINE RELIGION COURSES IN NEW BRUNSWICK ONLINE COURSES, HYBRID AND OFF CAMPUS ONLINE COURSES UNDER THE DROP DOWN BOXES LOCATED ON http://sis.rutgers.edu/soc/",
    "courseNumber": "319",
    "subject": "840",
    "campusCode": "NB",
    "openSections": 0,
    "synopsisUrl": "http://www.religion.rutgers.edu/downloads/undergraduate-syllabi",
    "subjectGroupNotes": null,
    "offeringUnitCode": "01",
    "offeringUnitTitle": null,
    "title": "RELIG IN AM HISTORY",
    "courseDescription": null,
    "preReqNotes": null,
    "sections": [
      {
        "sectionEligibility": null,
        "sessionDatePrintIndicator": "N",
        "examCode": "C",
        "specialPermissionAddCode": null,
        "crossListedSections": [
          {
            "courseNumber": "527",
            "supplementCode": "  ",
            "sectionNumber": "01",
            "offeringUnitCampus": "NB",
            "primaryRegistrationIndex": "09088",
            "offeringUnitCode": "16",
            "registrationIndex": "09089",
            "subjectCode": "840"
          }
        ],
        "sectionNotes": null,
        "specialPermissionDropCode": null,
        "instructors": [
          {
            "name": "SUROWITZ, HILIT"
          }
        ],
        "number": "01",
        "majors": [],
        "sessionDates": null,
        "specialPermissionDropCodeDescription": null,
        "subtopic": null,
        "openStatus": false,
        "comments": [],
        "minors": [],
        "campusCode": "NB",
        "index": "09088",
        "unitMajors": [],
        "printed": "Y",
        "specialPermissionAddCodeDescription": null,
        "subtitle": null,
        "meetingTimes": [
          {
            "campusLocation": "1",
            "baClassHours": null,
            "roomNumber": "A5",
            "pmCode": "P",
            "campusAbbrev": "CAC",
            "campusName": "COLLEGE AVENUE",
            "meetingDay": "M",
            "buildingCode": "FH",
            "startTime": "0200",
            "endTime": "0320",
            "meetingModeDesc": "LEC",
            "meetingModeCode": "02"
          },
          {
            "campusLocation": "1",
            "baClassHours": null,
            "roomNumber": "A5",
            "pmCode": "P",
            "campusAbbrev": "CAC",
            "campusName": "COLLEGE AVENUE",
            "meetingDay": "W",
            "buildingCode": "FH",
            "startTime": "0200",
            "endTime": "0320",
            "meetingModeDesc": "LEC",
            "meetingModeCode": "02"
          }
        ],
        "legendKey": null,
        "honorPrograms": []
      }
    ],
    "supplementCode": "  ",
    "credits": 3,
    "unitNotes": null,
    "coreCodes": [
      {
        "id": "2024101840319  20",
        "year": "2024",
        "description": "Historical Analysis",
        "subject": "840",
        "unit": "01",
        "code": "HST",
        "term": "1",
        "course": "319",
        "offeringUnitCampus": "NB",
        "supplement": "  ",
        "offeringUnitCode": "01",
        "coreCode": "HST",
        "coreCodeDescription": "Historical Analysis",
        "lastUpdated": 1468423759000,
        "effective": "20241",
        "coreCodeReferenceId": "20"
      },
      {
        "id": "2024101840319  27",
        "year": "2024",
        "description": "Writing and Communication in a Discipline",
        "subject": "840",
        "unit": "01",
        "code": "WCd",
        "term": "1",
        "course": "319",
        "offeringUnitCampus": "NB",
        "supplement": "  ",
        "offeringUnitCode": "01",
        "coreCode": "WCd",
        "coreCodeDescription": "Writing and Communication in a Discipline",
        "lastUpdated": 1468423822000,
        "effective": "20241",
        "coreCodeReferenceId": "27"
      },
      {
        "id": "2024101840319  28",
        "year": "2024",
        "description": "Writing and Communication, Revision",
        "subject": "840",
        "unit": "01",
        "code": "WCr",
        "term": "1",
        "course": "319",
        "offeringUnitCampus": "NB",
        "supplement": "  ",
        "offeringUnitCode": "01",
        "coreCode": "WCr",
        "coreCodeDescription": "Writing and Communication, Revision",
        "lastUpdated": 1468423831000,
        "effective": "20241",
        "coreCodeReferenceId": "28"
      }
    ],
    "courseNotes": null,
    "expandedTitle": "RELIGION IN AMERICAN HISTORY                                                    "
  },
  {
    "subjectNotes": "PLEASE LOOK FOR ADDITIONAL ONLINE RELIGION COURSES IN NEW BRUNSWICK ONLINE COURSES, HYBRID AND OFF CAMPUS ONLINE COURSES UNDER THE DROP DOWN BOXES LOCATED ON http://sis.rutgers.edu/soc/",
    "courseNumber": "340",
    "subject": "840",
    "campusCode": "NB",
    "openSections": 0,
    "synopsisUrl": "http://www.religion.rutgers.edu/downloads/undergraduate-syllabi",
    "subjectGroupNotes": null,
    "offeringUnitCode": "01",
    "offeringUnitTitle": null,
    "title": "THE DEAD SEA SCROLLS",
    "courseDescription": null,
    "preReqNotes": null,
    "sections": [
      {
        "sectionEligibility": null,
        "sessionDatePrintIndicator": "N",
        "examCode": "C",
        "specialPermissionAddCode": null,
        "crossListedSections": [
          {
            "courseNumber": "340",
            "supplementCode": "  ",
            "sectionNumber": "01",
            "offeringUnitCampus": "NB",
            "primaryRegistrationIndex": "07920",
            "offeringUnitCode": "01",
            "registrationIndex": "07919",
            "subjectCode": "563"
          }
        ],
        "sectionNotes": null,
        "specialPermissionDropCode": null,
        "instructors": [
          {
            "name": "RENDSBURG, GARY"
          }
        ],
        "number": "01",
        "majors": [],
        "sessionDates": null,
        "specialPermissionDropCodeDescription": null,
        "subtopic": null,
        "openStatus": false,
        "comments": [],
        "minors": [],
        "campusCode": "NB",
        "index": "07920",
        "unitMajors": [],
        "printed": "Y",
        "specialPermissionAddCodeDescription": null,
        "subtitle": null,
        "meetingTimes": [
          {
            "campusLocation": "1",
            "baClassHours": null,
            "roomNumber": "116",
            "pmCode": "P",
            "campusAbbrev": "CAC",
            "campusName": "COLLEGE AVENUE",
            "meetingDay": "W",
            "buildingCode": "MH",
            "startTime": "0350",
            "endTime": "0510",
            "meetingModeDesc": "LEC",
            "meetingModeCode": "02"
          },
          {
            "campusLocation": "1",
            "baClassHours": null,
            "roomNumber": "116",
            "pmCode": "P",
            "campusAbbrev": "CAC",
            "campusName": "COLLEGE AVENUE",
            "meetingDay": "M",
            "buildingCode": "MH",
            "startTime": "0350",
            "endTime": "0510",
            "meetingModeDesc": "LEC",
            "meetingModeCode": "02"
          }
        ],
        "legendKey": null,
        "honorPrograms": []
      }
    ],
    "supplementCode": "  ",
    "credits": 3,
    "unitNotes": null,
    "coreCodes": [],
    "courseNotes": null,
    "expandedTitle": null
  },
  {
    "subjectNotes": "PLEASE LOOK FOR ADDITIONAL ONLINE RELIGION COURSES IN NEW BRUNSWICK ONLINE COURSES, HYBRID AND OFF CAMPUS ONLINE COURSES UNDER THE DROP DOWN BOXES LOCATED ON http://sis.rutgers.edu/soc/",
    "courseNumber": "368",
    "subject": "840",
    "campusCode": "NB",
    "openSections": 1,
    "synopsisUrl": "http://www.religion.rutgers.edu/downloads/undergraduate-syllabi",
    "subjectGroupNotes": null,
    "offeringUnitCode": "01",
    "offeringUnitTitle": null,
    "title": "HINDU PHILOSOPHY",
    "courseDescription": null,
    "preReqNotes": null,
    "sections": [
      {
        "sectionEligibility": null,
        "sessionDatePrintIndicator": "N",
        "examCode": "C",
        "specialPermissionAddCode": null,
        "crossListedSections": [
          {
            "courseNumber": "368",
            "supplementCode": "  ",
            "sectionNumber": "01",
            "offeringUnitCampus": "NB",
            "primaryRegistrationIndex": "08532",
            "offeringUnitCode": "01",
            "registrationIndex": "08531",
            "subjectCode": "730"
          }
        ],
        "sectionNotes": null,
        "specialPermissionDropCode": null,
        "instructors": [
          {
            "name": "BRYANT, EDWIN"
          }
        ],
        "number": "01",
        "majors": [],
        "sessionDates": null,
        "specialPermissionDropCodeDescription": null,
        "subtopic": null,
        "openStatus": true,
        "comments": [],
        "minors": [],
        "campusCode": "NB",
        "index": "08532",
        "unitMajors": [],
        "printed": "Y",
        "specialPermissionAddCodeDescription": null,
        "subtitle": null,
        "meetingTimes": [
          {
            "campusLocation": "1",
            "baClassHours": null,
            "roomNumber": "1170",
            "pmCode": "A",
            "campusAbbrev": "CAC",
            "campusName": "COLLEGE AVENUE",
            "meetingDay": "TH",
            "buildingCode": "AB",
            "startTime": "0830",
            "endTime": "0950",
            "meetingModeDesc": "LEC",
            "meetingModeCode": "02"
          },
          {
            "campusLocation": "1",
            "baClassHours": null,
            "roomNumber": "1170",
            "pmCode": "A",
            "campusAbbrev": "CAC",
            "campusName": "COLLEGE AVENUE",
            "meetingDay": "M",
            "buildingCode": "AB",
            "startTime": "0830",
            "endTime": "0950",
            "meetingModeDesc": "LEC",
            "meetingModeCode": "02"
          }
        ],
        "legendKey": null,
        "honorPrograms": []
      }
    ],
    "supplementCode": "  ",
    "credits": 3,
    "unitNotes": null,
    "coreCodes": [
      {
        "id": "2024101840368  16",
        "year": "2024",
        "description": "Philosophical and Theoretical Issues",
        "subject": "840",
        "unit": "01",
        "code": "AHo",
        "term": "1",
        "course": "368",
        "offeringUnitCampus": "NB",
        "supplement": "  ",
        "offeringUnitCode": "01",
        "coreCode": "AHo",
        "coreCodeDescription": "Philosophical and Theoretical Issues",
        "lastUpdated": 1468423723000,
        "effective": "20241",
        "coreCodeReferenceId": "16"
      },
      {
        "id": "2024101840368  17",
        "year": "2024",
        "description": "Arts and Literatures",
        "subject": "840",
        "unit": "01",
        "code": "AHp",
        "term": "1",
        "course": "368",
        "offeringUnitCampus": "NB",
        "supplement": "  ",
        "offeringUnitCode": "01",
        "coreCode": "AHp",
        "coreCodeDescription": "Arts and Literatures",
        "lastUpdated": 1468423733000,
        "effective": "20241",
        "coreCodeReferenceId": "17"
      },
      {
        "id": "2024101840368  20",
        "year": "2024",
        "description": "Historical Analysis",
        "subject": "840",
        "unit": "01",
        "code": "HST",
        "term": "1",
        "course": "368",
        "offeringUnitCampus": "NB",
        "supplement": "  ",
        "offeringUnitCode": "01",
        "coreCode": "HST",
        "coreCodeDescription": "Historical Analysis",
        "lastUpdated": 1468423759000,
        "effective": "20241",
        "coreCodeReferenceId": "20"
      }
    ],
    "courseNotes": null,
    "expandedTitle": null
  },
  {
    "subjectNotes": "PLEASE LOOK FOR ADDITIONAL ONLINE RELIGION COURSES IN NEW BRUNSWICK ONLINE COURSES, HYBRID AND OFF CAMPUS ONLINE COURSES UNDER THE DROP DOWN BOXES LOCATED ON http://sis.rutgers.edu/soc/",
    "courseNumber": "369",
    "subject": "840",
    "campusCode": "NB",
    "openSections": 1,
    "synopsisUrl": "http://www.religion.rutgers.edu/downloads/undergraduate-syllabi",
    "subjectGroupNotes": null,
    "offeringUnitCode": "01",
    "offeringUnitTitle": null,
    "title": "BUDDHIST PHILOSOPHY",
    "courseDescription": null,
    "preReqNotes": null,
    "sections": [
      {
        "sectionEligibility": null,
        "sessionDatePrintIndicator": "N",
        "examCode": "C",
        "specialPermissionAddCode": null,
        "crossListedSections": [],
        "sectionNotes": null,
        "specialPermissionDropCode": null,
        "instructors": [],
        "number": "01",
        "majors": [],
        "sessionDates": null,
        "specialPermissionDropCodeDescription": null,
        "subtopic": null,
        "openStatus": true,
        "comments": [],
        "minors": [],
        "campusCode": "NB",
        "index": "09090",
        "unitMajors": [],
        "printed": "Y",
        "specialPermissionAddCodeDescription": null,
        "subtitle": null,
        "meetingTimes": [
          {
            "campusLocation": "4",
            "baClassHours": null,
            "roomNumber": "130",
            "pmCode": "P",
            "campusAbbrev": "D/C",
            "campusName": "DOUGLAS/COOK",
            "meetingDay": "T",
            "buildingCode": "HCK",
            "startTime": "0200",
            "endTime": "0320",
            "meetingModeDesc": "LEC",
            "meetingModeCode": "02"
          },
          {
            "campusLocation": "4",
            "baClassHours": null,
            "roomNumber": "130",
            "pmCode": "P",
            "campusAbbrev": "D/C",
            "campusName": "DOUGLAS/COOK",
            "meetingDay": "TH",
            "buildingCode": "HCK",
            "startTime": "0200",
            "endTime": "0320",
            "meetingModeDesc": "LEC",
            "meetingModeCode": "02"
          }
        ],
        "legendKey": null,
        "honorPrograms": []
      }
    ],
    "supplementCode": "  ",
    "credits": 3,
    "unitNotes": null,
    "coreCodes": [
      {
        "id": "2024101840369  16",
        "year": "2024",
        "description": "Philosophical and Theoretical Issues",
        "subject": "840",
        "unit": "01",
        "code": "AHo",
        "term": "1",
        "course": "369",
        "offeringUnitCampus": "NB",
        "supplement": "  ",
        "offeringUnitCode": "01",
        "coreCode": "AHo",
        "coreCodeDescription": "Philosophical and Theoretical Issues",
        "lastUpdated": 1468423723000,
        "effective": "20241",
        "coreCodeReferenceId": "16"
      },
      {
        "id": "2024101840369  20",
        "year": "2024",
        "description": "Historical Analysis",
        "subject": "840",
        "unit": "01",
        "code": "HST",
        "term": "1",
        "course": "369",
        "offeringUnitCampus": "NB",
        "supplement": "  ",
        "offeringUnitCode": "01",
        "coreCode": "HST",
        "coreCodeDescription": "Historical Analysis",
        "lastUpdated": 1468423759000,
        "effective": "20241",
        "coreCodeReferenceId": "20"
      }
    ],
    "courseNotes": null,
    "expandedTitle": null
  },
  {
    "subjectNotes": "PLEASE LOOK FOR ADDITIONAL ONLINE RELIGION COURSES IN NEW BRUNSWICK ONLINE COURSES, HYBRID AND OFF CAMPUS ONLINE COURSES UNDER THE DROP DOWN BOXES LOCATED ON http://sis.rutgers.edu/soc/",
    "courseNumber": "372",
    "subject": "840",
    "campusCode": "NB",
    "openSections": 0,
    "synopsisUrl": "http://www.religion.rutgers.edu/downloads/undergraduate-syllabi",
    "subjectGroupNotes": null,
    "offeringUnitCode": "01",
    "offeringUnitTitle": null,
    "title": "ISLAMIC MYSTICAL LIT",
    "courseDescription": null,
    "preReqNotes": null,
    "sections": [
      {
        "sectionEligibility": null,
        "sessionDatePrintIndicator": "N",
        "examCode": "A",
        "specialPermissionAddCode": null,
        "crossListedSections": [],
        "sectionNotes": null,
        "specialPermissionDropCode": null,
        "instructors": [
          {
            "name": "MOJADDEDI"
          }
        ],
        "number": "01",
        "majors": [],
        "sessionDates": null,
        "specialPermissionDropCodeDescription": null,
        "subtopic": null,
        "openStatus": false,
        "comments": [],
        "minors": [],
        "campusCode": "NB",
        "index": "09091",
        "unitMajors": [],
        "printed": "Y",
        "specialPermissionAddCodeDescription": null,
        "subtitle": null,
        "meetingTimes": [
          {
            "campusLocation": "O",
            "baClassHours": "B",
            "roomNumber": null,
            "pmCode": null,
            "campusAbbrev": "**",
            "campusName": "** INVALID **",
            "meetingDay": null,
            "buildingCode": null,
            "startTime": null,
            "endTime": null,
            "meetingModeDesc": "ONLINE INSTRUCTION(INTERNET)",
            "meetingModeCode": "90"
          },
          {
            "campusLocation": "1",
            "baClassHours": null,
            "roomNumber": "202",
            "pmCode": "P",
            "campusAbbrev": "CAC",
            "campusName": "COLLEGE AVENUE",
            "meetingDay": "W",
            "buildingCode": "SC",
            "startTime": "1210",
            "endTime": "0130",
            "meetingModeDesc": "LEC",
            "meetingModeCode": "02"
          }
        ],
        "legendKey": null,
        "honorPrograms": []
      }
    ],
    "supplementCode": "  ",
    "credits": 3,
    "unitNotes": null,
    "coreCodes": [
      {
        "id": "2024101840372  16",
        "year": "2024",
        "description": "Philosophical and Theoretical Issues",
        "subject": "840",
        "unit": "01",
        "code": "AHo",
        "term": "1",
        "course": "372",
        "offeringUnitCampus": "NB",
        "supplement": "  ",
        "offeringUnitCode": "01",
        "coreCode": "AHo",
        "coreCodeDescription": "Philosophical and Theoretical Issues",
        "lastUpdated": 1468423723000,
        "effective": "20241",
        "coreCodeReferenceId": "16"
      },
      {
        "id": "2024101840372  27",
        "year": "2024",
        "description": "Writing and Communication in a Discipline",
        "subject": "840",
        "unit": "01",
        "code": "WCd",
        "term": "1",
        "course": "372",
        "offeringUnitCampus": "NB",
        "supplement": "  ",
        "offeringUnitCode": "01",
        "coreCode": "WCd",
        "coreCodeDescription": "Writing and Communication in a Discipline",
        "lastUpdated": 1468423822000,
        "effective": "20241",
        "coreCodeReferenceId": "27"
      },
      {
        "id": "2024101840372  28",
        "year": "2024",
        "description": "Writing and Communication, Revision",
        "subject": "840",
        "unit": "01",
        "code": "WCr",
        "term": "1",
        "course": "372",
        "offeringUnitCampus": "NB",
        "supplement": "  ",
        "offeringUnitCode": "01",
        "coreCode": "WCr",
        "coreCodeDescription": "Writing and Communication, Revision",
        "lastUpdated": 1468423831000,
        "effective": "20241",
        "coreCodeReferenceId": "28"
      }
    ],
    "courseNotes": null,
    "expandedTitle": "ISLAMIC MYSTICAL LITERATURE                                                     "
  },
  {
    "subjectNotes": "PLEASE LOOK FOR ADDITIONAL ONLINE RELIGION COURSES IN NEW BRUNSWICK ONLINE COURSES, HYBRID AND OFF CAMPUS ONLINE COURSES UNDER THE DROP DOWN BOXES LOCATED ON http://sis.rutgers.edu/soc/",
    "courseNumber": "373",
    "subject": "840",
    "campusCode": "NB",
    "openSections": 1,
    "synopsisUrl": "http://www.religion.rutgers.edu/downloads/undergraduate-syllabi",
    "subjectGroupNotes": null,
    "offeringUnitCode": "01",
    "offeringUnitTitle": null,
    "title": "ISLAM IN/AND AMERICA",
    "courseDescription": null,
    "preReqNotes": null,
    "sections": [
      {
        "sectionEligibility": null,
        "sessionDatePrintIndicator": "Y",
        "examCode": "C",
        "specialPermissionAddCode": null,
        "crossListedSections": [],
        "sectionNotes": "OHIO STATE UNIVERSITY IS THEHOST. DATES SPRING SEMESTER01/08/24 - 04/22/24",
        "specialPermissionDropCode": null,
        "instructors": [],
        "number": "01",
        "majors": [],
        "sessionDates": null,
        "specialPermissionDropCodeDescription": null,
        "subtopic": null,
        "openStatus": true,
        "comments": [
          {
            "code": "AQ",
            "description": "Big Ten Academic Alliance CourseShare offering received from a Big Ten university"
          }
        ],
        "minors": [],
        "campusCode": "NB",
        "index": "19016",
        "unitMajors": [],
        "printed": "Y",
        "specialPermissionAddCodeDescription": null,
        "subtitle": null,
        "meetingTimes": [
          {
            "campusLocation": "1",
            "baClassHours": null,
            "roomNumber": "5140",
            "pmCode": "A",
            "campusAbbrev": "CAC",
            "campusName": "COLLEGE AVENUE",
            "meetingDay": "F",
            "buildingCode": "AB",
            "startTime": "0935",
            "endTime": "1055",
            "meetingModeDesc": "LEC",
            "meetingModeCode": "02"
          },
          {
            "campusLocation": "1",
            "baClassHours": null,
            "roomNumber": "5140",
            "pmCode": "A",
            "campusAbbrev": "CAC",
            "campusName": "COLLEGE AVENUE",
            "meetingDay": "W",
            "buildingCode": "AB",
            "startTime": "0935",
            "endTime": "1055",
            "meetingModeDesc": "LEC",
            "meetingModeCode": "02"
          }
        ],
        "legendKey": null,
        "honorPrograms": []
      }
    ],
    "supplementCode": "  ",
    "credits": 3,
    "unitNotes": null,
    "coreCodes": [
      {
        "id": "2024101840373  20",
        "year": "2024",
        "description": "Historical Analysis",
        "subject": "840",
        "unit": "01",
        "code": "HST",
        "term": "1",
        "course": "373",
        "offeringUnitCampus": "NB",
        "supplement": "  ",
        "offeringUnitCode": "01",
        "coreCode": "HST",
        "coreCodeDescription": "Historical Analysis",
        "lastUpdated": 1468423759000,
        "effective": "20241",
        "coreCodeReferenceId": "20"
      }
    ],
    "courseNotes": null,
    "expandedTitle": "ISLAM IN/AND AMERICA                                                            "
  },
  {
    "subjectNotes": "PLEASE LOOK FOR ADDITIONAL ONLINE RELIGION COURSES IN NEW BRUNSWICK ONLINE COURSES, HYBRID AND OFF CAMPUS ONLINE COURSES UNDER THE DROP DOWN BOXES LOCATED ON http://sis.rutgers.edu/soc/",
    "courseNumber": "377",
    "subject": "840",
    "campusCode": "NB",
    "openSections": 1,
    "synopsisUrl": "http://www.religion.rutgers.edu/downloads/undergraduate-syllabi",
    "subjectGroupNotes": null,
    "offeringUnitCode": "01",
    "offeringUnitTitle": null,
    "title": "ISLAM & AFRICAN LIT",
    "courseDescription": null,
    "preReqNotes": null,
    "sections": [
      {
        "sectionEligibility": null,
        "sessionDatePrintIndicator": "Y",
        "examCode": "C",
        "specialPermissionAddCode": null,
        "crossListedSections": [
          {
            "courseNumber": "314",
            "supplementCode": "  ",
            "sectionNumber": "01",
            "offeringUnitCampus": "NB",
            "primaryRegistrationIndex": "18587",
            "offeringUnitCode": "01",
            "registrationIndex": "05457",
            "subjectCode": "013"
          }
        ],
        "sectionNotes": null,
        "specialPermissionDropCode": null,
        "instructors": [
          {
            "name": "MAZRUI, ALAMIN"
          }
        ],
        "number": "01",
        "majors": [],
        "sessionDates": null,
        "specialPermissionDropCodeDescription": null,
        "subtopic": null,
        "openStatus": true,
        "comments": [],
        "minors": [],
        "campusCode": "NB",
        "index": "18587",
        "unitMajors": [],
        "printed": "Y",
        "specialPermissionAddCodeDescription": null,
        "subtitle": null,
        "meetingTimes": [
          {
            "campusLocation": "1",
            "baClassHours": null,
            "roomNumber": "A1",
            "pmCode": "A",
            "campusAbbrev": "CAC",
            "campusName": "COLLEGE AVENUE",
            "meetingDay": "M",
            "buildingCode": "CA",
            "startTime": "1020",
            "endTime": "1140",
            "meetingModeDesc": "LEC",
            "meetingModeCode": "02"
          },
          {
            "campusLocation": "1",
            "baClassHours": null,
            "roomNumber": "A1",
            "pmCode": "A",
            "campusAbbrev": "CAC",
            "campusName": "COLLEGE AVENUE",
            "meetingDay": "TH",
            "buildingCode": "CA",
            "startTime": "1020",
            "endTime": "1140",
            "meetingModeDesc": "LEC",
            "meetingModeCode": "02"
          }
        ],
        "legendKey": null,
        "honorPrograms": []
      }
    ],
    "supplementCode": "  ",
    "credits": 3,
    "unitNotes": null,
    "coreCodes": [
      {
        "id": "2024101840377  16",
        "year": "2024",
        "description": "Philosophical and Theoretical Issues",
        "subject": "840",
        "unit": "01",
        "code": "AHo",
        "term": "1",
        "course": "377",
        "offeringUnitCampus": "NB",
        "supplement": "  ",
        "offeringUnitCode": "01",
        "coreCode": "AHo",
        "coreCodeDescription": "Philosophical and Theoretical Issues",
        "lastUpdated": 1468423723000,
        "effective": "20241",
        "coreCodeReferenceId": "16"
      },
      {
        "id": "2024101840377  17",
        "year": "2024",
        "description": "Arts and Literatures",
        "subject": "840",
        "unit": "01",
        "code": "AHp",
        "term": "1",
        "course": "377",
        "offeringUnitCampus": "NB",
        "supplement": "  ",
        "offeringUnitCode": "01",
        "coreCode": "AHp",
        "coreCodeDescription": "Arts and Literatures",
        "lastUpdated": 1468423733000,
        "effective": "20241",
        "coreCodeReferenceId": "17"
      }
    ],
    "courseNotes": null,
    "expandedTitle": "ISLAM AND AFRICAN LITERATURE                                                    "
  },
  {
    "subjectNotes": "PLEASE LOOK FOR ADDITIONAL ONLINE RELIGION COURSES IN NEW BRUNSWICK ONLINE COURSES, HYBRID AND OFF CAMPUS ONLINE COURSES UNDER THE DROP DOWN BOXES LOCATED ON http://sis.rutgers.edu/soc/",
    "courseNumber": "378",
    "subject": "840",
    "campusCode": "NB",
    "openSections": 0,
    "synopsisUrl": "http://www.religion.rutgers.edu/downloads/undergraduate-syllabi",
    "subjectGroupNotes": null,
    "offeringUnitCode": "01",
    "offeringUnitTitle": null,
    "title": "JAINISM",
    "courseDescription": null,
    "preReqNotes": null,
    "sections": [
      {
        "sectionEligibility": null,
        "sessionDatePrintIndicator": "N",
        "examCode": "C",
        "specialPermissionAddCode": null,
        "crossListedSections": [],
        "sectionNotes": null,
        "specialPermissionDropCode": null,
        "instructors": [
          {
            "name": "MUNDRA, ANIL"
          }
        ],
        "number": "01",
        "majors": [],
        "sessionDates": null,
        "specialPermissionDropCodeDescription": null,
        "subtopic": null,
        "openStatus": false,
        "comments": [],
        "minors": [],
        "campusCode": "NB",
        "index": "17800",
        "unitMajors": [],
        "printed": "Y",
        "specialPermissionAddCodeDescription": null,
        "subtitle": "JAINISM                                 ",
        "meetingTimes": [
          {
            "campusLocation": "3",
            "baClassHours": null,
            "roomNumber": "213",
            "pmCode": "A",
            "campusAbbrev": "LIV",
            "campusName": "LIVINGSTON",
            "meetingDay": "M",
            "buildingCode": "BE",
            "startTime": "1020",
            "endTime": "1140",
            "meetingModeDesc": "LEC",
            "meetingModeCode": "02"
          },
          {
            "campusLocation": "3",
            "baClassHours": null,
            "roomNumber": "213",
            "pmCode": "A",
            "campusAbbrev": "LIV",
            "campusName": "LIVINGSTON",
            "meetingDay": "TH",
            "buildingCode": "BE",
            "startTime": "1020",
            "endTime": "1140",
            "meetingModeDesc": "LEC",
            "meetingModeCode": "02"
          }
        ],
        "legendKey": null,
        "honorPrograms": []
      }
    ],
    "supplementCode": "  ",
    "credits": 3,
    "unitNotes": null,
    "coreCodes": [
      {
        "id": "2024101840378  17",
        "year": "2024",
        "description": "Arts and Literatures",
        "subject": "840",
        "unit": "01",
        "code": "AHp",
        "term": "1",
        "course": "378",
        "offeringUnitCampus": "NB",
        "supplement": "  ",
        "offeringUnitCode": "01",
        "coreCode": "AHp",
        "coreCodeDescription": "Arts and Literatures",
        "lastUpdated": 1468423733000,
        "effective": "20241",
        "coreCodeReferenceId": "17"
      },
      {
        "id": "2024101840378  28",
        "year": "2024",
        "description": "Writing and Communication, Revision",
        "subject": "840",
        "unit": "01",
        "code": "WCr",
        "term": "1",
        "course": "378",
        "offeringUnitCampus": "NB",
        "supplement": "  ",
        "offeringUnitCode": "01",
        "coreCode": "WCr",
        "coreCodeDescription": "Writing and Communication, Revision",
        "lastUpdated": 1468423831000,
        "effective": "20241",
        "coreCodeReferenceId": "28"
      }
    ],
    "courseNotes": null,
    "expandedTitle": "JAINISM                                                                         "
  },
  {
    "subjectNotes": "PLEASE LOOK FOR ADDITIONAL ONLINE RELIGION COURSES IN NEW BRUNSWICK ONLINE COURSES, HYBRID AND OFF CAMPUS ONLINE COURSES UNDER THE DROP DOWN BOXES LOCATED ON http://sis.rutgers.edu/soc/",
    "courseNumber": "396",
    "subject": "840",
    "campusCode": "NB",
    "openSections": 1,
    "synopsisUrl": "http://www.religion.rutgers.edu/downloads/undergraduate-syllabi",
    "subjectGroupNotes": null,
    "offeringUnitCode": "01",
    "offeringUnitTitle": null,
    "title": "RESEARCH IN RELIGION",
    "courseDescription": null,
    "preReqNotes": null,
    "sections": [
      {
        "sectionEligibility": null,
        "sessionDatePrintIndicator": "N",
        "examCode": "O",
        "specialPermissionAddCode": "03",
        "crossListedSections": [],
        "sectionNotes": null,
        "specialPermissionDropCode": null,
        "instructors": [],
        "number": "01",
        "majors": [],
        "sessionDates": null,
        "specialPermissionDropCodeDescription": null,
        "subtopic": null,
        "openStatus": true,
        "comments": [],
        "minors": [],
        "campusCode": "NB",
        "index": "09092",
        "unitMajors": [],
        "printed": "Y",
        "specialPermissionAddCodeDescription": "Department staff",
        "subtitle": null,
        "meetingTimes": [
          {
            "campusLocation": null,
            "baClassHours": "B",
            "roomNumber": null,
            "pmCode": null,
            "campusAbbrev": null,
            "campusName": null,
            "meetingDay": null,
            "buildingCode": null,
            "startTime": null,
            "endTime": null,
            "meetingModeDesc": "PROJ-IND",
            "meetingModeCode": "19"
          }
        ],
        "legendKey": null,
        "honorPrograms": []
      }
    ],
    "supplementCode": "  ",
    "credits": 3,
    "unitNotes": null,
    "coreCodes": [],
    "courseNotes": null,
    "expandedTitle": null
  },
  {
    "subjectNotes": "PLEASE LOOK FOR ADDITIONAL ONLINE RELIGION COURSES IN NEW BRUNSWICK ONLINE COURSES, HYBRID AND OFF CAMPUS ONLINE COURSES UNDER THE DROP DOWN BOXES LOCATED ON http://sis.rutgers.edu/soc/",
    "courseNumber": "424",
    "subject": "840",
    "campusCode": "NB",
    "openSections": 1,
    "synopsisUrl": "http://www.religion.rutgers.edu/downloads/undergraduate-syllabi",
    "subjectGroupNotes": null,
    "offeringUnitCode": "01",
    "offeringUnitTitle": null,
    "title": "SEMINAR RELIGN & SCI",
    "courseDescription": null,
    "preReqNotes": null,
    "sections": [
      {
        "sectionEligibility": null,
        "sessionDatePrintIndicator": "N",
        "examCode": "C",
        "specialPermissionAddCode": null,
        "crossListedSections": [],
        "sectionNotes": null,
        "specialPermissionDropCode": null,
        "instructors": [
          {
            "name": "BRYANT, EDWIN"
          }
        ],
        "number": "01",
        "majors": [],
        "sessionDates": null,
        "specialPermissionDropCodeDescription": null,
        "subtopic": null,
        "openStatus": true,
        "comments": [],
        "minors": [],
        "campusCode": "NB",
        "index": "09093",
        "unitMajors": [],
        "printed": "Y",
        "specialPermissionAddCodeDescription": null,
        "subtitle": null,
        "meetingTimes": [
          {
            "campusLocation": "1",
            "baClassHours": null,
            "roomNumber": "103",
            "pmCode": "A",
            "campusAbbrev": "CAC",
            "campusName": "COLLEGE AVENUE",
            "meetingDay": "TH",
            "buildingCode": "GH",
            "startTime": "1020",
            "endTime": "0120",
            "meetingModeDesc": "SEM",
            "meetingModeCode": "04"
          }
        ],
        "legendKey": null,
        "honorPrograms": []
      }
    ],
    "supplementCode": "  ",
    "credits": 3,
    "unitNotes": null,
    "coreCodes": [],
    "courseNotes": null,
    "expandedTitle": null
  },
  {
    "subjectNotes": "PLEASE LOOK FOR ADDITIONAL ONLINE RELIGION COURSES IN NEW BRUNSWICK ONLINE COURSES, HYBRID AND OFF CAMPUS ONLINE COURSES UNDER THE DROP DOWN BOXES LOCATED ON http://sis.rutgers.edu/soc/",
    "courseNumber": "426",
    "subject": "840",
    "campusCode": "NB",
    "openSections": 1,
    "synopsisUrl": "http://www.religion.rutgers.edu/downloads/undergraduate-syllabi",
    "subjectGroupNotes": null,
    "offeringUnitCode": "01",
    "offeringUnitTitle": null,
    "title": "SEM STDY OF RELIGION",
    "courseDescription": null,
    "preReqNotes": null,
    "sections": [
      {
        "sectionEligibility": null,
        "sessionDatePrintIndicator": "N",
        "examCode": "C",
        "specialPermissionAddCode": null,
        "crossListedSections": [
          {
            "courseNumber": "489",
            "supplementCode": "  ",
            "sectionNumber": "01",
            "offeringUnitCampus": "NB",
            "primaryRegistrationIndex": "05568",
            "offeringUnitCode": "01",
            "registrationIndex": "05567",
            "subjectCode": "050"
          }
        ],
        "sectionNotes": null,
        "specialPermissionDropCode": null,
        "instructors": [
          {
            "name": "CHAN-MALIK"
          }
        ],
        "number": "01",
        "majors": [],
        "sessionDates": null,
        "specialPermissionDropCodeDescription": null,
        "subtopic": null,
        "openStatus": true,
        "comments": [
          {
            "code": "05",
            "description": "Go to http://canvas.rutgers.edu"
          }
        ],
        "minors": [],
        "campusCode": "NB",
        "index": "05568",
        "unitMajors": [],
        "printed": "Y",
        "specialPermissionAddCodeDescription": null,
        "subtitle": "RACE AND RELIGION                       ",
        "meetingTimes": [
          {
            "campusLocation": "1",
            "baClassHours": null,
            "roomNumber": "3100",
            "pmCode": "A",
            "campusAbbrev": "CAC",
            "campusName": "COLLEGE AVENUE",
            "meetingDay": "T",
            "buildingCode": "AB",
            "startTime": "1020",
            "endTime": "0120",
            "meetingModeDesc": "SEM",
            "meetingModeCode": "04"
          }
        ],
        "legendKey": null,
        "honorPrograms": []
      }
    ],
    "supplementCode": "  ",
    "credits": 3,
    "unitNotes": null,
    "coreCodes": [],
    "courseNotes": null,
    "expandedTitle": "                                                                                "
  },
  {
    "subjectNotes": "PLEASE LOOK FOR ADDITIONAL ONLINE RELIGION COURSES IN NEW BRUNSWICK ONLINE COURSES, HYBRID AND OFF CAMPUS ONLINE COURSES UNDER THE DROP DOWN BOXES LOCATED ON http://sis.rutgers.edu/soc/",
    "courseNumber": "496",
    "subject": "840",
    "campusCode": "NB",
    "openSections": 1,
    "synopsisUrl": "http://www.religion.rutgers.edu/downloads/undergraduate-syllabi",
    "subjectGroupNotes": null,
    "offeringUnitCode": "01",
    "offeringUnitTitle": null,
    "title": "RESEARCH IN RELIGION",
    "courseDescription": null,
    "preReqNotes": null,
    "sections": [
      {
        "sectionEligibility": null,
        "sessionDatePrintIndicator": "N",
        "examCode": "O",
        "specialPermissionAddCode": "03",
        "crossListedSections": [],
        "sectionNotes": null,
        "specialPermissionDropCode": null,
        "instructors": [],
        "number": "01",
        "majors": [],
        "sessionDates": null,
        "specialPermissionDropCodeDescription": null,
        "subtopic": null,
        "openStatus": true,
        "comments": [],
        "minors": [],
        "campusCode": "NB",
        "index": "09094",
        "unitMajors": [],
        "printed": "Y",
        "specialPermissionAddCodeDescription": "Department staff",
        "subtitle": null,
        "meetingTimes": [
          {
            "campusLocation": null,
            "baClassHours": "B",
            "roomNumber": null,
            "pmCode": null,
            "campusAbbrev": null,
            "campusName": null,
            "meetingDay": null,
            "buildingCode": null,
            "startTime": null,
            "endTime": null,
            "meetingModeDesc": "RSCH-MA",
            "meetingModeCode": "23"
          }
        ],
        "legendKey": null,
        "honorPrograms": []
      }
    ],
    "supplementCode": "  ",
    "credits": 3,
    "unitNotes": null,
    "coreCodes": [],
    "courseNotes": null,
    "expandedTitle": null
  },
  {
    "subjectNotes": "PLEASE LOOK FOR ADDITIONAL ONLINE RELIGION COURSES IN NEW BRUNSWICK ONLINE COURSES, HYBRID AND OFF CAMPUS ONLINE COURSES UNDER THE DROP DOWN BOXES LOCATED ON http://sis.rutgers.edu/soc/",
    "courseNumber": "498",
    "subject": "840",
    "campusCode": "NB",
    "openSections": 1,
    "synopsisUrl": "http://www.religion.rutgers.edu/downloads/undergraduate-syllabi",
    "subjectGroupNotes": null,
    "offeringUnitCode": "01",
    "offeringUnitTitle": null,
    "title": "HONORS IN RELIGION",
    "courseDescription": null,
    "preReqNotes": null,
    "sections": [
      {
        "sectionEligibility": null,
        "sessionDatePrintIndicator": "N",
        "examCode": "O",
        "specialPermissionAddCode": "03",
        "crossListedSections": [],
        "sectionNotes": null,
        "specialPermissionDropCode": null,
        "instructors": [],
        "number": "H1",
        "majors": [],
        "sessionDates": null,
        "specialPermissionDropCodeDescription": null,
        "subtopic": null,
        "openStatus": true,
        "comments": [],
        "minors": [],
        "campusCode": "NB",
        "index": "09095",
        "unitMajors": [],
        "printed": "Y",
        "specialPermissionAddCodeDescription": "Department staff",
        "subtitle": null,
        "meetingTimes": [
          {
            "campusLocation": null,
            "baClassHours": "B",
            "roomNumber": null,
            "pmCode": null,
            "campusAbbrev": null,
            "campusName": null,
            "meetingDay": null,
            "buildingCode": null,
            "startTime": null,
            "endTime": null,
            "meetingModeDesc": "HONORS",
            "meetingModeCode": "21"
          }
        ],
        "legendKey": null,
        "honorPrograms": []
      }
    ],
    "supplementCode": "  ",
    "credits": null,
    "unitNotes": null,
    "coreCodes": [],
    "courseNotes": null,
    "expandedTitle": null
  }
]