[
  {
    "subjectNotes": null,
    "courseNumber": "202",
    "subject": "175",
    "campusCode": "NB",
    "openSections": 2,
    "synopsisUrl": "http://www.cinemastudies.rutgers.edu/undergraduate-courses",
    "subjectGroupNotes": null,
    "offeringUnitCode": "01",
    "offeringUnitTitle": null,
    "title": "INTRO TO FILM II",
    "courseDescription": null,
    "preReqNotes": null,
    "sections": [
      {
        "sectionEligibility": null,
        "sessionDatePrintIndicator": "N",
        "examCode": "C",
        "specialPermissionAddCode": null,
        "crossListedSections": [],
        "sectionNotes": null,
        "specialPermissionDropCode": null,
        "instructors": [
          {
            "name": "LEPPLA, DOMINIC"
          }
        ],
        "number": "01",
        "majors": [],
        "sessionDates": null,
        "specialPermissionDropCodeDescription": null,
        "subtopic": null,
        "openStatus": true,
        "comments": [
          {
            "code": "05",
            "description": "Go to http://canvas.rutgers.edu"
          }
        ],
        "minors": [],
        "campusCode": "NB",
        "index": "06470",
        "unitMajors": [],
        "printed": "Y",
        "specialPermissionAddCodeDescription": null,
        "subtitle": "INTRO TO FILM 2                         ",
        "meetingTimes": [
          {
            "campusLocation": "1",
            "baClassHours": null,
            "roomNumber": "301",
            "pmCode": "P",
            "campusAbbrev": "CAC",
            "campusName": "COLLEGE AVENUE",
            "meetingDay": "W",
            "buildingCode": "MU",
            "startTime": "0200",
            "endTime": "0320",
            "meetingModeDesc": "LEC",
            "meetingModeCode": "02"
          },
          {
            "campusLocation": "1",
            "baClassHours": null,
            "roomNumber": "301",
            "pmCode": "P",
            "campusAbbrev": "CAC",
            "campusName": "COLLEGE AVENUE",
            "meetingDay": "M",
            "buildingCode": "MU",
            "startTime": "0200",
            "endTime": "0320",
            "meetingModeDesc": "LEC",
            "meetingModeCode": "02"
          },
          {
            "campusLocation": "1",
            "baClassHours": null,
            "roomNumber": "301",
            "pmCode": "P",
            "campusAbbrev": "CAC",
            "campusName": "COLLEGE AVENUE",
            "meetingDay": "T",
            "buildingCode": "MU",
            "startTime": "0540",
            "endTime": "0840",
            "meetingModeDesc": "FILM",
            "meetingModeCode": "28"
          }
        ],
        "legendKey": null,
        "honorPrograms": []
      },
      {
        "sectionEligibility": null,
        "sessionDatePrintIndicator": "N",
        "examCode": "C",
        "specialPermissionAddCode": null,
        "crossListedSections": [],
        "sectionNotes": null,
        "specialPermissionDropCode": null,
        "instructors": [
          {
            "name": "MARTIN-MARQUEZ"
          }
        ],
        "number": "02",
        "majors": [],
        "sessionDates": null,
        "specialPermissionDropCodeDescription": null,
        "subtopic": null,
        "openStatus": true,
        "comments": [
          {
            "code": "05",
            "description": "Go to http://canvas.rutgers.edu"
          }
        ],
        "minors": [],
        "campusCode": "NB",
        "index": "06471",
        "unitMajors": [],
        "printed": "Y",
        "specialPermissionAddCodeDescription": null,
        "subtitle": "INTRO TO FILM 2                         ",
        "meetingTimes": [
          {
            "campusLocation": "1",
            "baClassHours": null,
            "roomNumber": "1180",
            "pmCode": "P",
            "campusAbbrev": "CAC",
            "campusName": "COLLEGE AVENUE",
            "meetingDay": "W",
            "buildingCode": "AB",
            "startTime": "0540",
            "endTime": "0840",
            "meetingModeDesc": "FILM",
            "meetingModeCode": "28"
          },
          {
            "campusLocation": "1",
            "baClassHours": null,
            "roomNumber": "1180",
            "pmCode": "P",
            "campusAbbrev": "CAC",
            "campusName": "COLLEGE AVENUE",
            "meetingDay": "TH",
            "buildingCode": "AB",
            "startTime": "1210",
            "endTime": "0130",
            "meetingModeDesc": "LEC",
            "meetingModeCode": "02"
          },
          {
            "campusLocation": "1",
            "baClassHours": null,
            "roomNumber": "1180",
            "pmCode": "P",
            "campusAbbrev": "CAC",
            "campusName": "COLLEGE AVENUE",
            "meetingDay": "M",
            "buildingCode": "AB",
            "startTime": "1210",
            "endTime": "0130",
            "meetingModeDesc": "LEC",
            "meetingModeCode": "02"
          }
        ],
        "legendKey": null,
        "honorPrograms": []
      }
    ],
    "supplementCode": "  ",
    "credits": 3,
    "unitNotes": null,
    "coreCodes": [
      {
        "id": "2024101175202  17",
        "subject": "175",
        "year": "2024",
        "description": "Arts and Literatures",
        "code": "AHp",
        "course": "202",
        "offeringUnitCampus": "NB",
        "supplement": "  ",
        "offeringUnitCode": "01",
        "term": "1",
        "coreCode": "AHp",
        "coreCodeDescription": "Arts and Literatures",
        "lastUpdated": 1468423733000,
        "effective": "20241",
        "coreCodeReferenceId": "17",
        "unit": "01"
      }
    ],
    "courseNotes": null,
    "expandedTitle": "INTRODUCTION TO FILM II                                                         "
  },
  {
    "subjectNotes": null,
    "courseNumber": "266",
    "subject": "175",
    "campusCode": "NB",
    "openSections": 0,
    "synopsisUrl": "http://www.cinemastudies.rutgers.edu/undergraduate-courses",
    "subjectGroupNotes": null,
    "offeringUnitCode": "01",
    "offeringUnitTitle": null,
    "title": "CULT FILMS AM CULTUR",
    "courseDescription": null,
    "preReqNotes": null,
    "sections": [
      {
        "sectionEligibility": null,
        "sessionDatePrintIndicator": "N",
        "examCode": "C",
        "specialPermissionAddCode": null,
        "crossListedSections": [
          {
            "courseNumber": "266",
            "supplementCode": "  ",
            "sectionNumber": "01",
            "offeringUnitCampus": "NB",
            "primaryRegistrationIndex": "05529",
            "offeringUnitCode": "01",
            "registrationIndex": "05528",
            "subjectCode": "050"
          }
        ],
        "sectionNotes": null,
        "specialPermissionDropCode": null,
        "instructors": [
          {
            "name": "NIGRIN, ALBERT"
          }
        ],
        "number": "01",
        "majors": [],
        "sessionDates": null,
        "specialPermissionDropCodeDescription": null,
        "subtopic": null,
        "openStatus": false,
        "comments": [],
        "minors": [],
        "campusCode": "NB",
        "index": "05529",
        "unitMajors": [],
        "printed": "Y",
        "specialPermissionAddCodeDescription": null,
        "subtitle": "CULT FILMS IN AMERICAN CULTURE          ",
        "meetingTimes": [
          {
            "campusLocation": "4",
            "baClassHours": null,
            "roomNumber": "001",
            "pmCode": "P",
            "campusAbbrev": "D/C",
            "campusName": "DOUGLAS/COOK",
            "meetingDay": "TH",
            "buildingCode": "RAB",
            "startTime": "0540",
            "endTime": "0700",
            "meetingModeDesc": "LEC",
            "meetingModeCode": "02"
          },
          {
            "campusLocation": "4",
            "baClassHours": null,
            "roomNumber": "001",
            "pmCode": "P",
            "campusAbbrev": "D/C",
            "campusName": "DOUGLAS/COOK",
            "meetingDay": "T",
            "buildingCode": "RAB",
            "startTime": "0540",
            "endTime": "0700",
            "meetingModeDesc": "LEC",
            "meetingModeCode": "02"
          },
          {
            "campusLocation": "4",
            "baClassHours": null,
            "roomNumber": "001",
            "pmCode": "P",
            "campusAbbrev": "D/C",
            "campusName": "DOUGLAS/COOK",
            "meetingDay": "TH",
            "buildingCode": "RAB",
            "startTime": "0730",
            "endTime": "0850",
            "meetingModeDesc": "FILM",
            "meetingModeCode": "28"
          }
        ],
        "legendKey": null,
        "honorPrograms": []
      }
    ],
    "supplementCode": "  ",
    "credits": 3,
    "unitNotes": null,
    "coreCodes": [],
    "courseNotes": null,
    "expandedTitle": "CULT FILMS IN AMERICAN CULTURE                                                  "
  },
  {
    "subjectNotes": null,
    "courseNumber": "321",
    "subject": "175",
    "campusCode": "NB",
    "openSections": 1,
    "synopsisUrl": "http://www.cinemastudies.rutgers.edu/undergraduate-courses",
    "subjectGroupNotes": null,
    "offeringUnitCode": "01",
    "offeringUnitTitle": null,
    "title": "WORLD CINEMA II",
    "courseDescription": null,
    "preReqNotes": null,
    "sections": [
      {
        "sectionEligibility": null,
        "sessionDatePrintIndicator": "N",
        "examCode": "C",
        "specialPermissionAddCode": null,
        "crossListedSections": [],
        "sectionNotes": null,
        "specialPermissionDropCode": null,
        "instructors": [
          {
            "name": "LEPPLA, DOMINIC"
          }
        ],
        "number": "01",
        "majors": [],
        "sessionDates": null,
        "specialPermissionDropCodeDescription": null,
        "subtopic": null,
        "openStatus": true,
        "comments": [
          {
            "code": "05",
            "description": "Go to http://canvas.rutgers.edu"
          }
        ],
        "minors": [],
        "campusCode": "NB",
        "index": "06472",
        "unitMajors": [],
        "printed": "Y",
        "specialPermissionAddCodeDescription": null,
        "subtitle": "WORLD CINEMA II                         ",
        "meetingTimes": [
          {
            "campusLocation": "1",
            "baClassHours": null,
            "roomNumber": "100",
            "pmCode": "P",
            "campusAbbrev": "CAC",
            "campusName": "COLLEGE AVENUE",
            "meetingDay": "W",
            "buildingCode": "MI",
            "startTime": "0730",
            "endTime": "1030",
            "meetingModeDesc": "FILM",
            "meetingModeCode": "28"
          },
          {
            "campusLocation": "1",
            "baClassHours": null,
            "roomNumber": "301",
            "pmCode": "A",
            "campusAbbrev": "CAC",
            "campusName": "COLLEGE AVENUE",
            "meetingDay": "M",
            "buildingCode": "MU",
            "startTime": "1020",
            "endTime": "1140",
            "meetingModeDesc": "LEC",
            "meetingModeCode": "02"
          },
          {
            "campusLocation": "1",
            "baClassHours": null,
            "roomNumber": "301",
            "pmCode": "A",
            "campusAbbrev": "CAC",
            "campusName": "COLLEGE AVENUE",
            "meetingDay": "TH",
            "buildingCode": "MU",
            "startTime": "1020",
            "endTime": "1140",
            "meetingModeDesc": "LEC",
            "meetingModeCode": "02"
          }
        ],
        "legendKey": null,
        "honorPrograms": []
      }
    ],
    "supplementCode": "  ",
    "credits": 3,
    "unitNotes": null,
    "coreCodes": [
      {
        "id": "2024101175321  17",
        "subject": "175",
        "year": "2024",
        "description": "Arts and Literatures",
        "code": "AHp",
        "course": "321",
        "offeringUnitCampus": "NB",
        "supplement": "  ",
        "offeringUnitCode": "01",
        "term": "1",
        "coreCode": "AHp",
        "coreCodeDescription": "Arts and Literatures",
        "lastUpdated": 1468423733000,
        "effective": "20241",
        "coreCodeReferenceId": "17",
        "unit": "01"
      },
      {
        "id": "2024101175321  78585",
        "subject": "175",
        "year": "2024",
        "description": "Diversities and Social Inequalities",
        "code": "CCD",
        "course": "321",
        "offeringUnitCampus": "NB",
        "supplement": "  ",
        "offeringUnitCode": "01",
        "term": "1",
        "coreCode": "CCD",
        "coreCodeDescription": "Diversities and Social Inequalities",
        "lastUpdated": 1545063307000,
        "effective": "20241",
        "coreCodeReferenceId": "78585",
        "unit": "01"
      }
    ],
    "courseNotes": null,
    "expandedTitle": null
  },
  {
    "subjectNotes": null,
    "courseNumber": "360",
    "subject": "175",
    "campusCode": "NB",
    "openSections": 1,
    "synopsisUrl": "http://www.cinemastudies.rutgers.edu/undergraduate-courses",
    "subjectGroupNotes": null,
    "offeringUnitCode": "01",
    "offeringUnitTitle": null,
    "title": "CLSSCS GERMAN CINEMA",
    "courseDescription": null,
    "preReqNotes": null,
    "sections": [
      {
        "sectionEligibility": null,
        "sessionDatePrintIndicator": "N",
        "examCode": "C",
        "specialPermissionAddCode": null,
        "crossListedSections": [
          {
            "courseNumber": "360",
            "supplementCode": "  ",
            "sectionNumber": "01",
            "offeringUnitCampus": "NB",
            "primaryRegistrationIndex": "06473",
            "offeringUnitCode": "01",
            "registrationIndex": "06474",
            "subjectCode": "470"
          }
        ],
        "sectionNotes": null,
        "specialPermissionDropCode": null,
        "instructors": [
          {
            "name": "KARL, REGINA"
          }
        ],
        "number": "01",
        "majors": [],
        "sessionDates": null,
        "specialPermissionDropCodeDescription": null,
        "subtopic": null,
        "openStatus": true,
        "comments": [],
        "minors": [],
        "campusCode": "NB",
        "index": "06473",
        "unitMajors": [],
        "printed": "Y",
        "specialPermissionAddCodeDescription": null,
        "subtitle": "CLASSICS OF GERMAN CINEMA               ",
        "meetingTimes": [
          {
            "campusLocation": "1",
            "baClassHours": null,
            "roomNumber": "301",
            "pmCode": "P",
            "campusAbbrev": "CAC",
            "campusName": "COLLEGE AVENUE",
            "meetingDay": "TH",
            "buildingCode": "MU",
            "startTime": "1210",
            "endTime": "0130",
            "meetingModeDesc": "LEC",
            "meetingModeCode": "02"
          },
          {
            "campusLocation": "1",
            "baClassHours": null,
            "roomNumber": "301",
            "pmCode": "P",
            "campusAbbrev": "CAC",
            "campusName": "COLLEGE AVENUE",
            "meetingDay": "M",
            "buildingCode": "MU",
            "startTime": "1210",
            "endTime": "0130",
            "meetingModeDesc": "LEC",
            "meetingModeCode": "02"
          }
        ],
        "legendKey": null,
        "honorPrograms": []
      }
    ],
    "supplementCode": "  ",
    "credits": 3,
    "unitNotes": null,
    "coreCodes": [
      {
        "id": "2024101175360  16",
        "subject": "175",
        "year": "2024",
        "description": "Philosophical and Theoretical Issues",
        "code": "AHo",
        "course": "360",
        "offeringUnitCampus": "NB",
        "supplement": "  ",
        "offeringUnitCode": "01",
        "term": "1",
        "coreCode": "AHo",
        "coreCodeDescription": "Philosophical and Theoretical Issues",
        "lastUpdated": 1468423723000,
        "effective": "20241",
        "coreCodeReferenceId": "16",
        "unit": "01"
      }
    ],
    "courseNotes": null,
    "expandedTitle": "CLASSICS OF GERMAN CINEMA: FROM HAUNTED SCREEN TO HYPERREALITY                  "
  },
  {
    "subjectNotes": null,
    "courseNumber": "377",
    "subject": "175",
    "campusCode": "NB",
    "openSections": 2,
    "synopsisUrl": "http://www.cinemastudies.rutgers.edu/undergraduate-courses",
    "subjectGroupNotes": null,
    "offeringUnitCode": "01",
    "offeringUnitTitle": null,
    "title": "TPCS IN WORLD CINEMA",
    "courseDescription": null,
    "preReqNotes": null,
    "sections": [
      {
        "sectionEligibility": null,
        "sessionDatePrintIndicator": "N",
        "examCode": "C",
        "specialPermissionAddCode": null,
        "crossListedSections": [],
        "sectionNotes": "EASTERN EUROPE AND FILM:FROM 1948-1989FILM SCREENING IS BY ARRANGEMENTIN ADDITION TO LECTURE TIMES.",
        "specialPermissionDropCode": null,
        "instructors": [
          {
            "name": "LEPPLA, DOMINIC"
          }
        ],
        "number": "01",
        "majors": [],
        "sessionDates": null,
        "specialPermissionDropCodeDescription": null,
        "subtopic": null,
        "openStatus": true,
        "comments": [
          {
            "code": "05",
            "description": "Go to http://canvas.rutgers.edu"
          }
        ],
        "minors": [],
        "campusCode": "NB",
        "index": "06475",
        "unitMajors": [],
        "printed": "Y",
        "specialPermissionAddCodeDescription": null,
        "subtitle": "REALLY EXISTING SOCIALIST CINEMA:       ",
        "meetingTimes": [
          {
            "campusLocation": "1",
            "baClassHours": null,
            "roomNumber": "4140",
            "pmCode": "P",
            "campusAbbrev": "CAC",
            "campusName": "COLLEGE AVENUE",
            "meetingDay": "W",
            "buildingCode": "AB",
            "startTime": "0350",
            "endTime": "0510",
            "meetingModeDesc": "LEC",
            "meetingModeCode": "02"
          },
          {
            "campusLocation": "1",
            "baClassHours": null,
            "roomNumber": "4140",
            "pmCode": "P",
            "campusAbbrev": "CAC",
            "campusName": "COLLEGE AVENUE",
            "meetingDay": "M",
            "buildingCode": "AB",
            "startTime": "0350",
            "endTime": "0510",
            "meetingModeDesc": "LEC",
            "meetingModeCode": "02"
          },
          {
            "campusLocation": null,
            "baClassHours": "B",
            "roomNumber": null,
            "pmCode": null,
            "campusAbbrev": null,
            "campusName": null,
            "meetingDay": null,
            "buildingCode": null,
            "startTime": null,
            "endTime": null,
            "meetingModeDesc": "FILM",
            "meetingModeCode": "28"
          }
        ],
        "legendKey": null,
        "honorPrograms": []
      },
      {
        "sectionEligibility": null,
        "sessionDatePrintIndicator": "N",
        "examCode": "C",
        "specialPermissionAddCode": null,
        "crossListedSections": [],
        "sectionNotes": null,
        "specialPermissionDropCode": null,
        "instructors": [
          {
            "name": "FRESKO, DAVID"
          }
        ],
        "number": "02",
        "majors": [],
        "sessionDates": null,
        "specialPermissionDropCodeDescription": null,
        "subtopic": null,
        "openStatus": true,
        "comments": [
          {
            "code": "05",
            "description": "Go to http://canvas.rutgers.edu"
          }
        ],
        "minors": [],
        "campusCode": "NB",
        "index": "06476",
        "unitMajors": [],
        "printed": "Y",
        "specialPermissionAddCodeDescription": null,
        "subtitle": "ECOCINEMA                               ",
        "meetingTimes": [
          {
            "campusLocation": "1",
            "baClassHours": null,
            "roomNumber": "4140",
            "pmCode": "P",
            "campusAbbrev": "CAC",
            "campusName": "COLLEGE AVENUE",
            "meetingDay": "W",
            "buildingCode": "AB",
            "startTime": "0540",
            "endTime": "0840",
            "meetingModeDesc": "SEM",
            "meetingModeCode": "04"
          },
          {
            "campusLocation": "1",
            "baClassHours": null,
            "roomNumber": "4140",
            "pmCode": "A",
            "campusAbbrev": "CAC",
            "campusName": "COLLEGE AVENUE",
            "meetingDay": "M",
            "buildingCode": "AB",
            "startTime": "1020",
            "endTime": "1140",
            "meetingModeDesc": "LEC",
            "meetingModeCode": "02"
          },
          {
            "campusLocation": "1",
            "baClassHours": null,
            "roomNumber": "4140",
            "pmCode": "A",
            "campusAbbrev": "CAC",
            "campusName": "COLLEGE AVENUE",
            "meetingDay": "TH",
            "buildingCode": "AB",
            "startTime": "1020",
            "endTime": "1140",
            "meetingModeDesc": "LEC",
            "meetingModeCode": "02"
          }
        ],
        "legendKey": null,
        "honorPrograms": []
      },
      {
        "sectionEligibility": null,
        "sessionDatePrintIndicator": "N",
        "examCode": "C",
        "specialPermissionAddCode": null,
        "crossListedSections": [
          {
            "courseNumber": "320",
            "supplementCode": "  ",
            "sectionNumber": "01",
            "offeringUnitCampus": "NB",
            "primaryRegistrationIndex": "06477",
            "offeringUnitCode": "01",
            "registrationIndex": "06478",
            "subjectCode": "560"
          }
        ],
        "sectionNotes": null,
        "specialPermissionDropCode": null,
        "instructors": [
          {
            "name": "SCALIA, ROSARIO"
          }
        ],
        "number": "03",
        "majors": [],
        "sessionDates": null,
        "specialPermissionDropCodeDescription": null,
        "subtopic": null,
        "openStatus": false,
        "comments": [],
        "minors": [],
        "campusCode": "NB",
        "index": "06477",
        "unitMajors": [],
        "printed": "Y",
        "specialPermissionAddCodeDescription": null,
        "subtitle": "MAFIA MOVIES                            ",
        "meetingTimes": [
          {
            "campusLocation": "1",
            "baClassHours": null,
            "roomNumber": "2150",
            "pmCode": "P",
            "campusAbbrev": "CAC",
            "campusName": "COLLEGE AVENUE",
            "meetingDay": "TH",
            "buildingCode": "AB",
            "startTime": "0200",
            "endTime": "0320",
            "meetingModeDesc": "LEC",
            "meetingModeCode": "02"
          },
          {
            "campusLocation": "1",
            "baClassHours": null,
            "roomNumber": "2150",
            "pmCode": "P",
            "campusAbbrev": "CAC",
            "campusName": "COLLEGE AVENUE",
            "meetingDay": "T",
            "buildingCode": "AB",
            "startTime": "0200",
            "endTime": "0320",
            "meetingModeDesc": "LEC",
            "meetingModeCode": "02"
          }
        ],
        "legendKey": null,
        "honorPrograms": []
      },
      {
        "sectionEligibility": null,
        "sessionDatePrintIndicator": "N",
        "examCode": "C",
        "specialPermissionAddCode": null,
        "crossListedSections": [
          {
            "courseNumber": "471",
            "supplementCode": "  ",
            "sectionNumber": "01",
            "offeringUnitCampus": "NB",
            "primaryRegistrationIndex": "18250",
            "offeringUnitCode": "01",
            "registrationIndex": "07596",
            "subjectCode": "420"
          },
          {
            "courseNumber": "306",
            "supplementCode": "  ",
            "sectionNumber": "01",
            "offeringUnitCampus": "NB",
            "primaryRegistrationIndex": "18250",
            "offeringUnitCode": "01",
            "registrationIndex": "07595",
            "subjectCode": "420"
          }
        ],
        "sectionNotes": null,
        "specialPermissionDropCode": null,
        "instructors": [
          {
            "name": "MITCHELL"
          }
        ],
        "number": "04",
        "majors": [],
        "sessionDates": null,
        "specialPermissionDropCodeDescription": null,
        "subtopic": null,
        "openStatus": false,
        "comments": [],
        "minors": [],
        "campusCode": "NB",
        "index": "18250",
        "unitMajors": [],
        "printed": "Y",
        "specialPermissionAddCodeDescription": null,
        "subtitle": "FRENCH FILM IN ENGLISH                  ",
        "meetingTimes": [
          {
            "campusLocation": "1",
            "baClassHours": null,
            "roomNumber": "4140",
            "pmCode": "P",
            "campusAbbrev": "CAC",
            "campusName": "COLLEGE AVENUE",
            "meetingDay": "M",
            "buildingCode": "AB",
            "startTime": "1210",
            "endTime": "0130",
            "meetingModeDesc": "LEC",
            "meetingModeCode": "02"
          },
          {
            "campusLocation": "1",
            "baClassHours": null,
            "roomNumber": "4140",
            "pmCode": "P",
            "campusAbbrev": "CAC",
            "campusName": "COLLEGE AVENUE",
            "meetingDay": "TH",
            "buildingCode": "AB",
            "startTime": "1210",
            "endTime": "0130",
            "meetingModeDesc": "LEC",
            "meetingModeCode": "02"
          }
        ],
        "legendKey": null,
        "honorPrograms": []
      }
    ],
    "supplementCode": "  ",
    "credits": 3,
    "unitNotes": null,
    "coreCodes": [],
    "courseNotes": null,
    "expandedTitle": null
  },
  {
    "subjectNotes": null,
    "courseNumber": "398",
    "subject": "175",
    "campusCode": "NB",
    "openSections": 2,
    "synopsisUrl": "http://www.cinemastudies.rutgers.edu/undergraduate-courses",
    "subjectGroupNotes": null,
    "offeringUnitCode": "01",
    "offeringUnitTitle": null,
    "title": "INTERNSHP CINEMA STD",
    "courseDescription": null,
    "preReqNotes": null,
    "sections": [
      {
        "sectionEligibility": null,
        "sessionDatePrintIndicator": "N",
        "examCode": "C",
        "specialPermissionAddCode": "03",
        "crossListedSections": [],
        "sectionNotes": null,
        "specialPermissionDropCode": null,
        "instructors": [
          {
            "name": "NIGRIN, ALBERT"
          }
        ],
        "number": "01",
        "majors": [],
        "sessionDates": null,
        "specialPermissionDropCodeDescription": null,
        "subtopic": null,
        "openStatus": true,
        "comments": [
          {
            "code": "05",
            "description": "Go to http://canvas.rutgers.edu"
          }
        ],
        "minors": [],
        "campusCode": "NB",
        "index": "06479",
        "unitMajors": [],
        "printed": "Y",
        "specialPermissionAddCodeDescription": "Department staff",
        "subtitle": "INTERNSHIP                              ",
        "meetingTimes": [
          {
            "campusLocation": null,
            "baClassHours": "B",
            "roomNumber": null,
            "pmCode": null,
            "campusAbbrev": null,
            "campusName": null,
            "meetingDay": null,
            "buildingCode": null,
            "startTime": null,
            "endTime": null,
            "meetingModeDesc": "FILM",
            "meetingModeCode": "28"
          }
        ],
        "legendKey": null,
        "honorPrograms": []
      },
      {
        "sectionEligibility": null,
        "sessionDatePrintIndicator": "Y",
        "examCode": "C",
        "specialPermissionAddCode": "03",
        "crossListedSections": [],
        "sectionNotes": "FOR SPECIAL PERMISSION NUMBEREMAIL:DF529@RUTGERS.EDU",
        "specialPermissionDropCode": null,
        "instructors": [
          {
            "name": "FRESKO, DAVID"
          }
        ],
        "number": "02",
        "majors": [],
        "sessionDates": null,
        "specialPermissionDropCodeDescription": null,
        "subtopic": null,
        "openStatus": true,
        "comments": [
          {
            "code": "05",
            "description": "Go to http://canvas.rutgers.edu"
          }
        ],
        "minors": [],
        "campusCode": "NB",
        "index": "18866",
        "unitMajors": [],
        "printed": "Y",
        "specialPermissionAddCodeDescription": "Department staff",
        "subtitle": "INTERNSHIP                              ",
        "meetingTimes": [
          {
            "campusLocation": null,
            "baClassHours": "B",
            "roomNumber": null,
            "pmCode": null,
            "campusAbbrev": null,
            "campusName": null,
            "meetingDay": null,
            "buildingCode": null,
            "startTime": null,
            "endTime": null,
            "meetingModeDesc": "FILM",
            "meetingModeCode": "28"
          }
        ],
        "legendKey": null,
        "honorPrograms": []
      }
    ],
    "supplementCode": "  ",
    "credits": 3,
    "unitNotes": null,
    "coreCodes": [],
    "courseNotes": null,
    "expandedTitle": "INTERNSHIP IN CINEMA STUDIES                                                    "
  },
  {
    "subjectNotes": null,
    "courseNumber": "425",
    "subject": "175",
    "campusCode": "NB",
    "openSections": 1,
    "synopsisUrl": "http://www.cinemastudies.rutgers.edu/undergraduate-courses",
    "subjectGroupNotes": null,
    "offeringUnitCode": "01",
    "offeringUnitTitle": null,
    "title": "SEN SEM CINEMA STDY",
    "courseDescription": null,
    "preReqNotes": "(01:350:101 )<em> OR </em>(01:350:103 )<em> OR </em>(01:355:101 )<em> OR </em>(01:355:103 )",
    "sections": [
      {
        "sectionEligibility": null,
        "sessionDatePrintIndicator": "N",
        "examCode": "C",
        "specialPermissionAddCode": "03",
        "crossListedSections": [],
        "sectionNotes": "FOR SPECIAL PERMISSION NUMBEREMAIL:NINA.ECHEVERRIA@RUTGERS.ED",
        "specialPermissionDropCode": null,
        "instructors": [
          {
            "name": "FRESKO, DAVID"
          }
        ],
        "number": "01",
        "majors": [],
        "sessionDates": null,
        "specialPermissionDropCodeDescription": null,
        "subtopic": null,
        "openStatus": true,
        "comments": [],
        "minors": [],
        "campusCode": "NB",
        "index": "06480",
        "unitMajors": [],
        "printed": "Y",
        "specialPermissionAddCodeDescription": "Department staff",
        "subtitle": "SENIOR SEMINAR                          ",
        "meetingTimes": [
          {
            "campusLocation": "1",
            "baClassHours": null,
            "roomNumber": "4140",
            "pmCode": "P",
            "campusAbbrev": "CAC",
            "campusName": "COLLEGE AVENUE",
            "meetingDay": "M",
            "buildingCode": "AB",
            "startTime": "0200",
            "endTime": "0320",
            "meetingModeDesc": "LEC",
            "meetingModeCode": "02"
          },
          {
            "campusLocation": "1",
            "baClassHours": null,
            "roomNumber": "4140",
            "pmCode": "P",
            "campusAbbrev": "CAC",
            "campusName": "COLLEGE AVENUE",
            "meetingDay": "W",
            "buildingCode": "AB",
            "startTime": "0200",
            "endTime": "0320",
            "meetingModeDesc": "LEC",
            "meetingModeCode": "02"
          },
          {
            "campusLocation": "1",
            "baClassHours": null,
            "roomNumber": "4140",
            "pmCode": "P",
            "campusAbbrev": "CAC",
            "campusName": "COLLEGE AVENUE",
            "meetingDay": "M",
            "buildingCode": "AB",
            "startTime": "0540",
            "endTime": "0840",
            "meetingModeDesc": "FILM",
            "meetingModeCode": "28"
          }
        ],
        "legendKey": null,
        "honorPrograms": []
      }
    ],
    "supplementCode": "  ",
    "credits": 3,
    "unitNotes": null,
    "coreCodes": [
      {
        "id": "2024101175425  27",
        "subject": "175",
        "year": "2024",
        "description": "Writing and Communication in a Discipline",
        "code": "WCd",
        "course": "425",
        "offeringUnitCampus": "NB",
        "supplement": "  ",
        "offeringUnitCode": "01",
        "term": "1",
        "coreCode": "WCd",
        "coreCodeDescription": "Writing and Communication in a Discipline",
        "lastUpdated": 1468423822000,
        "effective": "20241",
        "coreCodeReferenceId": "27",
        "unit": "01"
      }
    ],
    "courseNotes": null,
    "expandedTitle": null
  }
]