[
  {
    "subjectNotes": null,
    "courseNumber": "101",
    "subject": "971",
    "campusCode": "NB",
    "openSections": 1,
    "synopsisUrl": "https://bloustein.rutgers.edu/undergraduate/urbanplanninganddesign/",
    "subjectGroupNotes": null,
    "offeringUnitCode": "10",
    "offeringUnitTitle": null,
    "title": "INTRO URBAN STUDIES",
    "courseDescription": null,
    "preReqNotes": null,
    "sections": [
      {
        "sectionEligibility": null,
        "sessionDatePrintIndicator": "Y",
        "examCode": "C",
        "specialPermissionAddCode": null,
        "crossListedSections": [
          {
            "courseNumber": "103",
            "supplementCode": "  ",
            "sectionNumber": "01",
            "offeringUnitCampus": "NB",
            "primaryRegistrationIndex": "19229",
            "offeringUnitCode": "10",
            "registrationIndex": "19165",
            "subjectCode": "762"
          },
          {
            "courseNumber": "101",
            "supplementCode": "  ",
            "sectionNumber": "01",
            "offeringUnitCampus": "NB",
            "primaryRegistrationIndex": "19229",
            "offeringUnitCode": "10",
            "registrationIndex": "11528",
            "subjectCode": "975"
          }
        ],
        "sectionNotes": null,
        "specialPermissionDropCode": null,
        "instructors": [
          {
            "name": "ROBINSON-WYATT"
          }
        ],
        "number": "01",
        "majors": [],
        "sessionDates": null,
        "specialPermissionDropCodeDescription": null,
        "subtopic": null,
        "openStatus": true,
        "comments": [],
        "minors": [],
        "campusCode": "NB",
        "index": "19229",
        "unitMajors": [],
        "printed": "Y",
        "specialPermissionAddCodeDescription": null,
        "subtitle": null,
        "meetingTimes": [
          {
            "campusLocation": "O",
            "baClassHours": "B",
            "roomNumber": null,
            "pmCode": null,
            "campusAbbrev": "**",
            "campusName": "** INVALID **",
            "meetingDay": null,
            "buildingCode": null,
            "startTime": null,
            "endTime": null,
            "meetingModeDesc": "ONLINE INSTRUCTION(INTERNET)",
            "meetingModeCode": "90"
          },
          {
            "campusLocation": "1",
            "baClassHours": null,
            "roomNumber": "206",
            "pmCode": "P",
            "campusAbbrev": "CAC",
            "campusName": "COLLEGE AVENUE",
            "meetingDay": "W",
            "buildingCode": "SC",
            "startTime": "0540",
            "endTime": "0700",
            "meetingModeDesc": "LEC",
            "meetingModeCode": "02"
          }
        ],
        "legendKey": null,
        "honorPrograms": []
      }
    ],
    "supplementCode": "  ",
    "credits": 3,
    "unitNotes": "For Special Permission -- http://bloustein.rutgers.edu/courses/special-permission-numbers/\r\n",
    "coreCodes": [],
    "courseNotes": null,
    "expandedTitle": "INTRODUCTION TO URBAN STUDIES                                                   "
  },
  {
    "subjectNotes": null,
    "courseNumber": "201",
    "subject": "971",
    "campusCode": "NB",
    "openSections": 1,
    "synopsisUrl": "https://bloustein.rutgers.edu/undergraduate/urbanplanninganddesign/",
    "subjectGroupNotes": null,
    "offeringUnitCode": "10",
    "offeringUnitTitle": null,
    "title": "INTRO URBAN PLNG&DES",
    "courseDescription": null,
    "preReqNotes": null,
    "sections": [
      {
        "sectionEligibility": null,
        "sessionDatePrintIndicator": "N",
        "examCode": "C",
        "specialPermissionAddCode": null,
        "crossListedSections": [],
        "sectionNotes": null,
        "specialPermissionDropCode": null,
        "instructors": [
          {
            "name": "FAGA, BARBARA"
          }
        ],
        "number": "01",
        "majors": [],
        "sessionDates": null,
        "specialPermissionDropCodeDescription": null,
        "subtopic": null,
        "openStatus": true,
        "comments": [
          {
            "code": "05",
            "description": "Go to http://canvas.rutgers.edu"
          }
        ],
        "minors": [],
        "campusCode": "NB",
        "index": "11512",
        "unitMajors": [],
        "printed": "Y",
        "specialPermissionAddCodeDescription": null,
        "subtitle": null,
        "meetingTimes": [
          {
            "campusLocation": "5",
            "baClassHours": null,
            "roomNumber": "369",
            "pmCode": "P",
            "campusAbbrev": "DNB",
            "campusName": "DOWNTOWN NB",
            "meetingDay": "TH",
            "buildingCode": "CSB",
            "startTime": "0100",
            "endTime": "0400",
            "meetingModeDesc": "LEC",
            "meetingModeCode": "02"
          }
        ],
        "legendKey": null,
        "honorPrograms": []
      }
    ],
    "supplementCode": "  ",
    "credits": 3,
    "unitNotes": "For Special Permission -- http://bloustein.rutgers.edu/courses/special-permission-numbers/\r\n",
    "coreCodes": [],
    "courseNotes": null,
    "expandedTitle": "INTRODUCTION TO URBAN PLANNING AND DESIGN"
  },
  {
    "subjectNotes": null,
    "courseNumber": "233",
    "subject": "971",
    "campusCode": "NB",
    "openSections": 1,
    "synopsisUrl": "https://bloustein.rutgers.edu/undergraduate/urbanplanninganddesign/",
    "subjectGroupNotes": null,
    "offeringUnitCode": "10",
    "offeringUnitTitle": null,
    "title": "URBAN WORLD",
    "courseDescription": null,
    "preReqNotes": null,
    "sections": [
      {
        "sectionEligibility": null,
        "sessionDatePrintIndicator": "Y",
        "examCode": "C",
        "specialPermissionAddCode": null,
        "crossListedSections": [
          {
            "courseNumber": "233",
            "supplementCode": "  ",
            "sectionNumber": "01",
            "offeringUnitCampus": "NB",
            "primaryRegistrationIndex": "19209",
            "offeringUnitCode": "10",
            "registrationIndex": "11529",
            "subjectCode": "975"
          },
          {
            "courseNumber": "233",
            "supplementCode": "  ",
            "sectionNumber": "01",
            "offeringUnitCampus": "NB",
            "primaryRegistrationIndex": "19209",
            "offeringUnitCode": "10",
            "registrationIndex": "17932",
            "subjectCode": "762"
          }
        ],
        "sectionNotes": null,
        "specialPermissionDropCode": null,
        "instructors": [
          {
            "name": "RESTREPO-MIETH"
          }
        ],
        "number": "01",
        "majors": [],
        "sessionDates": null,
        "specialPermissionDropCodeDescription": null,
        "subtopic": null,
        "openStatus": true,
        "comments": [],
        "minors": [],
        "campusCode": "NB",
        "index": "19209",
        "unitMajors": [],
        "printed": "Y",
        "specialPermissionAddCodeDescription": null,
        "subtitle": null,
        "meetingTimes": [
          {
            "campusLocation": "1",
            "baClassHours": null,
            "roomNumber": "115",
            "pmCode": "A",
            "campusAbbrev": "CAC",
            "campusName": "COLLEGE AVENUE",
            "meetingDay": "T",
            "buildingCode": "MU",
            "startTime": "1020",
            "endTime": "0120",
            "meetingModeDesc": "LEC",
            "meetingModeCode": "02"
          }
        ],
        "legendKey": null,
        "honorPrograms": []
      }
    ],
    "supplementCode": "  ",
    "credits": 3,
    "unitNotes": "For Special Permission -- http://bloustein.rutgers.edu/courses/special-permission-numbers/\r\n",
    "coreCodes": [],
    "courseNotes": null,
    "expandedTitle": "                                                                                "
  },
  {
    "subjectNotes": null,
    "courseNumber": "250",
    "subject": "971",
    "campusCode": "NB",
    "openSections": 2,
    "synopsisUrl": "https://bloustein.rutgers.edu/undergraduate/urbanplanninganddesign/",
    "subjectGroupNotes": null,
    "offeringUnitCode": "10",
    "offeringUnitTitle": null,
    "title": "INTRO TO GIS",
    "courseDescription": null,
    "preReqNotes": null,
    "sections": [
      {
        "sectionEligibility": null,
        "sessionDatePrintIndicator": "N",
        "examCode": "C",
        "specialPermissionAddCode": null,
        "crossListedSections": [],
        "sectionNotes": null,
        "specialPermissionDropCode": null,
        "instructors": [
          {
            "name": "ZHANG, WENWEN"
          }
        ],
        "number": "01",
        "majors": [],
        "sessionDates": null,
        "specialPermissionDropCodeDescription": null,
        "subtopic": null,
        "openStatus": true,
        "comments": [
          {
            "code": "05",
            "description": "Go to http://canvas.rutgers.edu"
          }
        ],
        "minors": [],
        "campusCode": "NB",
        "index": "11513",
        "unitMajors": [],
        "printed": "Y",
        "specialPermissionAddCodeDescription": null,
        "subtitle": null,
        "meetingTimes": [
          {
            "campusLocation": "4",
            "baClassHours": null,
            "roomNumber": "023",
            "pmCode": "A",
            "campusAbbrev": "D/C",
            "campusName": "DOUGLAS/COOK",
            "meetingDay": "W",
            "buildingCode": "LOR",
            "startTime": "1020",
            "endTime": "0120",
            "meetingModeDesc": "LAB",
            "meetingModeCode": "05"
          }
        ],
        "legendKey": null,
        "honorPrograms": []
      },
      {
        "sectionEligibility": null,
        "sessionDatePrintIndicator": "Y",
        "examCode": "C",
        "specialPermissionAddCode": null,
        "crossListedSections": [],
        "sectionNotes": null,
        "specialPermissionDropCode": null,
        "instructors": [
          {
            "name": "FOUAD, GEOFFREY"
          }
        ],
        "number": "02",
        "majors": [],
        "sessionDates": null,
        "specialPermissionDropCodeDescription": null,
        "subtopic": null,
        "openStatus": true,
        "comments": [],
        "minors": [],
        "campusCode": "NB",
        "index": "18954",
        "unitMajors": [],
        "printed": "Y",
        "specialPermissionAddCodeDescription": null,
        "subtitle": null,
        "meetingTimes": [
          {
            "campusLocation": "1",
            "baClassHours": null,
            "roomNumber": "1230",
            "pmCode": "P",
            "campusAbbrev": "CAC",
            "campusName": "COLLEGE AVENUE",
            "meetingDay": "M",
            "buildingCode": "AB",
            "startTime": "0540",
            "endTime": "0840",
            "meetingModeDesc": "LAB",
            "meetingModeCode": "05"
          }
        ],
        "legendKey": null,
        "honorPrograms": []
      }
    ],
    "supplementCode": "  ",
    "credits": 3,
    "unitNotes": "For Special Permission -- http://bloustein.rutgers.edu/courses/special-permission-numbers/\r\n",
    "coreCodes": [],
    "courseNotes": null,
    "expandedTitle": "INTRODUCTION TO GIS                                                             "
  },
  {
    "subjectNotes": null,
    "courseNumber": "299",
    "subject": "971",
    "campusCode": "NB",
    "openSections": 1,
    "synopsisUrl": "https://bloustein.rutgers.edu/undergraduate/urbanplanninganddesign/",
    "subjectGroupNotes": null,
    "offeringUnitCode": "10",
    "offeringUnitTitle": null,
    "title": "INDEPENDENT STUDY",
    "courseDescription": null,
    "preReqNotes": null,
    "sections": [
      {
        "sectionEligibility": null,
        "sessionDatePrintIndicator": "N",
        "examCode": "O",
        "specialPermissionAddCode": "03",
        "crossListedSections": [],
        "sectionNotes": null,
        "specialPermissionDropCode": null,
        "instructors": [],
        "number": "01",
        "majors": [],
        "sessionDates": null,
        "specialPermissionDropCodeDescription": null,
        "subtopic": null,
        "openStatus": true,
        "comments": [],
        "minors": [],
        "campusCode": "NB",
        "index": "11514",
        "unitMajors": [],
        "printed": "Y",
        "specialPermissionAddCodeDescription": "Department staff",
        "subtitle": null,
        "meetingTimes": [
          {
            "campusLocation": null,
            "baClassHours": "B",
            "roomNumber": null,
            "pmCode": null,
            "campusAbbrev": null,
            "campusName": null,
            "meetingDay": null,
            "buildingCode": null,
            "startTime": null,
            "endTime": null,
            "meetingModeDesc": "PROJ-IND",
            "meetingModeCode": "19"
          }
        ],
        "legendKey": null,
        "honorPrograms": []
      }
    ],
    "supplementCode": "  ",
    "credits": null,
    "unitNotes": "For Special Permission -- http://bloustein.rutgers.edu/courses/special-permission-numbers/\r\n",
    "coreCodes": [],
    "courseNotes": null,
    "expandedTitle": null
  },
  {
    "subjectNotes": null,
    "courseNumber": "310",
    "subject": "971",
    "campusCode": "NB",
    "openSections": 1,
    "synopsisUrl": "https://bloustein.rutgers.edu/undergraduate/urbanplanninganddesign/",
    "subjectGroupNotes": null,
    "offeringUnitCode": "10",
    "offeringUnitTitle": null,
    "title": "US HOUSING POLICY",
    "courseDescription": null,
    "preReqNotes": null,
    "sections": [
      {
        "sectionEligibility": null,
        "sessionDatePrintIndicator": "Y",
        "examCode": "C",
        "specialPermissionAddCode": null,
        "crossListedSections": [
          {
            "courseNumber": "310",
            "supplementCode": "  ",
            "sectionNumber": "01",
            "offeringUnitCampus": "NB",
            "primaryRegistrationIndex": "19175",
            "offeringUnitCode": "10",
            "registrationIndex": "19171",
            "subjectCode": "833"
          },
          {
            "courseNumber": "310",
            "supplementCode": "  ",
            "sectionNumber": "01",
            "offeringUnitCampus": "NB",
            "primaryRegistrationIndex": "19175",
            "offeringUnitCode": "10",
            "registrationIndex": "11383",
            "subjectCode": "762"
          }
        ],
        "sectionNotes": null,
        "specialPermissionDropCode": null,
        "instructors": [
          {
            "name": "DEFILIPPIS"
          }
        ],
        "number": "01",
        "majors": [],
        "sessionDates": null,
        "specialPermissionDropCodeDescription": null,
        "subtopic": null,
        "openStatus": true,
        "comments": [],
        "minors": [],
        "campusCode": "NB",
        "index": "19175",
        "unitMajors": [],
        "printed": "Y",
        "specialPermissionAddCodeDescription": null,
        "subtitle": null,
        "meetingTimes": [
          {
            "campusLocation": "1",
            "baClassHours": null,
            "roomNumber": "114",
            "pmCode": "A",
            "campusAbbrev": "CAC",
            "campusName": "COLLEGE AVENUE",
            "meetingDay": "W",
            "buildingCode": "SC",
            "startTime": "0830",
            "endTime": "1130",
            "meetingModeDesc": "LEC",
            "meetingModeCode": "02"
          }
        ],
        "legendKey": null,
        "honorPrograms": []
      }
    ],
    "supplementCode": "  ",
    "credits": 3,
    "unitNotes": "For Special Permission -- http://bloustein.rutgers.edu/courses/special-permission-numbers/\r\n",
    "coreCodes": [],
    "courseNotes": null,
    "expandedTitle": "US HOUSING POLICY                                                               "
  },
  {
    "subjectNotes": null,
    "courseNumber": "314",
    "subject": "971",
    "campusCode": "NB",
    "openSections": 1,
    "synopsisUrl": "https://bloustein.rutgers.edu/undergraduate/urbanplanninganddesign/",
    "subjectGroupNotes": null,
    "offeringUnitCode": "10",
    "offeringUnitTitle": null,
    "title": "GRAPH COMMU PLANNER",
    "courseDescription": null,
    "preReqNotes": null,
    "sections": [
      {
        "sectionEligibility": null,
        "sessionDatePrintIndicator": "N",
        "examCode": "C",
        "specialPermissionAddCode": null,
        "crossListedSections": [],
        "sectionNotes": null,
        "specialPermissionDropCode": null,
        "instructors": [
          {
            "name": "GROSSMAN"
          }
        ],
        "number": "01",
        "majors": [],
        "sessionDates": null,
        "specialPermissionDropCodeDescription": null,
        "subtopic": null,
        "openStatus": false,
        "comments": [],
        "minors": [],
        "campusCode": "NB",
        "index": "11515",
        "unitMajors": [],
        "printed": "Y",
        "specialPermissionAddCodeDescription": null,
        "subtitle": null,
        "meetingTimes": [
          {
            "campusLocation": "5",
            "baClassHours": null,
            "roomNumber": "372A",
            "pmCode": "P",
            "campusAbbrev": "DNB",
            "campusName": "DOWNTOWN NB",
            "meetingDay": "W",
            "buildingCode": "CSB",
            "startTime": "0540",
            "endTime": "0840",
            "meetingModeDesc": "LAB",
            "meetingModeCode": "05"
          }
        ],
        "legendKey": null,
        "honorPrograms": []
      },
      {
        "sectionEligibility": null,
        "sessionDatePrintIndicator": "Y",
        "examCode": "C",
        "specialPermissionAddCode": null,
        "crossListedSections": [],
        "sectionNotes": null,
        "specialPermissionDropCode": null,
        "instructors": [
          {
            "name": "AYALA, JUAN"
          }
        ],
        "number": "02",
        "majors": [],
        "sessionDates": null,
        "specialPermissionDropCodeDescription": null,
        "subtopic": null,
        "openStatus": true,
        "comments": [],
        "minors": [],
        "campusCode": "NB",
        "index": "18668",
        "unitMajors": [],
        "printed": "Y",
        "specialPermissionAddCodeDescription": null,
        "subtitle": null,
        "meetingTimes": [
          {
            "campusLocation": "5",
            "baClassHours": null,
            "roomNumber": "372A",
            "pmCode": "A",
            "campusAbbrev": "DNB",
            "campusName": "DOWNTOWN NB",
            "meetingDay": "F",
            "buildingCode": "CSB",
            "startTime": "0830",
            "endTime": "1130",
            "meetingModeDesc": "LAB",
            "meetingModeCode": "05"
          }
        ],
        "legendKey": null,
        "honorPrograms": []
      }
    ],
    "supplementCode": "  ",
    "credits": 3,
    "unitNotes": "For Special Permission -- http://bloustein.rutgers.edu/courses/special-permission-numbers/\r\n",
    "coreCodes": [],
    "courseNotes": null,
    "expandedTitle": "GRAPHIC COMMUNICATION FOR PLANNERS                                              "
  },
  {
    "subjectNotes": null,
    "courseNumber": "315",
    "subject": "971",
    "campusCode": "NB",
    "openSections": 1,
    "synopsisUrl": "https://bloustein.rutgers.edu/undergraduate/urbanplanninganddesign/",
    "subjectGroupNotes": null,
    "offeringUnitCode": "10",
    "offeringUnitTitle": null,
    "title": "FUND URB PLAN/DSGN",
    "courseDescription": null,
    "preReqNotes": "(10:971:201 )<em> OR </em>(11:550:230 )",
    "sections": [
      {
        "sectionEligibility": null,
        "sessionDatePrintIndicator": "N",
        "examCode": "C",
        "specialPermissionAddCode": null,
        "crossListedSections": [],
        "sectionNotes": "CO- OR PRE-REQ: 10:971:314",
        "specialPermissionDropCode": null,
        "instructors": [
          {
            "name": "MUELLER, ALICE"
          }
        ],
        "number": "01",
        "majors": [],
        "sessionDates": null,
        "specialPermissionDropCodeDescription": null,
        "subtopic": null,
        "openStatus": true,
        "comments": [
          {
            "code": "05",
            "description": "Go to http://canvas.rutgers.edu"
          }
        ],
        "minors": [],
        "campusCode": "NB",
        "index": "11516",
        "unitMajors": [],
        "printed": "Y",
        "specialPermissionAddCodeDescription": null,
        "subtitle": null,
        "meetingTimes": [
          {
            "campusLocation": "5",
            "baClassHours": null,
            "roomNumber": "476",
            "pmCode": "P",
            "campusAbbrev": "DNB",
            "campusName": "DOWNTOWN NB",
            "meetingDay": "W",
            "buildingCode": "CSB",
            "startTime": "0200",
            "endTime": "0500",
            "meetingModeDesc": "LEC",
            "meetingModeCode": "02"
          }
        ],
        "legendKey": null,
        "honorPrograms": []
      }
    ],
    "supplementCode": "  ",
    "credits": 3,
    "unitNotes": "For Special Permission -- http://bloustein.rutgers.edu/courses/special-permission-numbers/\r\n",
    "coreCodes": [],
    "courseNotes": null,
    "expandedTitle": "FUNDAMENTALS OF URBAN PLANNING AND DESIGN                                       "
  },
  {
    "subjectNotes": null,
    "courseNumber": "316",
    "subject": "971",
    "campusCode": "NB",
    "openSections": 1,
    "synopsisUrl": "https://bloustein.rutgers.edu/undergraduate/urbanplanninganddesign/",
    "subjectGroupNotes": null,
    "offeringUnitCode": "10",
    "offeringUnitTitle": null,
    "title": "INTR SITEPLAN/DESIGN",
    "courseDescription": null,
    "preReqNotes": "((10:971:201  or 11:550:230 ) and (10:971:314 ))",
    "sections": [
      {
        "sectionEligibility": null,
        "sessionDatePrintIndicator": "N",
        "examCode": "C",
        "specialPermissionAddCode": null,
        "crossListedSections": [],
        "sectionNotes": "IN ADDITION TO PREREQS,10:971:250 HIGHLY RECOMMENDED",
        "specialPermissionDropCode": null,
        "instructors": [
          {
            "name": "DRAKE, PAUL"
          }
        ],
        "number": "01",
        "majors": [
          {
            "code": "971",
            "isUnitCode": false,
            "isMajorCode": true
          }
        ],
        "sessionDates": null,
        "specialPermissionDropCodeDescription": null,
        "subtopic": null,
        "openStatus": true,
        "comments": [
          {
            "code": "05",
            "description": "Go to http://canvas.rutgers.edu"
          }
        ],
        "minors": [
          {
            "code": "971"
          }
        ],
        "campusCode": "NB",
        "index": "11517",
        "unitMajors": [],
        "printed": "Y",
        "specialPermissionAddCodeDescription": null,
        "subtitle": null,
        "meetingTimes": [
          {
            "campusLocation": "5",
            "baClassHours": null,
            "roomNumber": "476",
            "pmCode": "P",
            "campusAbbrev": "DNB",
            "campusName": "DOWNTOWN NB",
            "meetingDay": "W",
            "buildingCode": "CSB",
            "startTime": "0540",
            "endTime": "0840",
            "meetingModeDesc": "LEC",
            "meetingModeCode": "02"
          }
        ],
        "legendKey": null,
        "honorPrograms": []
      }
    ],
    "supplementCode": "  ",
    "credits": 3,
    "unitNotes": "For Special Permission -- http://bloustein.rutgers.edu/courses/special-permission-numbers/\r\n",
    "coreCodes": [],
    "courseNotes": null,
    "expandedTitle": "INTRODUCTION TO SITE PLANNING AND URBAN DESIGN                                  "
  },
  {
    "subjectNotes": null,
    "courseNumber": "395",
    "subject": "971",
    "campusCode": "NB",
    "openSections": 1,
    "synopsisUrl": "https://bloustein.rutgers.edu/undergraduate/urbanplanninganddesign/",
    "subjectGroupNotes": null,
    "offeringUnitCode": "10",
    "offeringUnitTitle": null,
    "title": "METH PLAN ANALYSIS",
    "courseDescription": null,
    "preReqNotes": "(10:971:201 )<em> OR </em>(11:550:230 )",
    "sections": [
      {
        "sectionEligibility": null,
        "sessionDatePrintIndicator": "N",
        "examCode": "C",
        "specialPermissionAddCode": "03",
        "crossListedSections": [],
        "sectionNotes": null,
        "specialPermissionDropCode": null,
        "instructors": [
          {
            "name": "BAIRD-ZARS"
          }
        ],
        "number": "01",
        "majors": [
          {
            "code": "10",
            "isUnitCode": true,
            "isMajorCode": false
          },
          {
            "code": "971",
            "isUnitCode": false,
            "isMajorCode": true
          }
        ],
        "sessionDates": null,
        "specialPermissionDropCodeDescription": null,
        "subtopic": null,
        "openStatus": true,
        "comments": [
          {
            "code": "05",
            "description": "Go to http://canvas.rutgers.edu"
          }
        ],
        "minors": [
          {
            "code": "971"
          }
        ],
        "campusCode": "NB",
        "index": "11518",
        "unitMajors": [],
        "printed": "Y",
        "specialPermissionAddCodeDescription": "Department staff",
        "subtitle": null,
        "meetingTimes": [
          {
            "campusLocation": "4",
            "baClassHours": null,
            "roomNumber": "023",
            "pmCode": "A",
            "campusAbbrev": "D/C",
            "campusName": "DOUGLAS/COOK",
            "meetingDay": "T",
            "buildingCode": "LOR",
            "startTime": "1020",
            "endTime": "0120",
            "meetingModeDesc": "LEC",
            "meetingModeCode": "02"
          }
        ],
        "legendKey": null,
        "honorPrograms": []
      }
    ],
    "supplementCode": "  ",
    "credits": 3,
    "unitNotes": "For Special Permission -- http://bloustein.rutgers.edu/courses/special-permission-numbers/\r\n",
    "coreCodes": [],
    "courseNotes": null,
    "expandedTitle": "METHODS OF PLANNING ANALYSIS                                                    "
  },
  {
    "subjectNotes": null,
    "courseNumber": "397",
    "subject": "971",
    "campusCode": "NB",
    "openSections": 1,
    "synopsisUrl": "https://bloustein.rutgers.edu/undergraduate/urbanplanninganddesign/",
    "subjectGroupNotes": null,
    "offeringUnitCode": "10",
    "offeringUnitTitle": null,
    "title": "SPECIAL TOPICS",
    "courseDescription": null,
    "preReqNotes": null,
    "sections": [
      {
        "sectionEligibility": "JUNIORS AND SENIORS ",
        "sessionDatePrintIndicator": "Y",
        "examCode": "C",
        "specialPermissionAddCode": null,
        "crossListedSections": [
          {
            "courseNumber": "655",
            "supplementCode": "  ",
            "sectionNumber": "01",
            "offeringUnitCampus": "NB",
            "primaryRegistrationIndex": "19173",
            "offeringUnitCode": "34",
            "registrationIndex": "17356",
            "subjectCode": "970"
          },
          {
            "courseNumber": "397",
            "supplementCode": "  ",
            "sectionNumber": "01",
            "offeringUnitCampus": "NB",
            "primaryRegistrationIndex": "19173",
            "offeringUnitCode": "10",
            "registrationIndex": "19177",
            "subjectCode": "762"
          }
        ],
        "sectionNotes": null,
        "specialPermissionDropCode": null,
        "instructors": [
          {
            "name": "RESTREPO-MIETH"
          }
        ],
        "number": "01",
        "majors": [],
        "sessionDates": null,
        "specialPermissionDropCodeDescription": null,
        "subtopic": null,
        "openStatus": true,
        "comments": [],
        "minors": [],
        "campusCode": "NB",
        "index": "19173",
        "unitMajors": [],
        "printed": "Y",
        "specialPermissionAddCodeDescription": null,
        "subtitle": "GLOBAL ENVIRONMENT                      ",
        "meetingTimes": [
          {
            "campusLocation": "5",
            "baClassHours": null,
            "roomNumber": "261",
            "pmCode": "A",
            "campusAbbrev": "DNB",
            "campusName": "DOWNTOWN NB",
            "meetingDay": "W",
            "buildingCode": "CSB",
            "startTime": "0900",
            "endTime": "1200",
            "meetingModeDesc": "SEM",
            "meetingModeCode": "04"
          }
        ],
        "legendKey": null,
        "honorPrograms": []
      }
    ],
    "supplementCode": "  ",
    "credits": 3,
    "unitNotes": "For Special Permission -- http://bloustein.rutgers.edu/courses/special-permission-numbers/\r\n",
    "coreCodes": [],
    "courseNotes": null,
    "expandedTitle": "SPECIAL TOPICS                                                                  "
  },
  {
    "subjectNotes": null,
    "courseNumber": "400",
    "subject": "971",
    "campusCode": "NB",
    "openSections": 1,
    "synopsisUrl": "https://bloustein.rutgers.edu/undergraduate/urbanplanninganddesign/",
    "subjectGroupNotes": null,
    "offeringUnitCode": "10",
    "offeringUnitTitle": null,
    "title": "INTERNSHIP",
    "courseDescription": null,
    "preReqNotes": null,
    "sections": [
      {
        "sectionEligibility": null,
        "sessionDatePrintIndicator": "N",
        "examCode": "O",
        "specialPermissionAddCode": "03",
        "crossListedSections": [],
        "sectionNotes": null,
        "specialPermissionDropCode": null,
        "instructors": [],
        "number": "01",
        "majors": [
          {
            "code": "971",
            "isUnitCode": false,
            "isMajorCode": true
          }
        ],
        "sessionDates": null,
        "specialPermissionDropCodeDescription": null,
        "subtopic": null,
        "openStatus": true,
        "comments": [],
        "minors": [],
        "campusCode": "NB",
        "index": "11519",
        "unitMajors": [],
        "printed": "Y",
        "specialPermissionAddCodeDescription": "Department staff",
        "subtitle": null,
        "meetingTimes": [
          {
            "campusLocation": null,
            "baClassHours": "B",
            "roomNumber": null,
            "pmCode": null,
            "campusAbbrev": null,
            "campusName": null,
            "meetingDay": null,
            "buildingCode": null,
            "startTime": null,
            "endTime": null,
            "meetingModeDesc": "INTERNSP",
            "meetingModeCode": "15"
          }
        ],
        "legendKey": null,
        "honorPrograms": []
      }
    ],
    "supplementCode": "  ",
    "credits": 3,
    "unitNotes": "For Special Permission -- http://bloustein.rutgers.edu/courses/special-permission-numbers/\r\n",
    "coreCodes": [],
    "courseNotes": null,
    "expandedTitle": null
  },
  {
    "subjectNotes": null,
    "courseNumber": "403",
    "subject": "971",
    "campusCode": "NB",
    "openSections": 1,
    "synopsisUrl": "https://bloustein.rutgers.edu/undergraduate/urbanplanninganddesign/",
    "subjectGroupNotes": null,
    "offeringUnitCode": "10",
    "offeringUnitTitle": null,
    "title": "ADV GRAPHICS & COMM",
    "courseDescription": null,
    "preReqNotes": "((10:971:201  or 11:550:230 ) and (10:971:314 ))",
    "sections": [
      {
        "sectionEligibility": null,
        "sessionDatePrintIndicator": "N",
        "examCode": "C",
        "specialPermissionAddCode": null,
        "crossListedSections": [],
        "sectionNotes": null,
        "specialPermissionDropCode": null,
        "instructors": [
          {
            "name": "AYALA, JUAN"
          }
        ],
        "number": "01",
        "majors": [
          {
            "code": "971",
            "isUnitCode": false,
            "isMajorCode": true
          }
        ],
        "sessionDates": null,
        "specialPermissionDropCodeDescription": null,
        "subtopic": null,
        "openStatus": true,
        "comments": [
          {
            "code": "05",
            "description": "Go to http://canvas.rutgers.edu"
          }
        ],
        "minors": [
          {
            "code": "971"
          }
        ],
        "campusCode": "NB",
        "index": "11520",
        "unitMajors": [],
        "printed": "Y",
        "specialPermissionAddCodeDescription": null,
        "subtitle": null,
        "meetingTimes": [
          {
            "campusLocation": "5",
            "baClassHours": null,
            "roomNumber": "372A",
            "pmCode": "P",
            "campusAbbrev": "DNB",
            "campusName": "DOWNTOWN NB",
            "meetingDay": "TH",
            "buildingCode": "CSB",
            "startTime": "1210",
            "endTime": "0310",
            "meetingModeDesc": "LAB",
            "meetingModeCode": "05"
          }
        ],
        "legendKey": null,
        "honorPrograms": []
      }
    ],
    "supplementCode": "  ",
    "credits": 3,
    "unitNotes": "For Special Permission -- http://bloustein.rutgers.edu/courses/special-permission-numbers/\r\n",
    "coreCodes": [],
    "courseNotes": null,
    "expandedTitle": "ADVANCED GRAPHICS COMMUNICATIONS                                                "
  },
  {
    "subjectNotes": null,
    "courseNumber": "405",
    "subject": "971",
    "campusCode": "NB",
    "openSections": 1,
    "synopsisUrl": "https://bloustein.rutgers.edu/undergraduate/urbanplanninganddesign/",
    "subjectGroupNotes": null,
    "offeringUnitCode": "10",
    "offeringUnitTitle": null,
    "title": "PLAN & DES STUDIO II",
    "courseDescription": null,
    "preReqNotes": "(10:971:404 )",
    "sections": [
      {
        "sectionEligibility": "SENIORS ONLY ",
        "sessionDatePrintIndicator": "N",
        "examCode": "C",
        "specialPermissionAddCode": "03",
        "crossListedSections": [],
        "sectionNotes": null,
        "specialPermissionDropCode": null,
        "instructors": [
          {
            "name": "MUELLER, ALICE"
          }
        ],
        "number": "01",
        "majors": [
          {
            "code": "10",
            "isUnitCode": true,
            "isMajorCode": false
          },
          {
            "code": "971",
            "isUnitCode": false,
            "isMajorCode": true
          }
        ],
        "sessionDates": null,
        "specialPermissionDropCodeDescription": null,
        "subtopic": null,
        "openStatus": true,
        "comments": [
          {
            "code": "05",
            "description": "Go to http://canvas.rutgers.edu"
          }
        ],
        "minors": [],
        "campusCode": "NB",
        "index": "11521",
        "unitMajors": [],
        "printed": "Y",
        "specialPermissionAddCodeDescription": "Department staff",
        "subtitle": null,
        "meetingTimes": [
          {
            "campusLocation": "5",
            "baClassHours": null,
            "roomNumber": "476",
            "pmCode": "A",
            "campusAbbrev": "DNB",
            "campusName": "DOWNTOWN NB",
            "meetingDay": "W",
            "buildingCode": "CSB",
            "startTime": "1020",
            "endTime": "0120",
            "meetingModeDesc": "STUDIO",
            "meetingModeCode": "07"
          }
        ],
        "legendKey": null,
        "honorPrograms": []
      }
    ],
    "supplementCode": "  ",
    "credits": 3,
    "unitNotes": "For Special Permission -- http://bloustein.rutgers.edu/courses/special-permission-numbers/\r\n",
    "coreCodes": [],
    "courseNotes": null,
    "expandedTitle": "PLANNING AND DESIGN STUDIO II                                                   "
  },
  {
    "subjectNotes": null,
    "courseNumber": "448",
    "subject": "971",
    "campusCode": "NB",
    "openSections": 1,
    "synopsisUrl": "https://bloustein.rutgers.edu/undergraduate/urbanplanninganddesign/",
    "subjectGroupNotes": null,
    "offeringUnitCode": "10",
    "offeringUnitTitle": null,
    "title": "HISTORIC PRESERVATN",
    "courseDescription": null,
    "preReqNotes": null,
    "sections": [
      {
        "sectionEligibility": null,
        "sessionDatePrintIndicator": "Y",
        "examCode": "C",
        "specialPermissionAddCode": null,
        "crossListedSections": [
          {
            "courseNumber": "448",
            "supplementCode": "  ",
            "sectionNumber": "01",
            "offeringUnitCampus": "NB",
            "primaryRegistrationIndex": "19174",
            "offeringUnitCode": "10",
            "registrationIndex": "11386",
            "subjectCode": "762"
          },
          {
            "courseNumber": "521",
            "supplementCode": "  ",
            "sectionNumber": "01",
            "offeringUnitCampus": "NB",
            "primaryRegistrationIndex": "19174",
            "offeringUnitCode": "34",
            "registrationIndex": "11387",
            "subjectCode": "970"
          }
        ],
        "sectionNotes": null,
        "specialPermissionDropCode": null,
        "instructors": [
          {
            "name": "LISTOKIN, DAVID"
          }
        ],
        "number": "01",
        "majors": [],
        "sessionDates": null,
        "specialPermissionDropCodeDescription": null,
        "subtopic": null,
        "openStatus": true,
        "comments": [],
        "minors": [],
        "campusCode": "NB",
        "index": "19174",
        "unitMajors": [],
        "printed": "Y",
        "specialPermissionAddCodeDescription": null,
        "subtitle": null,
        "meetingTimes": [
          {
            "campusLocation": "5",
            "baClassHours": null,
            "roomNumber": "261",
            "pmCode": "P",
            "campusAbbrev": "DNB",
            "campusName": "DOWNTOWN NB",
            "meetingDay": "W",
            "buildingCode": "CSB",
            "startTime": "0600",
            "endTime": "0900",
            "meetingModeDesc": "LEC",
            "meetingModeCode": "02"
          }
        ],
        "legendKey": null,
        "honorPrograms": []
      }
    ],
    "supplementCode": "  ",
    "credits": 3,
    "unitNotes": "For Special Permission -- http://bloustein.rutgers.edu/courses/special-permission-numbers/\r\n",
    "coreCodes": [],
    "courseNotes": null,
    "expandedTitle": "HISTORIC PRESERVATION                                                           "
  },
  {
    "subjectNotes": null,
    "courseNumber": "463",
    "subject": "971",
    "campusCode": "NB",
    "openSections": 0,
    "synopsisUrl": "https://bloustein.rutgers.edu/undergraduate/urbanplanninganddesign/",
    "subjectGroupNotes": null,
    "offeringUnitCode": "10",
    "offeringUnitTitle": null,
    "title": "ENVIRON LAW & POLICY",
    "courseDescription": null,
    "preReqNotes": null,
    "sections": [
      {
        "sectionEligibility": "ALL EXCEPT 1ST YEAR ",
        "sessionDatePrintIndicator": "N",
        "examCode": "A",
        "specialPermissionAddCode": null,
        "crossListedSections": [
          {
            "courseNumber": "523",
            "supplementCode": "  ",
            "sectionNumber": "01",
            "offeringUnitCampus": "NB",
            "primaryRegistrationIndex": "11522",
            "offeringUnitCode": "34",
            "registrationIndex": "11523",
            "subjectCode": "970"
          }
        ],
        "sectionNotes": null,
        "specialPermissionDropCode": null,
        "instructors": [
          {
            "name": "GREENHOUSE"
          }
        ],
        "number": "01",
        "majors": [],
        "sessionDates": null,
        "specialPermissionDropCodeDescription": null,
        "subtopic": null,
        "openStatus": false,
        "comments": [
          {
            "code": "05",
            "description": "Go to http://canvas.rutgers.edu"
          }
        ],
        "minors": [],
        "campusCode": "NB",
        "index": "11522",
        "unitMajors": [],
        "printed": "Y",
        "specialPermissionAddCodeDescription": null,
        "subtitle": null,
        "meetingTimes": [
          {
            "campusLocation": "5",
            "baClassHours": null,
            "roomNumber": "113",
            "pmCode": "P",
            "campusAbbrev": "DNB",
            "campusName": "DOWNTOWN NB",
            "meetingDay": "T",
            "buildingCode": "CSB",
            "startTime": "0540",
            "endTime": "0840",
            "meetingModeDesc": "LEC",
            "meetingModeCode": "02"
          }
        ],
        "legendKey": null,
        "honorPrograms": []
      }
    ],
    "supplementCode": "  ",
    "credits": 3,
    "unitNotes": "For Special Permission -- http://bloustein.rutgers.edu/courses/special-permission-numbers/\r\n",
    "coreCodes": [],
    "courseNotes": null,
    "expandedTitle": "ENVIRONMENTAL LAW & POLICY"
  },
  {
    "subjectNotes": null,
    "courseNumber": "472",
    "subject": "971",
    "campusCode": "NB",
    "openSections": 0,
    "synopsisUrl": "https://bloustein.rutgers.edu/undergraduate/urbanplanninganddesign/",
    "subjectGroupNotes": null,
    "offeringUnitCode": "10",
    "offeringUnitTitle": null,
    "title": "TRANSPORTATION PLAN",
    "courseDescription": null,
    "preReqNotes": null,
    "sections": [
      {
        "sectionEligibility": "JUNIORS AND SENIORS ",
        "sessionDatePrintIndicator": "N",
        "examCode": "A",
        "specialPermissionAddCode": null,
        "crossListedSections": [
          {
            "courseNumber": "550",
            "supplementCode": "  ",
            "sectionNumber": "90",
            "offeringUnitCampus": "NB",
            "primaryRegistrationIndex": "11524",
            "offeringUnitCode": "34",
            "registrationIndex": "11525",
            "subjectCode": "970"
          }
        ],
        "sectionNotes": null,
        "specialPermissionDropCode": null,
        "instructors": [
          {
            "name": "RALPH, KELCIE"
          }
        ],
        "number": "90",
        "majors": [],
        "sessionDates": null,
        "specialPermissionDropCodeDescription": null,
        "subtopic": null,
        "openStatus": false,
        "comments": [
          {
            "code": "56",
            "description": "Online Course"
          },
          {
            "code": "05",
            "description": "Go to http://canvas.rutgers.edu"
          }
        ],
        "minors": [],
        "campusCode": "NB",
        "index": "11524",
        "unitMajors": [],
        "printed": "Y",
        "specialPermissionAddCodeDescription": null,
        "subtitle": null,
        "meetingTimes": [
          {
            "campusLocation": "O",
            "baClassHours": null,
            "roomNumber": null,
            "pmCode": "P",
            "campusAbbrev": "**",
            "campusName": "** INVALID **",
            "meetingDay": "TH",
            "buildingCode": null,
            "startTime": "0540",
            "endTime": "0840",
            "meetingModeDesc": "LEC",
            "meetingModeCode": "02"
          }
        ],
        "legendKey": null,
        "honorPrograms": []
      }
    ],
    "supplementCode": "  ",
    "credits": 3,
    "unitNotes": "For Special Permission -- http://bloustein.rutgers.edu/courses/special-permission-numbers/\r\n",
    "coreCodes": [],
    "courseNotes": null,
    "expandedTitle": "TRANSPORTATION PLANNING                                                         "
  },
  {
    "subjectNotes": null,
    "courseNumber": "486",
    "subject": "971",
    "campusCode": "NB",
    "openSections": 1,
    "synopsisUrl": "https://bloustein.rutgers.edu/undergraduate/urbanplanninganddesign/",
    "subjectGroupNotes": null,
    "offeringUnitCode": "10",
    "offeringUnitTitle": null,
    "title": "INDEPENDENT STUDY",
    "courseDescription": null,
    "preReqNotes": null,
    "sections": [
      {
        "sectionEligibility": null,
        "sessionDatePrintIndicator": "N",
        "examCode": "A",
        "specialPermissionAddCode": "03",
        "crossListedSections": [],
        "sectionNotes": null,
        "specialPermissionDropCode": null,
        "instructors": [],
        "number": "01",
        "majors": [],
        "sessionDates": null,
        "specialPermissionDropCodeDescription": null,
        "subtopic": null,
        "openStatus": true,
        "comments": [],
        "minors": [],
        "campusCode": "NB",
        "index": "11526",
        "unitMajors": [],
        "printed": "Y",
        "specialPermissionAddCodeDescription": "Department staff",
        "subtitle": null,
        "meetingTimes": [
          {
            "campusLocation": null,
            "baClassHours": "B",
            "roomNumber": null,
            "pmCode": null,
            "campusAbbrev": null,
            "campusName": null,
            "meetingDay": null,
            "buildingCode": null,
            "startTime": null,
            "endTime": null,
            "meetingModeDesc": "PROJ-IND",
            "meetingModeCode": "19"
          }
        ],
        "legendKey": null,
        "honorPrograms": []
      }
    ],
    "supplementCode": "  ",
    "credits": null,
    "unitNotes": "For Special Permission -- http://bloustein.rutgers.edu/courses/special-permission-numbers/\r\n",
    "coreCodes": [],
    "courseNotes": null,
    "expandedTitle": null
  },
  {
    "subjectNotes": null,
    "courseNumber": "498",
    "subject": "971",
    "campusCode": "NB",
    "openSections": 1,
    "synopsisUrl": "https://bloustein.rutgers.edu/undergraduate/urbanplanninganddesign/",
    "subjectGroupNotes": null,
    "offeringUnitCode": "10",
    "offeringUnitTitle": null,
    "title": "BLOUSTEIN HNR RES",
    "courseDescription": null,
    "preReqNotes": null,
    "sections": [
      {
        "sectionEligibility": null,
        "sessionDatePrintIndicator": "N",
        "examCode": "A",
        "specialPermissionAddCode": "03",
        "crossListedSections": [],
        "sectionNotes": null,
        "specialPermissionDropCode": null,
        "instructors": [],
        "number": "01",
        "majors": [
          {
            "code": "971",
            "isUnitCode": false,
            "isMajorCode": true
          },
          {
            "code": "10",
            "isUnitCode": true,
            "isMajorCode": false
          }
        ],
        "sessionDates": null,
        "specialPermissionDropCodeDescription": null,
        "subtopic": null,
        "openStatus": true,
        "comments": [],
        "minors": [],
        "campusCode": "NB",
        "index": "11527",
        "unitMajors": [],
        "printed": "Y",
        "specialPermissionAddCodeDescription": "Department staff",
        "subtitle": null,
        "meetingTimes": [
          {
            "campusLocation": null,
            "baClassHours": "B",
            "roomNumber": null,
            "pmCode": null,
            "campusAbbrev": null,
            "campusName": null,
            "meetingDay": null,
            "buildingCode": null,
            "startTime": null,
            "endTime": null,
            "meetingModeDesc": "HONORS",
            "meetingModeCode": "21"
          }
        ],
        "legendKey": null,
        "honorPrograms": []
      }
    ],
    "supplementCode": "  ",
    "credits": 3,
    "unitNotes": "For Special Permission -- http://bloustein.rutgers.edu/courses/special-permission-numbers/\r\n",
    "coreCodes": [],
    "courseNotes": null,
    "expandedTitle": "BLOUSTEIN HONORS RESEARCH IN URBAN PLANNING AND DESIGN"
  }
]